<?xml version="1.0" encoding="UTF-8"?><gpx xmlns="http://www.topografix.com/GPX/1/1" xmlns:xsi="http://www.w3.org/2001/XMLSchema-instance" xmlns:gpxtpx="http://www.garmin.com/xmlschemas/TrackPointExtension/v1" xmlns:gpxx="http://www.garmin.com/xmlschemas/GpxExtensions/v3" creator="StravaGPX" version="1.1" xsi:schemaLocation="http://www.topografix.com/GPX/1/1 http://www.topografix.com/GPX/1/1/gpx.xsd http://www.garmin.com/xmlschemas/GpxExtensions/v3 http://www.garmin.com/xmlschemas/GpxExtensionsv3.xsd http://www.garmin.com/xmlschemas/TrackPointExtension/v1 http://www.garmin.com/xmlschemas/TrackPointExtensionv1.xsd">
<metadata><time>2026-09-19T03:54:05Z</time></metadata>
<trk><name>BRM919群馬1000 day1</name><type>cycling</type><trkseg>
<trkpt lat="36.440439" lon="139.035698"><ele>134.2</ele><time>2026-09-19T03:54:05Z</time></trkpt>
<trkpt lat="36.440967" lon="139.035462"><ele>134.0</ele><time>2026-09-19T03:54:25Z</time></trkpt>
<trkpt lat="36.442042" lon="139.035734"><ele>136.0</ele><time>2026-09-19T03:54:50Z</time></trkpt>
<trkpt lat="36.443260" lon="139.035612"><ele>138.2</ele><time>2026-09-19T03:55:15Z</time></trkpt>
<trkpt lat="36.444679" lon="139.035801"><ele>139.4</ele><time>2026-09-19T03:55:42Z</time></trkpt>
<trkpt lat="36.446323" lon="139.035679"><ele>141.2</ele><time>2026-09-19T03:56:14Z</time></trkpt>
<trkpt lat="36.447845" lon="139.035017"><ele>142.2</ele><time>2026-09-19T03:56:43Z</time></trkpt>
<trkpt lat="36.448328" lon="139.035151"><ele>143.0</ele><time>2026-09-19T03:56:54Z</time></trkpt>
<trkpt lat="36.449411" lon="139.034739"><ele>142.8</ele><time>2026-09-19T03:57:14Z</time></trkpt>
<trkpt lat="36.451048" lon="139.035669"><ele>139.2</ele><time>2026-09-19T03:57:40Z</time></trkpt>
<trkpt lat="36.452102" lon="139.035623"><ele>141.4</ele><time>2026-09-19T03:57:58Z</time></trkpt>
<trkpt lat="36.454083" lon="139.035096"><ele>143.0</ele><time>2026-09-19T03:58:32Z</time></trkpt>
<trkpt lat="36.456514" lon="139.033425"><ele>144.8</ele><time>2026-09-19T03:59:18Z</time></trkpt>
<trkpt lat="36.457495" lon="139.033029"><ele>145.8</ele><time>2026-09-19T03:59:36Z</time></trkpt>
<trkpt lat="36.458166" lon="139.032494"><ele>148.8</ele><time>2026-09-19T03:59:52Z</time></trkpt>
<trkpt lat="36.459746" lon="139.032610"><ele>148.0</ele><time>2026-09-19T04:00:18Z</time></trkpt>
<trkpt lat="36.460493" lon="139.032868"><ele>148.0</ele><time>2026-09-19T04:00:30Z</time></trkpt>
<trkpt lat="36.461038" lon="139.033459"><ele>148.4</ele><time>2026-09-19T04:00:41Z</time></trkpt>
<trkpt lat="36.461806" lon="139.033503"><ele>148.4</ele><time>2026-09-19T04:00:52Z</time></trkpt>
<trkpt lat="36.462550" lon="139.034548"><ele>148.6</ele><time>2026-09-19T04:01:09Z</time></trkpt>
<trkpt lat="36.463809" lon="139.034846"><ele>149.6</ele><time>2026-09-19T04:01:42Z</time></trkpt>
<trkpt lat="36.464447" lon="139.034831"><ele>150.8</ele><time>2026-09-19T04:01:54Z</time></trkpt>
<trkpt lat="36.466658" lon="139.033525"><ele>152.4</ele><time>2026-09-19T04:02:41Z</time></trkpt>
<trkpt lat="36.469402" lon="139.030877"><ele>155.8</ele><time>2026-09-19T04:03:42Z</time></trkpt>
<trkpt lat="36.472666" lon="139.028504"><ele>157.6</ele><time>2026-09-19T04:04:44Z</time></trkpt>
<trkpt lat="36.475851" lon="139.025026"><ele>159.0</ele><time>2026-09-19T04:05:53Z</time></trkpt>
<trkpt lat="36.478414" lon="139.022629"><ele>161.0</ele><time>2026-09-19T04:06:46Z</time></trkpt>
<trkpt lat="36.479473" lon="139.021330"><ele>161.2</ele><time>2026-09-19T04:07:12Z</time></trkpt>
<trkpt lat="36.479853" lon="139.021216"><ele>159.2</ele><time>2026-09-19T04:07:18Z</time></trkpt>
<trkpt lat="36.480230" lon="139.021554"><ele>158.6</ele><time>2026-09-19T04:07:27Z</time></trkpt>
<trkpt lat="36.481704" lon="139.020579"><ele>164.0</ele><time>2026-09-19T04:08:04Z</time></trkpt>
<trkpt lat="36.483279" lon="139.018720"><ele>166.0</ele><time>2026-09-19T04:08:44Z</time></trkpt>
<trkpt lat="36.485209" lon="139.017191"><ele>166.8</ele><time>2026-09-19T04:09:26Z</time></trkpt>
<trkpt lat="36.488012" lon="139.015784"><ele>168.6</ele><time>2026-09-19T04:10:17Z</time></trkpt>
<trkpt lat="36.488707" lon="139.015533"><ele>167.6</ele><time>2026-09-19T04:10:29Z</time></trkpt>
<trkpt lat="36.489183" lon="139.015617"><ele>166.0</ele><time>2026-09-19T04:10:36Z</time></trkpt>
<trkpt lat="36.491429" lon="139.014574"><ele>169.0</ele><time>2026-09-19T04:11:16Z</time></trkpt>
<trkpt lat="36.494020" lon="139.014446"><ele>172.4</ele><time>2026-09-19T04:12:02Z</time></trkpt>
<trkpt lat="36.496708" lon="139.014591"><ele>175.0</ele><time>2026-09-19T04:12:52Z</time></trkpt>
<trkpt lat="36.496635" lon="139.013910"><ele>174.8</ele><time>2026-09-19T04:13:04Z</time></trkpt>
<trkpt lat="36.496292" lon="139.013318"><ele>174.4</ele><time>2026-09-19T04:13:38Z</time></trkpt>
<trkpt lat="36.496487" lon="139.013226"><ele>174.4</ele><time>2026-09-19T04:13:51Z</time></trkpt>
<trkpt lat="36.496409" lon="139.012954"><ele>174.4</ele><time>2026-09-19T04:15:21Z</time></trkpt>
<trkpt lat="36.498387" lon="139.011884"><ele>176.6</ele><time>2026-09-19T04:16:34Z</time></trkpt>
<trkpt lat="36.499696" lon="139.011639"><ele>179.2</ele><time>2026-09-19T04:16:56Z</time></trkpt>
<trkpt lat="36.501186" lon="139.012067"><ele>184.0</ele><time>2026-09-19T04:17:21Z</time></trkpt>
<trkpt lat="36.503239" lon="139.013671"><ele>185.2</ele><time>2026-09-19T04:17:56Z</time></trkpt>
<trkpt lat="36.504161" lon="139.014131"><ele>185.8</ele><time>2026-09-19T04:18:10Z</time></trkpt>
<trkpt lat="36.514524" lon="139.016824"><ele>199.2</ele><time>2026-09-19T04:21:42Z</time></trkpt>
<trkpt lat="36.519455" lon="139.020154"><ele>205.6</ele><time>2026-09-19T04:23:47Z</time></trkpt>
<trkpt lat="36.520667" lon="139.020654"><ele>211.0</ele><time>2026-09-19T04:24:14Z</time></trkpt>
<trkpt lat="36.521472" lon="139.020692"><ele>214.4</ele><time>2026-09-19T04:24:32Z</time></trkpt>
<trkpt lat="36.522249" lon="139.020510"><ele>218.0</ele><time>2026-09-19T04:24:50Z</time></trkpt>
<trkpt lat="36.527086" lon="139.018249"><ele>236.4</ele><time>2026-09-19T04:27:27Z</time></trkpt>
<trkpt lat="36.527991" lon="139.018119"><ele>238.4</ele><time>2026-09-19T04:27:44Z</time></trkpt>
<trkpt lat="36.528877" lon="139.018267"><ele>238.8</ele><time>2026-09-19T04:27:58Z</time></trkpt>
<trkpt lat="36.533291" lon="139.020384"><ele>240.8</ele><time>2026-09-19T04:29:06Z</time></trkpt>
<trkpt lat="36.536335" lon="139.022248"><ele>246.4</ele><time>2026-09-19T04:30:00Z</time></trkpt>
<trkpt lat="36.539285" lon="139.023273"><ele>249.2</ele><time>2026-09-19T04:30:49Z</time></trkpt>
<trkpt lat="36.540761" lon="139.024211"><ele>246.6</ele><time>2026-09-19T04:31:08Z</time></trkpt>
<trkpt lat="36.542075" lon="139.024706"><ele>245.6</ele><time>2026-09-19T04:31:23Z</time></trkpt>
<trkpt lat="36.543995" lon="139.026050"><ele>245.4</ele><time>2026-09-19T04:31:48Z</time></trkpt>
<trkpt lat="36.544823" lon="139.027432"><ele>245.2</ele><time>2026-09-19T04:32:04Z</time></trkpt>
<trkpt lat="36.545313" lon="139.027860"><ele>244.4</ele><time>2026-09-19T04:32:11Z</time></trkpt>
<trkpt lat="36.545835" lon="139.027993"><ele>243.4</ele><time>2026-09-19T04:32:17Z</time></trkpt>
<trkpt lat="36.547135" lon="139.027911"><ele>239.4</ele><time>2026-09-19T04:32:32Z</time></trkpt>
<trkpt lat="36.549271" lon="139.028250"><ele>239.0</ele><time>2026-09-19T04:33:16Z</time></trkpt>
<trkpt lat="36.550347" lon="139.028726"><ele>242.2</ele><time>2026-09-19T04:33:38Z</time></trkpt>
<trkpt lat="36.551632" lon="139.029024"><ele>245.0</ele><time>2026-09-19T04:34:02Z</time></trkpt>
<trkpt lat="36.552317" lon="139.029553"><ele>246.2</ele><time>2026-09-19T04:34:16Z</time></trkpt>
<trkpt lat="36.553627" lon="139.031129"><ele>252.2</ele><time>2026-09-19T04:35:12Z</time></trkpt>
<trkpt lat="36.554087" lon="139.031930"><ele>256.4</ele><time>2026-09-19T04:35:32Z</time></trkpt>
<trkpt lat="36.555827" lon="139.033297"><ele>264.2</ele><time>2026-09-19T04:36:21Z</time></trkpt>
<trkpt lat="36.556628" lon="139.034413"><ele>265.8</ele><time>2026-09-19T04:36:43Z</time></trkpt>
<trkpt lat="36.557738" lon="139.035447"><ele>272.8</ele><time>2026-09-19T04:37:18Z</time></trkpt>
<trkpt lat="36.558267" lon="139.036558"><ele>278.6</ele><time>2026-09-19T04:37:48Z</time></trkpt>
<trkpt lat="36.559062" lon="139.037330"><ele>282.2</ele><time>2026-09-19T04:38:13Z</time></trkpt>
<trkpt lat="36.560927" lon="139.037707"><ele>286.0</ele><time>2026-09-19T04:38:53Z</time></trkpt>
<trkpt lat="36.563149" lon="139.037864"><ele>295.4</ele><time>2026-09-19T04:39:45Z</time></trkpt>
<trkpt lat="36.564817" lon="139.037549"><ele>293.2</ele><time>2026-09-19T04:40:10Z</time></trkpt>
<trkpt lat="36.567130" lon="139.037716"><ele>292.6</ele><time>2026-09-19T04:40:42Z</time></trkpt>
<trkpt lat="36.568330" lon="139.038238"><ele>291.4</ele><time>2026-09-19T04:40:58Z</time></trkpt>
<trkpt lat="36.570002" lon="139.039540"><ele>291.4</ele><time>2026-09-19T04:41:24Z</time></trkpt>
<trkpt lat="36.570932" lon="139.040714"><ele>291.8</ele><time>2026-09-19T04:41:40Z</time></trkpt>
<trkpt lat="36.571924" lon="139.041607"><ele>291.8</ele><time>2026-09-19T04:41:55Z</time></trkpt>
<trkpt lat="36.572545" lon="139.043968"><ele>291.8</ele><time>2026-09-19T04:42:20Z</time></trkpt>
<trkpt lat="36.573431" lon="139.045125"><ele>292.0</ele><time>2026-09-19T04:42:37Z</time></trkpt>
<trkpt lat="36.573474" lon="139.045849"><ele>291.8</ele><time>2026-09-19T04:42:45Z</time></trkpt>
<trkpt lat="36.572859" lon="139.047767"><ele>294.2</ele><time>2026-09-19T04:43:10Z</time></trkpt>
<trkpt lat="36.572964" lon="139.048969"><ele>295.4</ele><time>2026-09-19T04:43:25Z</time></trkpt>
<trkpt lat="36.573490" lon="139.049775"><ele>297.0</ele><time>2026-09-19T04:43:39Z</time></trkpt>
<trkpt lat="36.573908" lon="139.049867"><ele>298.6</ele><time>2026-09-19T04:43:47Z</time></trkpt>
<trkpt lat="36.574918" lon="139.049649"><ele>300.4</ele><time>2026-09-19T04:44:06Z</time></trkpt>
<trkpt lat="36.576602" lon="139.048972"><ele>296.6</ele><time>2026-09-19T04:44:29Z</time></trkpt>
<trkpt lat="36.578130" lon="139.048566"><ele>289.8</ele><time>2026-09-19T04:44:44Z</time></trkpt>
<trkpt lat="36.579493" lon="139.048693"><ele>285.6</ele><time>2026-09-19T04:44:56Z</time></trkpt>
<trkpt lat="36.580918" lon="139.049125"><ele>277.0</ele><time>2026-09-19T04:45:09Z</time></trkpt>
<trkpt lat="36.583178" lon="139.049339"><ele>267.8</ele><time>2026-09-19T04:45:29Z</time></trkpt>
<trkpt lat="36.583912" lon="139.049734"><ele>267.2</ele><time>2026-09-19T04:45:38Z</time></trkpt>
<trkpt lat="36.585280" lon="139.050052"><ele>268.0</ele><time>2026-09-19T04:45:52Z</time></trkpt>
<trkpt lat="36.585612" lon="139.050444"><ele>268.0</ele><time>2026-09-19T04:45:58Z</time></trkpt>
<trkpt lat="36.585951" lon="139.051211"><ele>268.0</ele><time>2026-09-19T04:46:08Z</time></trkpt>
<trkpt lat="36.586419" lon="139.052917"><ele>271.6</ele><time>2026-09-19T04:46:34Z</time></trkpt>
<trkpt lat="36.586436" lon="139.053397"><ele>273.6</ele><time>2026-09-19T04:46:44Z</time></trkpt>
<trkpt lat="36.586255" lon="139.054227"><ele>277.2</ele><time>2026-09-19T04:47:02Z</time></trkpt>
<trkpt lat="36.585946" lon="139.054671"><ele>280.6</ele><time>2026-09-19T04:47:17Z</time></trkpt>
<trkpt lat="36.584973" lon="139.055136"><ele>285.6</ele><time>2026-09-19T04:47:48Z</time></trkpt>
<trkpt lat="36.584694" lon="139.055475"><ele>286.8</ele><time>2026-09-19T04:47:58Z</time></trkpt>
<trkpt lat="36.584675" lon="139.056089"><ele>287.2</ele><time>2026-09-19T04:48:08Z</time></trkpt>
<trkpt lat="36.585086" lon="139.056538"><ele>287.0</ele><time>2026-09-19T04:48:18Z</time></trkpt>
<trkpt lat="36.585494" lon="139.056471"><ele>286.6</ele><time>2026-09-19T04:48:24Z</time></trkpt>
<trkpt lat="36.586822" lon="139.055652"><ele>286.0</ele><time>2026-09-19T04:48:44Z</time></trkpt>
<trkpt lat="36.588403" lon="139.054384"><ele>287.0</ele><time>2026-09-19T04:49:12Z</time></trkpt>
<trkpt lat="36.589116" lon="139.053567"><ele>284.8</ele><time>2026-09-19T04:49:23Z</time></trkpt>
<trkpt lat="36.590380" lon="139.051310"><ele>281.2</ele><time>2026-09-19T04:49:47Z</time></trkpt>
<trkpt lat="36.592763" lon="139.049213"><ele>281.0</ele><time>2026-09-19T04:50:21Z</time></trkpt>
<trkpt lat="36.593380" lon="139.049003"><ele>281.0</ele><time>2026-09-19T04:50:29Z</time></trkpt>
<trkpt lat="36.594331" lon="139.049010"><ele>280.4</ele><time>2026-09-19T04:50:40Z</time></trkpt>
<trkpt lat="36.596753" lon="139.049628"><ele>280.2</ele><time>2026-09-19T04:51:10Z</time></trkpt>
<trkpt lat="36.601215" lon="139.048927"><ele>284.2</ele><time>2026-09-19T04:52:17Z</time></trkpt>
<trkpt lat="36.605565" lon="139.045440"><ele>287.8</ele><time>2026-09-19T04:54:20Z</time></trkpt>
<trkpt lat="36.607051" lon="139.044636"><ele>290.6</ele><time>2026-09-19T04:54:44Z</time></trkpt>
<trkpt lat="36.608742" lon="139.042621"><ele>293.4</ele><time>2026-09-19T04:55:20Z</time></trkpt>
<trkpt lat="36.610061" lon="139.041822"><ele>292.0</ele><time>2026-09-19T04:55:38Z</time></trkpt>
<trkpt lat="36.611657" lon="139.041521"><ele>294.0</ele><time>2026-09-19T04:56:15Z</time></trkpt>
<trkpt lat="36.615992" lon="139.042070"><ele>297.4</ele><time>2026-09-19T04:57:22Z</time></trkpt>
<trkpt lat="36.617037" lon="139.041794"><ele>297.8</ele><time>2026-09-19T04:57:38Z</time></trkpt>
<trkpt lat="36.618337" lon="139.041058"><ele>300.2</ele><time>2026-09-19T04:58:08Z</time></trkpt>
<trkpt lat="36.620380" lon="139.040572"><ele>299.8</ele><time>2026-09-19T04:58:45Z</time></trkpt>
<trkpt lat="36.621451" lon="139.039657"><ele>302.4</ele><time>2026-09-19T04:59:07Z</time></trkpt>
<trkpt lat="36.623631" lon="139.035814"><ele>303.0</ele><time>2026-09-19T05:00:00Z</time></trkpt>
<trkpt lat="36.624698" lon="139.035130"><ele>305.0</ele><time>2026-09-19T05:00:19Z</time></trkpt>
<trkpt lat="36.625451" lon="139.035044"><ele>305.0</ele><time>2026-09-19T05:00:31Z</time></trkpt>
<trkpt lat="36.626048" lon="139.035343"><ele>304.4</ele><time>2026-09-19T05:00:41Z</time></trkpt>
<trkpt lat="36.626848" lon="139.036136"><ele>304.8</ele><time>2026-09-19T05:00:56Z</time></trkpt>
<trkpt lat="36.628041" lon="139.038033"><ele>307.2</ele><time>2026-09-19T05:01:27Z</time></trkpt>
<trkpt lat="36.628525" lon="139.038469"><ele>308.4</ele><time>2026-09-19T05:01:38Z</time></trkpt>
<trkpt lat="36.629573" lon="139.038587"><ele>311.4</ele><time>2026-09-19T05:01:59Z</time></trkpt>
<trkpt lat="36.630502" lon="139.038241"><ele>312.0</ele><time>2026-09-19T05:02:17Z</time></trkpt>
<trkpt lat="36.631005" lon="139.037859"><ele>312.4</ele><time>2026-09-19T05:02:27Z</time></trkpt>
<trkpt lat="36.632006" lon="139.036521"><ele>315.8</ele><time>2026-09-19T05:02:58Z</time></trkpt>
<trkpt lat="36.632449" lon="139.035247"><ele>321.0</ele><time>2026-09-19T05:03:28Z</time></trkpt>
<trkpt lat="36.633184" lon="139.033860"><ele>329.2</ele><time>2026-09-19T05:04:13Z</time></trkpt>
<trkpt lat="36.633574" lon="139.032326"><ele>335.2</ele><time>2026-09-19T05:04:52Z</time></trkpt>
<trkpt lat="36.634478" lon="139.031385"><ele>335.4</ele><time>2026-09-19T05:05:14Z</time></trkpt>
<trkpt lat="36.635411" lon="139.030748"><ele>332.2</ele><time>2026-09-19T05:05:27Z</time></trkpt>
<trkpt lat="36.636313" lon="139.030518"><ele>329.6</ele><time>2026-09-19T05:05:37Z</time></trkpt>
<trkpt lat="36.638693" lon="139.031052"><ele>321.2</ele><time>2026-09-19T05:06:01Z</time></trkpt>
<trkpt lat="36.639805" lon="139.031069"><ele>320.0</ele><time>2026-09-19T05:06:12Z</time></trkpt>
<trkpt lat="36.641803" lon="139.029943"><ele>322.2</ele><time>2026-09-19T05:07:22Z</time></trkpt>
<trkpt lat="36.647261" lon="139.027365"><ele>330.6</ele><time>2026-09-19T05:09:05Z</time></trkpt>
<trkpt lat="36.648151" lon="139.026588"><ele>330.4</ele><time>2026-09-19T05:09:21Z</time></trkpt>
<trkpt lat="36.650237" lon="139.024038"><ele>327.4</ele><time>2026-09-19T05:09:56Z</time></trkpt>
<trkpt lat="36.651117" lon="139.023236"><ele>328.0</ele><time>2026-09-19T05:10:09Z</time></trkpt>
<trkpt lat="36.654889" lon="139.021368"><ele>332.8</ele><time>2026-09-19T05:11:07Z</time></trkpt>
<trkpt lat="36.659213" lon="139.018351"><ele>337.8</ele><time>2026-09-19T05:12:25Z</time></trkpt>
<trkpt lat="36.660305" lon="139.017235"><ele>339.2</ele><time>2026-09-19T05:12:47Z</time></trkpt>
<trkpt lat="36.662434" lon="139.014521"><ele>341.0</ele><time>2026-09-19T05:13:43Z</time></trkpt>
<trkpt lat="36.664373" lon="139.012392"><ele>343.2</ele><time>2026-09-19T05:14:28Z</time></trkpt>
<trkpt lat="36.665669" lon="139.010028"><ele>345.4</ele><time>2026-09-19T05:15:04Z</time></trkpt>
<trkpt lat="36.666323" lon="139.009219"><ele>346.6</ele><time>2026-09-19T05:15:18Z</time></trkpt>
<trkpt lat="36.667315" lon="139.008526"><ele>347.4</ele><time>2026-09-19T05:15:35Z</time></trkpt>
<trkpt lat="36.669954" lon="139.007454"><ele>351.4</ele><time>2026-09-19T05:16:18Z</time></trkpt>
<trkpt lat="36.670846" lon="139.006390"><ele>352.6</ele><time>2026-09-19T05:16:38Z</time></trkpt>
<trkpt lat="36.671115" lon="139.005124"><ele>353.4</ele><time>2026-09-19T05:16:54Z</time></trkpt>
<trkpt lat="36.671031" lon="139.004066"><ele>356.2</ele><time>2026-09-19T05:17:11Z</time></trkpt>
<trkpt lat="36.669020" lon="138.999608"><ele>382.8</ele><time>2026-09-19T05:19:23Z</time></trkpt>
<trkpt lat="36.668758" lon="138.998771"><ele>387.2</ele><time>2026-09-19T05:19:49Z</time></trkpt>
<trkpt lat="36.668683" lon="138.995480"><ele>404.6</ele><time>2026-09-19T05:21:27Z</time></trkpt>
<trkpt lat="36.668331" lon="138.992362"><ele>420.8</ele><time>2026-09-19T05:23:01Z</time></trkpt>
<trkpt lat="36.668378" lon="138.991513"><ele>424.4</ele><time>2026-09-19T05:23:25Z</time></trkpt>
<trkpt lat="36.668584" lon="138.990836"><ele>426.2</ele><time>2026-09-19T05:23:39Z</time></trkpt>
<trkpt lat="36.668972" lon="138.990200"><ele>427.4</ele><time>2026-09-19T05:23:51Z</time></trkpt>
<trkpt lat="36.670428" lon="138.988808"><ele>428.0</ele><time>2026-09-19T05:24:20Z</time></trkpt>
<trkpt lat="36.671419" lon="138.987575"><ele>428.6</ele><time>2026-09-19T05:24:40Z</time></trkpt>
<trkpt lat="36.673941" lon="138.983044"><ele>429.8</ele><time>2026-09-19T05:25:43Z</time></trkpt>
<trkpt lat="36.676527" lon="138.979555"><ele>426.2</ele><time>2026-09-19T05:26:30Z</time></trkpt>
<trkpt lat="36.676908" lon="138.978559"><ele>427.8</ele><time>2026-09-19T05:26:43Z</time></trkpt>
<trkpt lat="36.677487" lon="138.975008"><ele>429.8</ele><time>2026-09-19T05:28:07Z</time></trkpt>
<trkpt lat="36.677880" lon="138.973897"><ele>428.8</ele><time>2026-09-19T05:28:19Z</time></trkpt>
<trkpt lat="36.678686" lon="138.972623"><ele>423.4</ele><time>2026-09-19T05:28:32Z</time></trkpt>
<trkpt lat="36.681749" lon="138.969157"><ele>402.0</ele><time>2026-09-19T05:29:10Z</time></trkpt>
<trkpt lat="36.682662" lon="138.966822"><ele>396.2</ele><time>2026-09-19T05:30:11Z</time></trkpt>
<trkpt lat="36.683159" lon="138.963735"><ele>399.8</ele><time>2026-09-19T05:30:48Z</time></trkpt>
<trkpt lat="36.682517" lon="138.961804"><ele>403.2</ele><time>2026-09-19T05:31:20Z</time></trkpt>
<trkpt lat="36.682584" lon="138.960250"><ele>405.0</ele><time>2026-09-19T05:31:40Z</time></trkpt>
<trkpt lat="36.682470" lon="138.959383"><ele>407.4</ele><time>2026-09-19T05:31:54Z</time></trkpt>
<trkpt lat="36.681805" lon="138.958171"><ele>408.6</ele><time>2026-09-19T05:32:14Z</time></trkpt>
<trkpt lat="36.679135" lon="138.954645"><ele>411.4</ele><time>2026-09-19T05:33:18Z</time></trkpt>
<trkpt lat="36.678819" lon="138.953768"><ele>411.8</ele><time>2026-09-19T05:33:30Z</time></trkpt>
<trkpt lat="36.678943" lon="138.952371"><ele>412.2</ele><time>2026-09-19T05:33:47Z</time></trkpt>
<trkpt lat="36.678773" lon="138.950617"><ele>414.2</ele><time>2026-09-19T05:34:13Z</time></trkpt>
<trkpt lat="36.678849" lon="138.949844"><ele>413.8</ele><time>2026-09-19T05:34:22Z</time></trkpt>
<trkpt lat="36.679120" lon="138.949034"><ele>414.8</ele><time>2026-09-19T05:34:33Z</time></trkpt>
<trkpt lat="36.680218" lon="138.946947"><ele>417.4</ele><time>2026-09-19T05:35:07Z</time></trkpt>
<trkpt lat="36.680388" lon="138.946345"><ele>418.4</ele><time>2026-09-19T05:35:16Z</time></trkpt>
<trkpt lat="36.680303" lon="138.945823"><ele>419.8</ele><time>2026-09-19T05:35:24Z</time></trkpt>
<trkpt lat="36.679736" lon="138.944648"><ele>420.4</ele><time>2026-09-19T05:35:42Z</time></trkpt>
<trkpt lat="36.679786" lon="138.942825"><ele>425.0</ele><time>2026-09-19T05:36:09Z</time></trkpt>
<trkpt lat="36.680626" lon="138.941210"><ele>429.0</ele><time>2026-09-19T05:36:40Z</time></trkpt>
<trkpt lat="36.681492" lon="138.938654"><ele>428.4</ele><time>2026-09-19T05:37:11Z</time></trkpt>
<trkpt lat="36.682416" lon="138.937322"><ele>429.6</ele><time>2026-09-19T05:37:31Z</time></trkpt>
<trkpt lat="36.683115" lon="138.935870"><ele>432.4</ele><time>2026-09-19T05:38:30Z</time></trkpt>
<trkpt lat="36.683191" lon="138.935311"><ele>433.6</ele><time>2026-09-19T05:38:41Z</time></trkpt>
<trkpt lat="36.682961" lon="138.933140"><ele>435.2</ele><time>2026-09-19T05:39:15Z</time></trkpt>
<trkpt lat="36.683153" lon="138.932056"><ele>435.4</ele><time>2026-09-19T05:39:28Z</time></trkpt>
<trkpt lat="36.684021" lon="138.930741"><ele>436.8</ele><time>2026-09-19T05:39:51Z</time></trkpt>
<trkpt lat="36.684694" lon="138.930265"><ele>437.8</ele><time>2026-09-19T05:40:05Z</time></trkpt>
<trkpt lat="36.685539" lon="138.929374"><ele>441.4</ele><time>2026-09-19T05:40:27Z</time></trkpt>
<trkpt lat="36.686511" lon="138.927965"><ele>442.4</ele><time>2026-09-19T05:41:28Z</time></trkpt>
<trkpt lat="36.687327" lon="138.926177"><ele>444.4</ele><time>2026-09-19T05:42:07Z</time></trkpt>
<trkpt lat="36.688801" lon="138.923972"><ele>448.0</ele><time>2026-09-19T05:42:51Z</time></trkpt>
<trkpt lat="36.689270" lon="138.922559"><ele>452.6</ele><time>2026-09-19T05:43:21Z</time></trkpt>
<trkpt lat="36.690060" lon="138.921266"><ele>456.8</ele><time>2026-09-19T05:43:48Z</time></trkpt>
<trkpt lat="36.691067" lon="138.920217"><ele>454.2</ele><time>2026-09-19T05:44:06Z</time></trkpt>
<trkpt lat="36.691706" lon="138.919225"><ele>457.6</ele><time>2026-09-19T05:44:24Z</time></trkpt>
<trkpt lat="36.692533" lon="138.918943"><ele>458.6</ele><time>2026-09-19T05:44:37Z</time></trkpt>
<trkpt lat="36.693693" lon="138.917807"><ele>460.8</ele><time>2026-09-19T05:45:00Z</time></trkpt>
<trkpt lat="36.695318" lon="138.917233"><ele>460.4</ele><time>2026-09-19T05:45:24Z</time></trkpt>
<trkpt lat="36.697283" lon="138.914900"><ele>464.0</ele><time>2026-09-19T05:46:05Z</time></trkpt>
<trkpt lat="36.699906" lon="138.912652"><ele>468.8</ele><time>2026-09-19T05:46:56Z</time></trkpt>
<trkpt lat="36.701729" lon="138.912027"><ele>470.8</ele><time>2026-09-19T05:47:27Z</time></trkpt>
<trkpt lat="36.703072" lon="138.911131"><ele>473.6</ele><time>2026-09-19T05:47:53Z</time></trkpt>
<trkpt lat="36.703568" lon="138.910405"><ele>473.8</ele><time>2026-09-19T05:48:05Z</time></trkpt>
<trkpt lat="36.704053" lon="138.908971"><ele>475.0</ele><time>2026-09-19T05:48:25Z</time></trkpt>
<trkpt lat="36.705093" lon="138.907649"><ele>478.4</ele><time>2026-09-19T05:48:52Z</time></trkpt>
<trkpt lat="36.705921" lon="138.907010"><ele>485.2</ele><time>2026-09-19T05:49:20Z</time></trkpt>
<trkpt lat="36.707480" lon="138.906457"><ele>494.8</ele><time>2026-09-19T05:50:06Z</time></trkpt>
<trkpt lat="36.710725" lon="138.903277"><ele>520.8</ele><time>2026-09-19T05:52:19Z</time></trkpt>
<trkpt lat="36.711864" lon="138.902369"><ele>530.0</ele><time>2026-09-19T05:53:01Z</time></trkpt>
<trkpt lat="36.712970" lon="138.900483"><ele>541.0</ele><time>2026-09-19T05:53:56Z</time></trkpt>
<trkpt lat="36.713324" lon="138.899306"><ele>546.4</ele><time>2026-09-19T05:54:26Z</time></trkpt>
<trkpt lat="36.713532" lon="138.897738"><ele>554.2</ele><time>2026-09-19T05:55:05Z</time></trkpt>
<trkpt lat="36.713732" lon="138.897123"><ele>557.8</ele><time>2026-09-19T05:55:21Z</time></trkpt>
<trkpt lat="36.715001" lon="138.895869"><ele>563.8</ele><time>2026-09-19T05:56:02Z</time></trkpt>
<trkpt lat="36.716128" lon="138.895530"><ele>571.4</ele><time>2026-09-19T05:56:37Z</time></trkpt>
<trkpt lat="36.716928" lon="138.894719"><ele>574.8</ele><time>2026-09-19T05:57:02Z</time></trkpt>
<trkpt lat="36.717466" lon="138.894475"><ele>575.0</ele><time>2026-09-19T05:57:12Z</time></trkpt>
<trkpt lat="36.719174" lon="138.894935"><ele>571.6</ele><time>2026-09-19T05:57:36Z</time></trkpt>
<trkpt lat="36.722481" lon="138.894478"><ele>576.4</ele><time>2026-09-19T05:58:27Z</time></trkpt>
<trkpt lat="36.723376" lon="138.894236"><ele>578.0</ele><time>2026-09-19T05:58:44Z</time></trkpt>
<trkpt lat="36.723464" lon="138.893984"><ele>580.2</ele><time>2026-09-19T05:58:59Z</time></trkpt>
<trkpt lat="36.723598" lon="138.894194"><ele>581.4</ele><time>2026-09-19T06:10:17Z</time></trkpt>
<trkpt lat="36.724747" lon="138.893956"><ele>586.8</ele><time>2026-09-19T06:10:47Z</time></trkpt>
<trkpt lat="36.727083" lon="138.893856"><ele>584.0</ele><time>2026-09-19T06:11:25Z</time></trkpt>
<trkpt lat="36.728827" lon="138.894197"><ele>574.6</ele><time>2026-09-19T06:11:42Z</time></trkpt>
<trkpt lat="36.729197" lon="138.894065"><ele>573.4</ele><time>2026-09-19T06:11:46Z</time></trkpt>
<trkpt lat="36.729438" lon="138.893752"><ele>573.0</ele><time>2026-09-19T06:11:50Z</time></trkpt>
<trkpt lat="36.729655" lon="138.892781"><ele>574.6</ele><time>2026-09-19T06:12:02Z</time></trkpt>
<trkpt lat="36.729411" lon="138.891785"><ele>580.2</ele><time>2026-09-19T06:12:22Z</time></trkpt>
<trkpt lat="36.728375" lon="138.890573"><ele>589.6</ele><time>2026-09-19T06:13:01Z</time></trkpt>
<trkpt lat="36.727648" lon="138.889422"><ele>593.8</ele><time>2026-09-19T06:13:29Z</time></trkpt>
<trkpt lat="36.726280" lon="138.888640"><ele>597.6</ele><time>2026-09-19T06:14:04Z</time></trkpt>
<trkpt lat="36.725436" lon="138.885001"><ele>598.6</ele><time>2026-09-19T06:14:56Z</time></trkpt>
<trkpt lat="36.725662" lon="138.884503"><ele>598.8</ele><time>2026-09-19T06:15:04Z</time></trkpt>
<trkpt lat="36.728134" lon="138.882417"><ele>612.4</ele><time>2026-09-19T06:16:12Z</time></trkpt>
<trkpt lat="36.729501" lon="138.879561"><ele>625.8</ele><time>2026-09-19T06:17:26Z</time></trkpt>
<trkpt lat="36.729844" lon="138.876373"><ele>641.0</ele><time>2026-09-19T06:18:47Z</time></trkpt>
<trkpt lat="36.729560" lon="138.874629"><ele>649.4</ele><time>2026-09-19T06:19:34Z</time></trkpt>
<trkpt lat="36.729664" lon="138.873997"><ele>652.0</ele><time>2026-09-19T06:19:50Z</time></trkpt>
<trkpt lat="36.730077" lon="138.873001"><ele>657.0</ele><time>2026-09-19T06:20:16Z</time></trkpt>
<trkpt lat="36.730754" lon="138.872304"><ele>663.2</ele><time>2026-09-19T06:20:48Z</time></trkpt>
<trkpt lat="36.732392" lon="138.872134"><ele>671.8</ele><time>2026-09-19T06:21:35Z</time></trkpt>
<trkpt lat="36.732622" lon="138.871368"><ele>671.8</ele><time>2026-09-19T06:21:49Z</time></trkpt>
<trkpt lat="36.732781" lon="138.869993"><ele>671.8</ele><time>2026-09-19T06:22:09Z</time></trkpt>
<trkpt lat="36.732692" lon="138.869559"><ele>672.8</ele><time>2026-09-19T06:22:17Z</time></trkpt>
<trkpt lat="36.732368" lon="138.869328"><ele>674.8</ele><time>2026-09-19T06:22:26Z</time></trkpt>
<trkpt lat="36.731553" lon="138.869453"><ele>679.6</ele><time>2026-09-19T06:22:49Z</time></trkpt>
<trkpt lat="36.731236" lon="138.869081"><ele>682.4</ele><time>2026-09-19T06:23:03Z</time></trkpt>
<trkpt lat="36.731342" lon="138.868730"><ele>684.2</ele><time>2026-09-19T06:23:12Z</time></trkpt>
<trkpt lat="36.732036" lon="138.867913"><ele>689.0</ele><time>2026-09-19T06:23:40Z</time></trkpt>
<trkpt lat="36.732059" lon="138.867304"><ele>692.2</ele><time>2026-09-19T06:23:56Z</time></trkpt>
<trkpt lat="36.731642" lon="138.865670"><ele>701.0</ele><time>2026-09-19T06:24:39Z</time></trkpt>
<trkpt lat="36.730623" lon="138.864225"><ele>704.8</ele><time>2026-09-19T06:25:14Z</time></trkpt>
<trkpt lat="36.730363" lon="138.862301"><ele>711.2</ele><time>2026-09-19T06:25:54Z</time></trkpt>
<trkpt lat="36.729739" lon="138.861279"><ele>716.8</ele><time>2026-09-19T06:26:22Z</time></trkpt>
<trkpt lat="36.730104" lon="138.859274"><ele>725.0</ele><time>2026-09-19T06:27:09Z</time></trkpt>
<trkpt lat="36.730199" lon="138.855621"><ele>740.6</ele><time>2026-09-19T06:28:33Z</time></trkpt>
<trkpt lat="36.730361" lon="138.854937"><ele>743.6</ele><time>2026-09-19T06:28:50Z</time></trkpt>
<trkpt lat="36.730729" lon="138.854242"><ele>746.4</ele><time>2026-09-19T06:29:10Z</time></trkpt>
<trkpt lat="36.731453" lon="138.853994"><ele>749.8</ele><time>2026-09-19T06:29:31Z</time></trkpt>
<trkpt lat="36.732738" lon="138.852162"><ele>760.4</ele><time>2026-09-19T06:30:34Z</time></trkpt>
<trkpt lat="36.734153" lon="138.851612"><ele>769.2</ele><time>2026-09-19T06:31:24Z</time></trkpt>
<trkpt lat="36.734374" lon="138.851121"><ele>772.4</ele><time>2026-09-19T06:31:40Z</time></trkpt>
<trkpt lat="36.734119" lon="138.850776"><ele>775.0</ele><time>2026-09-19T06:31:54Z</time></trkpt>
<trkpt lat="36.733690" lon="138.850811"><ele>777.6</ele><time>2026-09-19T06:32:09Z</time></trkpt>
<trkpt lat="36.733286" lon="138.850550"><ele>779.8</ele><time>2026-09-19T06:32:24Z</time></trkpt>
<trkpt lat="36.732822" lon="138.850749"><ele>783.2</ele><time>2026-09-19T06:32:42Z</time></trkpt>
<trkpt lat="36.732457" lon="138.850655"><ele>785.4</ele><time>2026-09-19T06:32:55Z</time></trkpt>
<trkpt lat="36.731711" lon="138.849733"><ele>788.4</ele><time>2026-09-19T06:33:24Z</time></trkpt>
<trkpt lat="36.730019" lon="138.849778"><ele>796.6</ele><time>2026-09-19T06:34:13Z</time></trkpt>
<trkpt lat="36.729570" lon="138.849359"><ele>800.2</ele><time>2026-09-19T06:34:33Z</time></trkpt>
<trkpt lat="36.729530" lon="138.849110"><ele>801.6</ele><time>2026-09-19T06:34:39Z</time></trkpt>
<trkpt lat="36.729686" lon="138.848743"><ele>803.6</ele><time>2026-09-19T06:34:51Z</time></trkpt>
<trkpt lat="36.730784" lon="138.848157"><ele>810.2</ele><time>2026-09-19T06:35:27Z</time></trkpt>
<trkpt lat="36.730800" lon="138.846961"><ele>816.4</ele><time>2026-09-19T06:36:00Z</time></trkpt>
<trkpt lat="36.731291" lon="138.846057"><ele>820.2</ele><time>2026-09-19T06:36:23Z</time></trkpt>
<trkpt lat="36.731210" lon="138.844924"><ele>826.4</ele><time>2026-09-19T06:36:55Z</time></trkpt>
<trkpt lat="36.731895" lon="138.844556"><ele>828.2</ele><time>2026-09-19T06:37:15Z</time></trkpt>
<trkpt lat="36.732091" lon="138.844277"><ele>828.6</ele><time>2026-09-19T06:37:23Z</time></trkpt>
<trkpt lat="36.731962" lon="138.843986"><ele>829.2</ele><time>2026-09-19T06:37:30Z</time></trkpt>
<trkpt lat="36.730963" lon="138.843149"><ele>831.8</ele><time>2026-09-19T06:38:00Z</time></trkpt>
<trkpt lat="36.730635" lon="138.842361"><ele>836.4</ele><time>2026-09-19T06:38:23Z</time></trkpt>
<trkpt lat="36.729697" lon="138.841172"><ele>843.4</ele><time>2026-09-19T06:39:02Z</time></trkpt>
<trkpt lat="36.729617" lon="138.840787"><ele>844.4</ele><time>2026-09-19T06:39:11Z</time></trkpt>
<trkpt lat="36.729765" lon="138.840342"><ele>845.8</ele><time>2026-09-19T06:39:21Z</time></trkpt>
<trkpt lat="36.730359" lon="138.839649"><ele>848.6</ele><time>2026-09-19T06:39:44Z</time></trkpt>
<trkpt lat="36.730574" lon="138.839047"><ele>852.0</ele><time>2026-09-19T06:40:01Z</time></trkpt>
<trkpt lat="36.730872" lon="138.839038"><ele>853.2</ele><time>2026-09-19T06:40:10Z</time></trkpt>
<trkpt lat="36.731480" lon="138.839511"><ele>855.8</ele><time>2026-09-19T06:40:31Z</time></trkpt>
<trkpt lat="36.731891" lon="138.839307"><ele>857.8</ele><time>2026-09-19T06:40:44Z</time></trkpt>
<trkpt lat="36.732145" lon="138.838575"><ele>861.0</ele><time>2026-09-19T06:41:02Z</time></trkpt>
<trkpt lat="36.731948" lon="138.837953"><ele>862.8</ele><time>2026-09-19T06:41:18Z</time></trkpt>
<trkpt lat="36.731994" lon="138.837676"><ele>863.8</ele><time>2026-09-19T06:41:24Z</time></trkpt>
<trkpt lat="36.733074" lon="138.836569"><ele>868.4</ele><time>2026-09-19T06:42:03Z</time></trkpt>
<trkpt lat="36.733669" lon="138.834396"><ele>876.2</ele><time>2026-09-19T06:42:49Z</time></trkpt>
<trkpt lat="36.733966" lon="138.834327"><ele>877.4</ele><time>2026-09-19T06:42:57Z</time></trkpt>
<trkpt lat="36.738076" lon="138.835467"><ele>893.4</ele><time>2026-09-19T06:44:47Z</time></trkpt>
<trkpt lat="36.739192" lon="138.834227"><ele>900.8</ele><time>2026-09-19T06:45:29Z</time></trkpt>
<trkpt lat="36.740199" lon="138.833892"><ele>905.2</ele><time>2026-09-19T06:45:58Z</time></trkpt>
<trkpt lat="36.740490" lon="138.834052"><ele>906.6</ele><time>2026-09-19T06:46:07Z</time></trkpt>
<trkpt lat="36.741049" lon="138.834949"><ele>910.6</ele><time>2026-09-19T06:46:32Z</time></trkpt>
<trkpt lat="36.742483" lon="138.834340"><ele>916.8</ele><time>2026-09-19T06:47:12Z</time></trkpt>
<trkpt lat="36.742820" lon="138.834569"><ele>918.4</ele><time>2026-09-19T06:47:22Z</time></trkpt>
<trkpt lat="36.743442" lon="138.835514"><ele>921.6</ele><time>2026-09-19T06:47:47Z</time></trkpt>
<trkpt lat="36.744772" lon="138.835581"><ele>929.8</ele><time>2026-09-19T06:48:30Z</time></trkpt>
<trkpt lat="36.745499" lon="138.835157"><ele>932.8</ele><time>2026-09-19T06:48:56Z</time></trkpt>
<trkpt lat="36.745510" lon="138.833978"><ele>936.8</ele><time>2026-09-19T06:49:23Z</time></trkpt>
<trkpt lat="36.745728" lon="138.833499"><ele>939.0</ele><time>2026-09-19T06:49:36Z</time></trkpt>
<trkpt lat="36.746442" lon="138.833769"><ele>941.6</ele><time>2026-09-19T06:49:57Z</time></trkpt>
<trkpt lat="36.747585" lon="138.833653"><ele>946.2</ele><time>2026-09-19T06:50:28Z</time></trkpt>
<trkpt lat="36.748159" lon="138.833934"><ele>948.4</ele><time>2026-09-19T06:50:44Z</time></trkpt>
<trkpt lat="36.749547" lon="138.832999"><ele>954.6</ele><time>2026-09-19T06:51:26Z</time></trkpt>
<trkpt lat="36.749897" lon="138.833158"><ele>957.0</ele><time>2026-09-19T06:51:38Z</time></trkpt>
<trkpt lat="36.750419" lon="138.834340"><ele>965.4</ele><time>2026-09-19T06:52:18Z</time></trkpt>
<trkpt lat="36.751038" lon="138.835324"><ele>969.2</ele><time>2026-09-19T06:52:42Z</time></trkpt>
<trkpt lat="36.752115" lon="138.834247"><ele>976.2</ele><time>2026-09-19T06:53:26Z</time></trkpt>
<trkpt lat="36.752715" lon="138.833139"><ele>982.4</ele><time>2026-09-19T06:53:59Z</time></trkpt>
<trkpt lat="36.753138" lon="138.833042"><ele>984.2</ele><time>2026-09-19T06:54:12Z</time></trkpt>
<trkpt lat="36.754711" lon="138.833321"><ele>993.2</ele><time>2026-09-19T06:55:07Z</time></trkpt>
<trkpt lat="36.755653" lon="138.834319"><ele>999.6</ele><time>2026-09-19T06:55:48Z</time></trkpt>
<trkpt lat="36.758113" lon="138.835515"><ele>1008.8</ele><time>2026-09-19T06:56:55Z</time></trkpt>
<trkpt lat="36.758745" lon="138.835458"><ele>1010.2</ele><time>2026-09-19T06:57:11Z</time></trkpt>
<trkpt lat="36.758986" lon="138.835105"><ele>1011.8</ele><time>2026-09-19T06:57:23Z</time></trkpt>
<trkpt lat="36.758844" lon="138.834175"><ele>1015.4</ele><time>2026-09-19T06:57:44Z</time></trkpt>
<trkpt lat="36.759041" lon="138.833561"><ele>1017.4</ele><time>2026-09-19T06:57:58Z</time></trkpt>
<trkpt lat="36.760064" lon="138.833168"><ele>1021.8</ele><time>2026-09-19T06:58:28Z</time></trkpt>
<trkpt lat="36.760567" lon="138.833340"><ele>1023.6</ele><time>2026-09-19T06:58:39Z</time></trkpt>
<trkpt lat="36.760835" lon="138.832935"><ele>1024.6</ele><time>2026-09-19T06:58:50Z</time></trkpt>
<trkpt lat="36.760766" lon="138.832542"><ele>1026.2</ele><time>2026-09-19T06:58:59Z</time></trkpt>
<trkpt lat="36.759964" lon="138.831388"><ele>1031.2</ele><time>2026-09-19T06:59:32Z</time></trkpt>
<trkpt lat="36.759639" lon="138.830406"><ele>1035.0</ele><time>2026-09-19T06:59:52Z</time></trkpt>
<trkpt lat="36.759450" lon="138.829257"><ele>1039.0</ele><time>2026-09-19T07:00:17Z</time></trkpt>
<trkpt lat="36.759796" lon="138.828497"><ele>1041.8</ele><time>2026-09-19T07:00:39Z</time></trkpt>
<trkpt lat="36.761379" lon="138.827460"><ele>1049.4</ele><time>2026-09-19T07:01:20Z</time></trkpt>
<trkpt lat="36.762049" lon="138.825917"><ele>1050.8</ele><time>2026-09-19T07:02:02Z</time></trkpt>
<trkpt lat="36.769685" lon="138.815148"><ele>1048.0</ele><time>2026-09-19T07:04:17Z</time></trkpt>
<trkpt lat="36.771650" lon="138.813645"><ele>1036.2</ele><time>2026-09-19T07:04:37Z</time></trkpt>
<trkpt lat="36.773182" lon="138.811324"><ele>1020.2</ele><time>2026-09-19T07:04:54Z</time></trkpt>
<trkpt lat="36.774208" lon="138.810672"><ele>1012.8</ele><time>2026-09-19T07:05:01Z</time></trkpt>
<trkpt lat="36.775412" lon="138.809376"><ele>1001.4</ele><time>2026-09-19T07:05:11Z</time></trkpt>
<trkpt lat="36.778770" lon="138.808101"><ele>979.6</ele><time>2026-09-19T07:05:34Z</time></trkpt>
<trkpt lat="36.781030" lon="138.806971"><ele>966.4</ele><time>2026-09-19T07:05:51Z</time></trkpt>
<trkpt lat="36.782090" lon="138.806793"><ele>962.8</ele><time>2026-09-19T07:05:59Z</time></trkpt>
<trkpt lat="36.783370" lon="138.805796"><ele>958.2</ele><time>2026-09-19T07:06:12Z</time></trkpt>
<trkpt lat="36.784444" lon="138.803840"><ele>957.0</ele><time>2026-09-19T07:06:30Z</time></trkpt>
<trkpt lat="36.785184" lon="138.801909"><ele>948.8</ele><time>2026-09-19T07:06:44Z</time></trkpt>
<trkpt lat="36.786466" lon="138.799580"><ele>936.2</ele><time>2026-09-19T07:07:01Z</time></trkpt>
<trkpt lat="36.786609" lon="138.797572"><ele>927.8</ele><time>2026-09-19T07:07:13Z</time></trkpt>
<trkpt lat="36.786924" lon="138.796651"><ele>925.2</ele><time>2026-09-19T07:07:19Z</time></trkpt>
<trkpt lat="36.788876" lon="138.793895"><ele>912.8</ele><time>2026-09-19T07:07:41Z</time></trkpt>
<trkpt lat="36.791160" lon="138.789003"><ele>898.4</ele><time>2026-09-19T07:08:19Z</time></trkpt>
<trkpt lat="36.791734" lon="138.788305"><ele>897.2</ele><time>2026-09-19T07:08:36Z</time></trkpt>
<trkpt lat="36.792821" lon="138.787635"><ele>892.0</ele><time>2026-09-19T07:09:05Z</time></trkpt>
<trkpt lat="36.793828" lon="138.787452"><ele>888.8</ele><time>2026-09-19T07:09:16Z</time></trkpt>
<trkpt lat="36.795797" lon="138.787846"><ele>890.8</ele><time>2026-09-19T07:09:40Z</time></trkpt>
<trkpt lat="36.797338" lon="138.787253"><ele>899.2</ele><time>2026-09-19T07:10:12Z</time></trkpt>
<trkpt lat="36.798414" lon="138.787189"><ele>903.2</ele><time>2026-09-19T07:10:36Z</time></trkpt>
<trkpt lat="36.799410" lon="138.786688"><ele>906.2</ele><time>2026-09-19T07:10:57Z</time></trkpt>
<trkpt lat="36.800602" lon="138.786599"><ele>911.6</ele><time>2026-09-19T07:11:25Z</time></trkpt>
<trkpt lat="36.801991" lon="138.785846"><ele>918.4</ele><time>2026-09-19T07:11:58Z</time></trkpt>
<trkpt lat="36.802152" lon="138.786105"><ele>919.0</ele><time>2026-09-19T07:12:02Z</time></trkpt>
<trkpt lat="36.802299" lon="138.785814"><ele>919.8</ele><time>2026-09-19T07:12:06Z</time></trkpt>
<trkpt lat="36.802705" lon="138.785660"><ele>921.0</ele><time>2026-09-19T07:12:13Z</time></trkpt>
<trkpt lat="36.803229" lon="138.785967"><ele>923.4</ele><time>2026-09-19T07:12:26Z</time></trkpt>
<trkpt lat="36.804219" lon="138.786097"><ele>925.0</ele><time>2026-09-19T07:12:43Z</time></trkpt>
<trkpt lat="36.804954" lon="138.785771"><ele>929.2</ele><time>2026-09-19T07:13:03Z</time></trkpt>
<trkpt lat="36.805504" lon="138.785834"><ele>930.6</ele><time>2026-09-19T07:13:14Z</time></trkpt>
<trkpt lat="36.806177" lon="138.785398"><ele>933.8</ele><time>2026-09-19T07:13:34Z</time></trkpt>
<trkpt lat="36.806790" lon="138.784283"><ele>939.8</ele><time>2026-09-19T07:14:04Z</time></trkpt>
<trkpt lat="36.807226" lon="138.783849"><ele>942.6</ele><time>2026-09-19T07:14:21Z</time></trkpt>
<trkpt lat="36.807908" lon="138.783623"><ele>945.8</ele><time>2026-09-19T07:14:40Z</time></trkpt>
<trkpt lat="36.808386" lon="138.783885"><ele>947.8</ele><time>2026-09-19T07:14:54Z</time></trkpt>
<trkpt lat="36.809412" lon="138.783608"><ele>952.8</ele><time>2026-09-19T07:15:23Z</time></trkpt>
<trkpt lat="36.809984" lon="138.783276"><ele>956.0</ele><time>2026-09-19T07:15:39Z</time></trkpt>
<trkpt lat="36.810430" lon="138.783650"><ele>957.8</ele><time>2026-09-19T07:15:51Z</time></trkpt>
<trkpt lat="36.811215" lon="138.783587"><ele>958.0</ele><time>2026-09-19T07:16:07Z</time></trkpt>
<trkpt lat="36.814903" lon="138.781879"><ele>941.6</ele><time>2026-09-19T07:16:49Z</time></trkpt>
<trkpt lat="36.816369" lon="138.781381"><ele>931.2</ele><time>2026-09-19T07:17:00Z</time></trkpt>
<trkpt lat="36.819089" lon="138.781265"><ele>917.4</ele><time>2026-09-19T07:17:19Z</time></trkpt>
<trkpt lat="36.826623" lon="138.781522"><ele>876.4</ele><time>2026-09-19T07:18:13Z</time></trkpt>
<trkpt lat="36.833437" lon="138.780604"><ele>842.2</ele><time>2026-09-19T07:19:03Z</time></trkpt>
<trkpt lat="36.836455" lon="138.779495"><ele>826.6</ele><time>2026-09-19T07:19:27Z</time></trkpt>
<trkpt lat="36.840450" lon="138.778865"><ele>809.0</ele><time>2026-09-19T07:19:58Z</time></trkpt>
<trkpt lat="36.842208" lon="138.778286"><ele>801.0</ele><time>2026-09-19T07:20:12Z</time></trkpt>
<trkpt lat="36.842892" lon="138.778249"><ele>799.4</ele><time>2026-09-19T07:20:18Z</time></trkpt>
<trkpt lat="36.844640" lon="138.778553"><ele>798.8</ele><time>2026-09-19T07:20:36Z</time></trkpt>
<trkpt lat="36.845065" lon="138.778319"><ele>798.2</ele><time>2026-09-19T07:20:41Z</time></trkpt>
<trkpt lat="36.845910" lon="138.777283"><ele>795.2</ele><time>2026-09-19T07:20:53Z</time></trkpt>
<trkpt lat="36.846697" lon="138.776896"><ele>793.6</ele><time>2026-09-19T07:21:02Z</time></trkpt>
<trkpt lat="36.862397" lon="138.773603"><ele>785.0</ele><time>2026-09-19T07:24:20Z</time></trkpt>
<trkpt lat="36.863194" lon="138.773701"><ele>781.0</ele><time>2026-09-19T07:24:28Z</time></trkpt>
<trkpt lat="36.864555" lon="138.775649"><ele>772.4</ele><time>2026-09-19T07:24:48Z</time></trkpt>
<trkpt lat="36.865299" lon="138.777186"><ele>763.6</ele><time>2026-09-19T07:25:01Z</time></trkpt>
<trkpt lat="36.865570" lon="138.777455"><ele>761.6</ele><time>2026-09-19T07:25:04Z</time></trkpt>
<trkpt lat="36.865759" lon="138.777441"><ele>759.4</ele><time>2026-09-19T07:25:06Z</time></trkpt>
<trkpt lat="36.865764" lon="138.777137"><ele>758.2</ele><time>2026-09-19T07:25:08Z</time></trkpt>
<trkpt lat="36.865387" lon="138.775766"><ele>752.6</ele><time>2026-09-19T07:25:18Z</time></trkpt>
<trkpt lat="36.865700" lon="138.775524"><ele>750.6</ele><time>2026-09-19T07:25:22Z</time></trkpt>
<trkpt lat="36.865950" lon="138.775801"><ele>749.8</ele><time>2026-09-19T07:25:25Z</time></trkpt>
<trkpt lat="36.865938" lon="138.776178"><ele>748.6</ele><time>2026-09-19T07:25:28Z</time></trkpt>
<trkpt lat="36.866104" lon="138.776504"><ele>747.6</ele><time>2026-09-19T07:25:31Z</time></trkpt>
<trkpt lat="36.867450" lon="138.776426"><ele>742.4</ele><time>2026-09-19T07:25:44Z</time></trkpt>
<trkpt lat="36.869341" lon="138.777181"><ele>730.4</ele><time>2026-09-19T07:26:01Z</time></trkpt>
<trkpt lat="36.869712" lon="138.777175"><ele>728.2</ele><time>2026-09-19T07:26:05Z</time></trkpt>
<trkpt lat="36.869772" lon="138.776979"><ele>726.8</ele><time>2026-09-19T07:26:07Z</time></trkpt>
<trkpt lat="36.869596" lon="138.776705"><ele>725.0</ele><time>2026-09-19T07:26:10Z</time></trkpt>
<trkpt lat="36.868158" lon="138.776061"><ele>716.0</ele><time>2026-09-19T07:26:24Z</time></trkpt>
<trkpt lat="36.868045" lon="138.775539"><ele>713.4</ele><time>2026-09-19T07:26:28Z</time></trkpt>
<trkpt lat="36.868415" lon="138.775271"><ele>711.6</ele><time>2026-09-19T07:26:32Z</time></trkpt>
<trkpt lat="36.870832" lon="138.776252"><ele>697.8</ele><time>2026-09-19T07:26:53Z</time></trkpt>
<trkpt lat="36.875858" lon="138.777280"><ele>668.8</ele><time>2026-09-19T07:27:33Z</time></trkpt>
<trkpt lat="36.876560" lon="138.777807"><ele>669.8</ele><time>2026-09-19T07:27:42Z</time></trkpt>
<trkpt lat="36.877140" lon="138.778024"><ele>670.6</ele><time>2026-09-19T07:27:48Z</time></trkpt>
<trkpt lat="36.879269" lon="138.778162"><ele>665.2</ele><time>2026-09-19T07:28:11Z</time></trkpt>
<trkpt lat="36.881483" lon="138.777839"><ele>652.4</ele><time>2026-09-19T07:28:31Z</time></trkpt>
<trkpt lat="36.883085" lon="138.777918"><ele>647.0</ele><time>2026-09-19T07:28:46Z</time></trkpt>
<trkpt lat="36.883334" lon="138.778056"><ele>646.6</ele><time>2026-09-19T07:28:48Z</time></trkpt>
<trkpt lat="36.885436" lon="138.777397"><ele>642.0</ele><time>2026-09-19T07:29:08Z</time></trkpt>
<trkpt lat="36.888644" lon="138.776012"><ele>633.4</ele><time>2026-09-19T07:29:41Z</time></trkpt>
<trkpt lat="36.890469" lon="138.775411"><ele>628.6</ele><time>2026-09-19T07:29:59Z</time></trkpt>
<trkpt lat="36.891185" lon="138.775325"><ele>627.2</ele><time>2026-09-19T07:30:06Z</time></trkpt>
<trkpt lat="36.894192" lon="138.776154"><ele>622.8</ele><time>2026-09-19T07:30:38Z</time></trkpt>
<trkpt lat="36.900490" lon="138.776763"><ele>608.0</ele><time>2026-09-19T07:31:39Z</time></trkpt>
<trkpt lat="36.902438" lon="138.777457"><ele>608.4</ele><time>2026-09-19T07:32:04Z</time></trkpt>
<trkpt lat="36.904173" lon="138.778303"><ele>612.2</ele><time>2026-09-19T07:32:29Z</time></trkpt>
<trkpt lat="36.904364" lon="138.778875"><ele>613.0</ele><time>2026-09-19T07:32:38Z</time></trkpt>
<trkpt lat="36.904336" lon="138.783225"><ele>635.8</ele><time>2026-09-19T07:34:35Z</time></trkpt>
<trkpt lat="36.905764" lon="138.785974"><ele>648.2</ele><time>2026-09-19T07:35:53Z</time></trkpt>
<trkpt lat="36.906054" lon="138.788231"><ele>659.0</ele><time>2026-09-19T07:36:53Z</time></trkpt>
<trkpt lat="36.906336" lon="138.789250"><ele>663.4</ele><time>2026-09-19T07:37:16Z</time></trkpt>
<trkpt lat="36.911841" lon="138.795087"><ele>636.4</ele><time>2026-09-19T07:38:31Z</time></trkpt>
<trkpt lat="36.912925" lon="138.795986"><ele>626.8</ele><time>2026-09-19T07:38:41Z</time></trkpt>
<trkpt lat="36.913974" lon="138.796471"><ele>620.0</ele><time>2026-09-19T07:38:50Z</time></trkpt>
<trkpt lat="36.914279" lon="138.796924"><ele>617.8</ele><time>2026-09-19T07:38:54Z</time></trkpt>
<trkpt lat="36.914252" lon="138.797347"><ele>616.8</ele><time>2026-09-19T07:38:57Z</time></trkpt>
<trkpt lat="36.913847" lon="138.797563"><ele>615.8</ele><time>2026-09-19T07:39:01Z</time></trkpt>
<trkpt lat="36.911928" lon="138.796208"><ele>603.4</ele><time>2026-09-19T07:39:20Z</time></trkpt>
<trkpt lat="36.910983" lon="138.796244"><ele>599.8</ele><time>2026-09-19T07:39:28Z</time></trkpt>
<trkpt lat="36.909413" lon="138.796904"><ele>589.8</ele><time>2026-09-19T07:39:41Z</time></trkpt>
<trkpt lat="36.908981" lon="138.797239"><ele>586.2</ele><time>2026-09-19T07:39:45Z</time></trkpt>
<trkpt lat="36.908652" lon="138.797950"><ele>581.4</ele><time>2026-09-19T07:39:50Z</time></trkpt>
<trkpt lat="36.908772" lon="138.798911"><ele>576.2</ele><time>2026-09-19T07:39:56Z</time></trkpt>
<trkpt lat="36.909025" lon="138.799298"><ele>574.4</ele><time>2026-09-19T07:39:59Z</time></trkpt>
<trkpt lat="36.909498" lon="138.799628"><ele>571.2</ele><time>2026-09-19T07:40:03Z</time></trkpt>
<trkpt lat="36.912739" lon="138.800838"><ele>552.6</ele><time>2026-09-19T07:40:28Z</time></trkpt>
<trkpt lat="36.914875" lon="138.802733"><ele>538.0</ele><time>2026-09-19T07:40:47Z</time></trkpt>
<trkpt lat="36.916000" lon="138.803370"><ele>530.0</ele><time>2026-09-19T07:40:56Z</time></trkpt>
<trkpt lat="36.916393" lon="138.804018"><ele>526.0</ele><time>2026-09-19T07:41:01Z</time></trkpt>
<trkpt lat="36.916703" lon="138.805394"><ele>519.4</ele><time>2026-09-19T07:41:10Z</time></trkpt>
<trkpt lat="36.917093" lon="138.805992"><ele>516.0</ele><time>2026-09-19T07:41:15Z</time></trkpt>
<trkpt lat="36.918654" lon="138.807400"><ele>506.0</ele><time>2026-09-19T07:41:30Z</time></trkpt>
<trkpt lat="36.921183" lon="138.809102"><ele>486.0</ele><time>2026-09-19T07:41:53Z</time></trkpt>
<trkpt lat="36.922561" lon="138.813938"><ele>463.2</ele><time>2026-09-19T07:42:27Z</time></trkpt>
<trkpt lat="36.922395" lon="138.814300"><ele>461.2</ele><time>2026-09-19T07:42:30Z</time></trkpt>
<trkpt lat="36.921997" lon="138.814264"><ele>459.4</ele><time>2026-09-19T07:42:34Z</time></trkpt>
<trkpt lat="36.921797" lon="138.813956"><ele>458.2</ele><time>2026-09-19T07:42:37Z</time></trkpt>
<trkpt lat="36.921528" lon="138.812489"><ele>454.0</ele><time>2026-09-19T07:42:49Z</time></trkpt>
<trkpt lat="36.921271" lon="138.812342"><ele>453.0</ele><time>2026-09-19T07:42:52Z</time></trkpt>
<trkpt lat="36.921092" lon="138.812449"><ele>451.6</ele><time>2026-09-19T07:42:54Z</time></trkpt>
<trkpt lat="36.921152" lon="138.821771"><ele>408.4</ele><time>2026-09-19T07:43:56Z</time></trkpt>
<trkpt lat="36.921430" lon="138.822510"><ele>405.6</ele><time>2026-09-19T07:44:02Z</time></trkpt>
<trkpt lat="36.921951" lon="138.823089"><ele>403.4</ele><time>2026-09-19T07:44:09Z</time></trkpt>
<trkpt lat="36.924045" lon="138.823941"><ele>398.0</ele><time>2026-09-19T07:44:33Z</time></trkpt>
<trkpt lat="36.925006" lon="138.824036"><ele>396.8</ele><time>2026-09-19T07:45:12Z</time></trkpt>
<trkpt lat="36.928774" lon="138.823757"><ele>395.2</ele><time>2026-09-19T07:46:07Z</time></trkpt>
<trkpt lat="36.930100" lon="138.823380"><ele>389.0</ele><time>2026-09-19T07:46:22Z</time></trkpt>
<trkpt lat="36.931113" lon="138.822763"><ele>385.0</ele><time>2026-09-19T07:46:34Z</time></trkpt>
<trkpt lat="36.931938" lon="138.821939"><ele>380.6</ele><time>2026-09-19T07:46:48Z</time></trkpt>
<trkpt lat="36.935019" lon="138.818064"><ele>366.2</ele><time>2026-09-19T07:48:20Z</time></trkpt>
<trkpt lat="36.948022" lon="138.803619"><ele>332.6</ele><time>2026-09-19T07:51:47Z</time></trkpt>
<trkpt lat="36.949439" lon="138.802517"><ele>333.8</ele><time>2026-09-19T07:52:11Z</time></trkpt>
<trkpt lat="36.951905" lon="138.801364"><ele>326.0</ele><time>2026-09-19T07:52:40Z</time></trkpt>
<trkpt lat="36.954788" lon="138.799149"><ele>336.4</ele><time>2026-09-19T07:53:40Z</time></trkpt>
<trkpt lat="36.958179" lon="138.798647"><ele>326.8</ele><time>2026-09-19T07:54:22Z</time></trkpt>
<trkpt lat="36.958928" lon="138.798714"><ele>323.6</ele><time>2026-09-19T07:54:30Z</time></trkpt>
<trkpt lat="36.959603" lon="138.798852"><ele>328.6</ele><time>2026-09-19T07:54:46Z</time></trkpt>
<trkpt lat="36.962617" lon="138.800599"><ele>340.6</ele><time>2026-09-19T07:55:59Z</time></trkpt>
<trkpt lat="36.964236" lon="138.801239"><ele>338.4</ele><time>2026-09-19T07:56:24Z</time></trkpt>
<trkpt lat="36.966032" lon="138.801546"><ele>341.6</ele><time>2026-09-19T07:56:55Z</time></trkpt>
<trkpt lat="36.968359" lon="138.801445"><ele>337.8</ele><time>2026-09-19T07:57:28Z</time></trkpt>
<trkpt lat="36.970228" lon="138.801902"><ele>325.0</ele><time>2026-09-19T07:57:44Z</time></trkpt>
<trkpt lat="36.970975" lon="138.801710"><ele>319.6</ele><time>2026-09-19T07:57:50Z</time></trkpt>
<trkpt lat="36.972212" lon="138.800562"><ele>309.0</ele><time>2026-09-19T07:58:02Z</time></trkpt>
<trkpt lat="36.972792" lon="138.800251"><ele>306.6</ele><time>2026-09-19T07:58:07Z</time></trkpt>
<trkpt lat="36.973547" lon="138.800212"><ele>301.8</ele><time>2026-09-19T07:58:13Z</time></trkpt>
<trkpt lat="36.974852" lon="138.800523"><ele>292.6</ele><time>2026-09-19T07:58:24Z</time></trkpt>
<trkpt lat="36.975156" lon="138.800764"><ele>290.2</ele><time>2026-09-19T07:58:27Z</time></trkpt>
<trkpt lat="36.975463" lon="138.801653"><ele>287.8</ele><time>2026-09-19T07:58:33Z</time></trkpt>
<trkpt lat="36.975018" lon="138.803422"><ele>282.0</ele><time>2026-09-19T07:58:45Z</time></trkpt>
<trkpt lat="36.975003" lon="138.803972"><ele>279.4</ele><time>2026-09-19T07:58:49Z</time></trkpt>
<trkpt lat="36.975225" lon="138.804550"><ele>278.8</ele><time>2026-09-19T07:58:54Z</time></trkpt>
<trkpt lat="36.975633" lon="138.804937"><ele>278.6</ele><time>2026-09-19T07:58:59Z</time></trkpt>
<trkpt lat="36.984279" lon="138.807657"><ele>266.0</ele><time>2026-09-19T08:00:44Z</time></trkpt>
<trkpt lat="36.988745" lon="138.809303"><ele>256.4</ele><time>2026-09-19T08:01:51Z</time></trkpt>
<trkpt lat="37.002726" lon="138.816502"><ele>234.4</ele><time>2026-09-19T08:05:19Z</time></trkpt>
<trkpt lat="37.003957" lon="138.817344"><ele>232.8</ele><time>2026-09-19T08:05:35Z</time></trkpt>
<trkpt lat="37.023033" lon="138.834889"><ele>209.4</ele><time>2026-09-19T08:10:48Z</time></trkpt>
<trkpt lat="37.033961" lon="138.847120"><ele>199.0</ele><time>2026-09-19T08:13:53Z</time></trkpt>
<trkpt lat="37.036771" lon="138.850715"><ele>198.8</ele><time>2026-09-19T08:15:13Z</time></trkpt>
<trkpt lat="37.044527" lon="138.863306"><ele>192.8</ele><time>2026-09-19T08:18:52Z</time></trkpt>
<trkpt lat="37.045446" lon="138.864467"><ele>191.2</ele><time>2026-09-19T08:19:07Z</time></trkpt>
<trkpt lat="37.046722" lon="138.865383"><ele>191.2</ele><time>2026-09-19T08:19:25Z</time></trkpt>
<trkpt lat="37.056921" lon="138.870672"><ele>189.2</ele><time>2026-09-19T08:22:49Z</time></trkpt>
<trkpt lat="37.069702" lon="138.880674"><ele>184.8</ele><time>2026-09-19T08:27:45Z</time></trkpt>
<trkpt lat="37.102159" lon="138.894444"><ele>188.8</ele><time>2026-09-19T08:36:49Z</time></trkpt>
<trkpt lat="37.141123" lon="138.910400"><ele>180.0</ele><time>2026-09-19T08:47:00Z</time></trkpt>
<trkpt lat="37.142411" lon="138.910771"><ele>180.2</ele><time>2026-09-19T08:47:18Z</time></trkpt>
<trkpt lat="37.149412" lon="138.911796"><ele>168.8</ele><time>2026-09-19T08:48:44Z</time></trkpt>
<trkpt lat="37.150152" lon="138.911654"><ele>169.2</ele><time>2026-09-19T08:48:59Z</time></trkpt>
<trkpt lat="37.150256" lon="138.911916"><ele>169.4</ele><time>2026-09-19T08:59:35Z</time></trkpt>
<trkpt lat="37.151685" lon="138.912146"><ele>168.6</ele><time>2026-09-19T08:59:59Z</time></trkpt>
<trkpt lat="37.152985" lon="138.912701"><ele>166.8</ele><time>2026-09-19T09:00:16Z</time></trkpt>
<trkpt lat="37.159014" lon="138.915535"><ele>153.6</ele><time>2026-09-19T09:01:35Z</time></trkpt>
<trkpt lat="37.159779" lon="138.916071"><ele>153.0</ele><time>2026-09-19T09:01:45Z</time></trkpt>
<trkpt lat="37.160504" lon="138.917126"><ele>151.4</ele><time>2026-09-19T09:01:57Z</time></trkpt>
<trkpt lat="37.163653" lon="138.923170"><ele>145.8</ele><time>2026-09-19T09:02:59Z</time></trkpt>
<trkpt lat="37.164342" lon="138.923795"><ele>144.6</ele><time>2026-09-19T09:03:09Z</time></trkpt>
<trkpt lat="37.173134" lon="138.923493"><ele>136.4</ele><time>2026-09-19T09:06:16Z</time></trkpt>
<trkpt lat="37.175849" lon="138.923732"><ele>135.6</ele><time>2026-09-19T09:06:48Z</time></trkpt>
<trkpt lat="37.177078" lon="138.924170"><ele>136.2</ele><time>2026-09-19T09:07:03Z</time></trkpt>
<trkpt lat="37.179172" lon="138.925530"><ele>133.8</ele><time>2026-09-19T09:07:30Z</time></trkpt>
<trkpt lat="37.188663" lon="138.932463"><ele>128.6</ele><time>2026-09-19T09:09:36Z</time></trkpt>
<trkpt lat="37.189379" lon="138.933279"><ele>127.8</ele><time>2026-09-19T09:09:48Z</time></trkpt>
<trkpt lat="37.190017" lon="138.934355"><ele>127.6</ele><time>2026-09-19T09:10:02Z</time></trkpt>
<trkpt lat="37.191216" lon="138.935185"><ele>126.4</ele><time>2026-09-19T09:10:23Z</time></trkpt>
<trkpt lat="37.195383" lon="138.939806"><ele>124.4</ele><time>2026-09-19T09:11:34Z</time></trkpt>
<trkpt lat="37.197859" lon="138.941947"><ele>125.0</ele><time>2026-09-19T09:12:14Z</time></trkpt>
<trkpt lat="37.199124" lon="138.944189"><ele>125.8</ele><time>2026-09-19T09:12:44Z</time></trkpt>
<trkpt lat="37.200494" lon="138.945216"><ele>125.8</ele><time>2026-09-19T09:13:06Z</time></trkpt>
<trkpt lat="37.202865" lon="138.948009"><ele>125.2</ele><time>2026-09-19T09:13:49Z</time></trkpt>
<trkpt lat="37.203716" lon="138.948620"><ele>124.2</ele><time>2026-09-19T09:14:02Z</time></trkpt>
<trkpt lat="37.204411" lon="138.948893"><ele>124.0</ele><time>2026-09-19T09:14:11Z</time></trkpt>
<trkpt lat="37.205114" lon="138.949570"><ele>123.4</ele><time>2026-09-19T09:14:22Z</time></trkpt>
<trkpt lat="37.206085" lon="138.950092"><ele>122.2</ele><time>2026-09-19T09:14:35Z</time></trkpt>
<trkpt lat="37.206995" lon="138.951034"><ele>122.2</ele><time>2026-09-19T09:14:51Z</time></trkpt>
<trkpt lat="37.208306" lon="138.952771"><ele>122.2</ele><time>2026-09-19T09:15:27Z</time></trkpt>
<trkpt lat="37.221895" lon="138.955767"><ele>113.4</ele><time>2026-09-19T09:18:33Z</time></trkpt>
<trkpt lat="37.223447" lon="138.957223"><ele>112.6</ele><time>2026-09-19T09:19:05Z</time></trkpt>
<trkpt lat="37.223965" lon="138.957473"><ele>112.6</ele><time>2026-09-19T09:19:13Z</time></trkpt>
<trkpt lat="37.224451" lon="138.957447"><ele>113.4</ele><time>2026-09-19T09:19:21Z</time></trkpt>
<trkpt lat="37.225371" lon="138.957044"><ele>118.6</ele><time>2026-09-19T09:19:39Z</time></trkpt>
<trkpt lat="37.225437" lon="138.956262"><ele>121.0</ele><time>2026-09-19T09:19:53Z</time></trkpt>
<trkpt lat="37.225598" lon="138.955919"><ele>122.0</ele><time>2026-09-19T09:20:00Z</time></trkpt>
<trkpt lat="37.227083" lon="138.956413"><ele>123.8</ele><time>2026-09-19T09:20:26Z</time></trkpt>
<trkpt lat="37.228313" lon="138.956448"><ele>128.2</ele><time>2026-09-19T09:20:49Z</time></trkpt>
<trkpt lat="37.228886" lon="138.956226"><ele>129.2</ele><time>2026-09-19T09:21:00Z</time></trkpt>
<trkpt lat="37.229788" lon="138.955376"><ele>127.6</ele><time>2026-09-19T09:21:18Z</time></trkpt>
<trkpt lat="37.231292" lon="138.954435"><ele>120.4</ele><time>2026-09-19T09:21:43Z</time></trkpt>
<trkpt lat="37.231430" lon="138.953952"><ele>120.4</ele><time>2026-09-19T09:21:55Z</time></trkpt>
<trkpt lat="37.232319" lon="138.952859"><ele>114.2</ele><time>2026-09-19T09:22:11Z</time></trkpt>
<trkpt lat="37.232613" lon="138.952797"><ele>112.4</ele><time>2026-09-19T09:22:59Z</time></trkpt>
<trkpt lat="37.233097" lon="138.952355"><ele>111.0</ele><time>2026-09-19T09:23:09Z</time></trkpt>
<trkpt lat="37.234396" lon="138.951915"><ele>109.2</ele><time>2026-09-19T09:23:46Z</time></trkpt>
<trkpt lat="37.235105" lon="138.951493"><ele>108.4</ele><time>2026-09-19T09:23:57Z</time></trkpt>
<trkpt lat="37.236072" lon="138.950448"><ele>109.0</ele><time>2026-09-19T09:24:14Z</time></trkpt>
<trkpt lat="37.236488" lon="138.949451"><ele>110.0</ele><time>2026-09-19T09:24:25Z</time></trkpt>
<trkpt lat="37.236603" lon="138.948475"><ele>108.6</ele><time>2026-09-19T09:24:34Z</time></trkpt>
<trkpt lat="37.236441" lon="138.947124"><ele>108.4</ele><time>2026-09-19T09:24:48Z</time></trkpt>
<trkpt lat="37.236479" lon="138.943789"><ele>107.6</ele><time>2026-09-19T09:25:24Z</time></trkpt>
<trkpt lat="37.238444" lon="138.936558"><ele>103.0</ele><time>2026-09-19T09:26:45Z</time></trkpt>
<trkpt lat="37.238201" lon="138.935500"><ele>105.8</ele><time>2026-09-19T09:27:02Z</time></trkpt>
<trkpt lat="37.238203" lon="138.932075"><ele>105.2</ele><time>2026-09-19T09:27:51Z</time></trkpt>
<trkpt lat="37.238422" lon="138.931299"><ele>105.0</ele><time>2026-09-19T09:28:00Z</time></trkpt>
<trkpt lat="37.239638" lon="138.928573"><ele>104.0</ele><time>2026-09-19T09:28:43Z</time></trkpt>
<trkpt lat="37.241524" lon="138.924457"><ele>105.6</ele><time>2026-09-19T09:29:46Z</time></trkpt>
<trkpt lat="37.242088" lon="138.923617"><ele>106.4</ele><time>2026-09-19T09:29:58Z</time></trkpt>
<trkpt lat="37.242837" lon="138.922961"><ele>108.0</ele><time>2026-09-19T09:30:47Z</time></trkpt>
<trkpt lat="37.244703" lon="138.921958"><ele>102.4</ele><time>2026-09-19T09:31:14Z</time></trkpt>
<trkpt lat="37.245749" lon="138.921189"><ele>102.4</ele><time>2026-09-19T09:31:30Z</time></trkpt>
<trkpt lat="37.246588" lon="138.920270"><ele>103.8</ele><time>2026-09-19T09:31:46Z</time></trkpt>
<trkpt lat="37.247282" lon="138.919168"><ele>103.0</ele><time>2026-09-19T09:32:01Z</time></trkpt>
<trkpt lat="37.251748" lon="138.909625"><ele>95.6</ele><time>2026-09-19T09:34:03Z</time></trkpt>
<trkpt lat="37.258849" lon="138.892105"><ele>91.0</ele><time>2026-09-19T09:37:56Z</time></trkpt>
<trkpt lat="37.261443" lon="138.888531"><ele>92.4</ele><time>2026-09-19T09:38:53Z</time></trkpt>
<trkpt lat="37.262052" lon="138.888118"><ele>92.6</ele><time>2026-09-19T09:39:03Z</time></trkpt>
<trkpt lat="37.263148" lon="138.887978"><ele>95.8</ele><time>2026-09-19T09:39:22Z</time></trkpt>
<trkpt lat="37.263731" lon="138.887697"><ele>98.0</ele><time>2026-09-19T09:39:34Z</time></trkpt>
<trkpt lat="37.264443" lon="138.886964"><ele>99.4</ele><time>2026-09-19T09:39:49Z</time></trkpt>
<trkpt lat="37.265197" lon="138.885746"><ele>95.8</ele><time>2026-09-19T09:40:05Z</time></trkpt>
<trkpt lat="37.265399" lon="138.884088"><ele>91.8</ele><time>2026-09-19T09:40:21Z</time></trkpt>
<trkpt lat="37.265263" lon="138.883523"><ele>91.2</ele><time>2026-09-19T09:40:27Z</time></trkpt>
<trkpt lat="37.264957" lon="138.883103"><ele>90.8</ele><time>2026-09-19T09:40:33Z</time></trkpt>
<trkpt lat="37.264584" lon="138.882878"><ele>91.4</ele><time>2026-09-19T09:40:39Z</time></trkpt>
<trkpt lat="37.260959" lon="138.881857"><ele>101.6</ele><time>2026-09-19T09:41:44Z</time></trkpt>
<trkpt lat="37.260102" lon="138.881202"><ele>100.4</ele><time>2026-09-19T09:41:58Z</time></trkpt>
<trkpt lat="37.259004" lon="138.879938"><ele>97.0</ele><time>2026-09-19T09:42:18Z</time></trkpt>
<trkpt lat="37.258869" lon="138.879347"><ele>95.0</ele><time>2026-09-19T09:42:24Z</time></trkpt>
<trkpt lat="37.258942" lon="138.878829"><ele>93.0</ele><time>2026-09-19T09:42:29Z</time></trkpt>
<trkpt lat="37.260704" lon="138.875071"><ele>92.0</ele><time>2026-09-19T09:43:14Z</time></trkpt>
<trkpt lat="37.260806" lon="138.874335"><ele>92.6</ele><time>2026-09-19T09:43:22Z</time></trkpt>
<trkpt lat="37.260618" lon="138.873717"><ele>92.8</ele><time>2026-09-19T09:43:29Z</time></trkpt>
<trkpt lat="37.260225" lon="138.873308"><ele>93.2</ele><time>2026-09-19T09:43:36Z</time></trkpt>
<trkpt lat="37.258440" lon="138.872867"><ele>98.2</ele><time>2026-09-19T09:44:06Z</time></trkpt>
<trkpt lat="37.257797" lon="138.872427"><ele>99.8</ele><time>2026-09-19T09:44:19Z</time></trkpt>
<trkpt lat="37.257553" lon="138.871925"><ele>100.2</ele><time>2026-09-19T09:44:27Z</time></trkpt>
<trkpt lat="37.257474" lon="138.871373"><ele>100.0</ele><time>2026-09-19T09:44:34Z</time></trkpt>
<trkpt lat="37.257570" lon="138.870864"><ele>99.6</ele><time>2026-09-19T09:44:40Z</time></trkpt>
<trkpt lat="37.257828" lon="138.870423"><ele>99.0</ele><time>2026-09-19T09:44:46Z</time></trkpt>
<trkpt lat="37.263140" lon="138.866676"><ele>95.0</ele><time>2026-09-19T09:46:08Z</time></trkpt>
<trkpt lat="37.265485" lon="138.865832"><ele>83.6</ele><time>2026-09-19T09:46:33Z</time></trkpt>
<trkpt lat="37.267327" lon="138.864622"><ele>77.8</ele><time>2026-09-19T09:46:54Z</time></trkpt>
<trkpt lat="37.267899" lon="138.863761"><ele>78.0</ele><time>2026-09-19T09:47:04Z</time></trkpt>
<trkpt lat="37.268787" lon="138.861528"><ele>77.8</ele><time>2026-09-19T09:47:28Z</time></trkpt>
<trkpt lat="37.273043" lon="138.855707"><ele>83.4</ele><time>2026-09-19T09:49:19Z</time></trkpt>
<trkpt lat="37.273611" lon="138.855461"><ele>86.4</ele><time>2026-09-19T09:49:33Z</time></trkpt>
<trkpt lat="37.275383" lon="138.855462"><ele>93.0</ele><time>2026-09-19T09:50:12Z</time></trkpt>
<trkpt lat="37.276455" lon="138.855143"><ele>96.2</ele><time>2026-09-19T09:50:35Z</time></trkpt>
<trkpt lat="37.277233" lon="138.854467"><ele>100.0</ele><time>2026-09-19T09:50:55Z</time></trkpt>
<trkpt lat="37.278996" lon="138.852391"><ele>111.2</ele><time>2026-09-19T09:51:55Z</time></trkpt>
<trkpt lat="37.279789" lon="138.851865"><ele>116.2</ele><time>2026-09-19T09:52:17Z</time></trkpt>
<trkpt lat="37.281551" lon="138.851193"><ele>126.6</ele><time>2026-09-19T09:53:02Z</time></trkpt>
<trkpt lat="37.283411" lon="138.849508"><ele>127.2</ele><time>2026-09-19T09:53:40Z</time></trkpt>
<trkpt lat="37.284193" lon="138.848379"><ele>126.2</ele><time>2026-09-19T09:53:58Z</time></trkpt>
<trkpt lat="37.285485" lon="138.845018"><ele>126.4</ele><time>2026-09-19T09:54:40Z</time></trkpt>
<trkpt lat="37.286616" lon="138.842777"><ele>122.2</ele><time>2026-09-19T09:55:05Z</time></trkpt>
<trkpt lat="37.286760" lon="138.842146"><ele>120.8</ele><time>2026-09-19T09:55:11Z</time></trkpt>
<trkpt lat="37.286752" lon="138.840430"><ele>118.4</ele><time>2026-09-19T09:55:27Z</time></trkpt>
<trkpt lat="37.287442" lon="138.839036"><ele>115.6</ele><time>2026-09-19T09:55:42Z</time></trkpt>
<trkpt lat="37.288440" lon="138.837991"><ele>112.0</ele><time>2026-09-19T09:55:56Z</time></trkpt>
<trkpt lat="37.290965" lon="138.836701"><ele>108.2</ele><time>2026-09-19T09:56:26Z</time></trkpt>
<trkpt lat="37.292744" lon="138.835257"><ele>113.6</ele><time>2026-09-19T09:56:58Z</time></trkpt>
<trkpt lat="37.298012" lon="138.827157"><ele>116.4</ele><time>2026-09-19T09:59:10Z</time></trkpt>
<trkpt lat="37.299645" lon="138.825128"><ele>112.4</ele><time>2026-09-19T09:59:52Z</time></trkpt>
<trkpt lat="37.300880" lon="138.824021"><ele>115.4</ele><time>2026-09-19T10:00:17Z</time></trkpt>
<trkpt lat="37.302076" lon="138.823218"><ele>115.8</ele><time>2026-09-19T10:00:38Z</time></trkpt>
<trkpt lat="37.304703" lon="138.821850"><ele>110.8</ele><time>2026-09-19T10:01:15Z</time></trkpt>
<trkpt lat="37.307946" lon="138.819059"><ele>114.8</ele><time>2026-09-19T10:02:20Z</time></trkpt>
<trkpt lat="37.311423" lon="138.817708"><ele>115.0</ele><time>2026-09-19T10:03:11Z</time></trkpt>
<trkpt lat="37.312398" lon="138.817719"><ele>112.4</ele><time>2026-09-19T10:03:21Z</time></trkpt>
<trkpt lat="37.322395" lon="138.820041"><ele>80.0</ele><time>2026-09-19T10:04:59Z</time></trkpt>
<trkpt lat="37.323219" lon="138.819831"><ele>77.4</ele><time>2026-09-19T10:05:08Z</time></trkpt>
<trkpt lat="37.325270" lon="138.818644"><ele>71.0</ele><time>2026-09-19T10:05:29Z</time></trkpt>
<trkpt lat="37.332647" lon="138.812470"><ele>64.2</ele><time>2026-09-19T10:07:43Z</time></trkpt>
<trkpt lat="37.333961" lon="138.811718"><ele>64.6</ele><time>2026-09-19T10:08:04Z</time></trkpt>
<trkpt lat="37.335185" lon="138.811436"><ele>64.0</ele><time>2026-09-19T10:08:21Z</time></trkpt>
<trkpt lat="37.336582" lon="138.811627"><ele>63.6</ele><time>2026-09-19T10:08:40Z</time></trkpt>
<trkpt lat="37.337759" lon="138.812225"><ele>63.4</ele><time>2026-09-19T10:08:56Z</time></trkpt>
<trkpt lat="37.342433" lon="138.815848"><ele>62.2</ele><time>2026-09-19T10:10:09Z</time></trkpt>
<trkpt lat="37.343347" lon="138.816831"><ele>61.4</ele><time>2026-09-19T10:10:25Z</time></trkpt>
<trkpt lat="37.343794" lon="138.817684"><ele>59.8</ele><time>2026-09-19T10:10:35Z</time></trkpt>
<trkpt lat="37.344104" lon="138.818761"><ele>58.4</ele><time>2026-09-19T10:10:46Z</time></trkpt>
<trkpt lat="37.345370" lon="138.827154"><ele>63.8</ele><time>2026-09-19T10:12:49Z</time></trkpt>
<trkpt lat="37.346022" lon="138.828308"><ele>63.6</ele><time>2026-09-19T10:13:38Z</time></trkpt>
<trkpt lat="37.347060" lon="138.828972"><ele>61.2</ele><time>2026-09-19T10:13:55Z</time></trkpt>
<trkpt lat="37.347900" lon="138.829094"><ele>60.6</ele><time>2026-09-19T10:14:06Z</time></trkpt>
<trkpt lat="37.353765" lon="138.829020"><ele>54.8</ele><time>2026-09-19T10:15:25Z</time></trkpt>
<trkpt lat="37.355313" lon="138.829243"><ele>52.2</ele><time>2026-09-19T10:15:43Z</time></trkpt>
<trkpt lat="37.357049" lon="138.830109"><ele>51.0</ele><time>2026-09-19T10:16:05Z</time></trkpt>
<trkpt lat="37.359509" lon="138.832319"><ele>49.4</ele><time>2026-09-19T10:16:42Z</time></trkpt>
<trkpt lat="37.360998" lon="138.833319"><ele>49.4</ele><time>2026-09-19T10:17:03Z</time></trkpt>
<trkpt lat="37.362997" lon="138.834134"><ele>48.6</ele><time>2026-09-19T10:17:29Z</time></trkpt>
<trkpt lat="37.364769" lon="138.834430"><ele>48.4</ele><time>2026-09-19T10:17:55Z</time></trkpt>
<trkpt lat="37.382590" lon="138.834360"><ele>44.2</ele><time>2026-09-19T10:22:01Z</time></trkpt>
<trkpt lat="37.386133" lon="138.834122"><ele>44.2</ele><time>2026-09-19T10:22:51Z</time></trkpt>
<trkpt lat="37.388331" lon="138.834469"><ele>44.0</ele><time>2026-09-19T10:23:23Z</time></trkpt>
<trkpt lat="37.410087" lon="138.834261"><ele>40.6</ele><time>2026-09-19T10:28:54Z</time></trkpt>
<trkpt lat="37.411532" lon="138.834057"><ele>40.8</ele><time>2026-09-19T10:29:14Z</time></trkpt>
<trkpt lat="37.415816" lon="138.832915"><ele>43.0</ele><time>2026-09-19T10:30:26Z</time></trkpt>
<trkpt lat="37.416002" lon="138.832773"><ele>42.4</ele><time>2026-09-19T10:30:32Z</time></trkpt>
<trkpt lat="37.416014" lon="138.832326"><ele>41.2</ele><time>2026-09-19T10:30:41Z</time></trkpt>
<trkpt lat="37.416032" lon="138.832884"><ele>41.6</ele><time>2026-09-19T10:42:04Z</time></trkpt>
<trkpt lat="37.417478" lon="138.833067"><ele>39.2</ele><time>2026-09-19T10:42:27Z</time></trkpt>
<trkpt lat="37.418917" lon="138.833735"><ele>39.0</ele><time>2026-09-19T10:42:48Z</time></trkpt>
<trkpt lat="37.421656" lon="138.835948"><ele>39.6</ele><time>2026-09-19T10:43:46Z</time></trkpt>
<trkpt lat="37.431055" lon="138.842090"><ele>37.0</ele><time>2026-09-19T10:46:21Z</time></trkpt>
<trkpt lat="37.432624" lon="138.843591"><ele>36.2</ele><time>2026-09-19T10:46:49Z</time></trkpt>
<trkpt lat="37.433172" lon="138.843920"><ele>36.4</ele><time>2026-09-19T10:47:39Z</time></trkpt>
<trkpt lat="37.440878" lon="138.845232"><ele>35.8</ele><time>2026-09-19T10:49:34Z</time></trkpt>
<trkpt lat="37.445471" lon="138.849405"><ele>34.8</ele><time>2026-09-19T10:51:28Z</time></trkpt>
<trkpt lat="37.447172" lon="138.850382"><ele>35.2</ele><time>2026-09-19T10:52:02Z</time></trkpt>
<trkpt lat="37.451918" lon="138.852158"><ele>34.6</ele><time>2026-09-19T10:55:17Z</time></trkpt>
<trkpt lat="37.462717" lon="138.856872"><ele>33.0</ele><time>2026-09-19T10:59:01Z</time></trkpt>
<trkpt lat="37.465089" lon="138.857703"><ele>33.4</ele><time>2026-09-19T11:00:19Z</time></trkpt>
<trkpt lat="37.466362" lon="138.857408"><ele>32.8</ele><time>2026-09-19T11:00:41Z</time></trkpt>
<trkpt lat="37.480949" lon="138.863151"><ele>32.2</ele><time>2026-09-19T11:05:33Z</time></trkpt>
<trkpt lat="37.482067" lon="138.863338"><ele>33.0</ele><time>2026-09-19T11:06:22Z</time></trkpt>
<trkpt lat="37.483953" lon="138.863309"><ele>31.6</ele><time>2026-09-19T11:06:48Z</time></trkpt>
<trkpt lat="37.496152" lon="138.860826"><ele>31.8</ele><time>2026-09-19T11:09:34Z</time></trkpt>
<trkpt lat="37.503949" lon="138.861474"><ele>32.4</ele><time>2026-09-19T11:11:39Z</time></trkpt>
<trkpt lat="37.509502" lon="138.860677"><ele>32.2</ele><time>2026-09-19T11:12:55Z</time></trkpt>
<trkpt lat="37.510549" lon="138.860855"><ele>32.0</ele><time>2026-09-19T11:13:09Z</time></trkpt>
<trkpt lat="37.511506" lon="138.861572"><ele>31.6</ele><time>2026-09-19T11:13:24Z</time></trkpt>
<trkpt lat="37.522971" lon="138.874612"><ele>30.4</ele><time>2026-09-19T11:17:14Z</time></trkpt>
<trkpt lat="37.523242" lon="138.874984"><ele>31.2</ele><time>2026-09-19T11:17:22Z</time></trkpt>
<trkpt lat="37.523383" lon="138.876133"><ele>31.2</ele><time>2026-09-19T11:17:47Z</time></trkpt>
<trkpt lat="37.523542" lon="138.876313"><ele>31.2</ele><time>2026-09-19T11:17:51Z</time></trkpt>
<trkpt lat="37.526861" lon="138.876798"><ele>31.2</ele><time>2026-09-19T11:18:35Z</time></trkpt>
<trkpt lat="37.531276" lon="138.877040"><ele>30.0</ele><time>2026-09-19T11:19:28Z</time></trkpt>
<trkpt lat="37.532482" lon="138.877531"><ele>31.2</ele><time>2026-09-19T11:19:43Z</time></trkpt>
<trkpt lat="37.533861" lon="138.878551"><ele>33.0</ele><time>2026-09-19T11:20:04Z</time></trkpt>
<trkpt lat="37.534180" lon="138.878642"><ele>32.0</ele><time>2026-09-19T11:20:08Z</time></trkpt>
<trkpt lat="37.534546" lon="138.878298"><ele>29.8</ele><time>2026-09-19T11:20:14Z</time></trkpt>
<trkpt lat="37.534512" lon="138.876986"><ele>30.4</ele><time>2026-09-19T11:20:32Z</time></trkpt>
<trkpt lat="37.536582" lon="138.877021"><ele>30.6</ele><time>2026-09-19T11:22:02Z</time></trkpt>
<trkpt lat="37.537462" lon="138.876473"><ele>29.4</ele><time>2026-09-19T11:22:19Z</time></trkpt>
<trkpt lat="37.538775" lon="138.875277"><ele>28.6</ele><time>2026-09-19T11:22:41Z</time></trkpt>
<trkpt lat="37.539759" lon="138.875018"><ele>28.4</ele><time>2026-09-19T11:22:54Z</time></trkpt>
<trkpt lat="37.540451" lon="138.875209"><ele>28.2</ele><time>2026-09-19T11:23:03Z</time></trkpt>
<trkpt lat="37.543710" lon="138.877360"><ele>27.8</ele><time>2026-09-19T11:23:51Z</time></trkpt>
<trkpt lat="37.544333" lon="138.877392"><ele>27.6</ele><time>2026-09-19T11:23:59Z</time></trkpt>
<trkpt lat="37.547464" lon="138.876819"><ele>28.8</ele><time>2026-09-19T11:25:06Z</time></trkpt>
<trkpt lat="37.548885" lon="138.877639"><ele>28.4</ele><time>2026-09-19T11:25:30Z</time></trkpt>
<trkpt lat="37.549635" lon="138.877722"><ele>28.0</ele><time>2026-09-19T11:25:40Z</time></trkpt>
<trkpt lat="37.552239" lon="138.876728"><ele>27.8</ele><time>2026-09-19T11:26:16Z</time></trkpt>
<trkpt lat="37.556400" lon="138.873092"><ele>28.4</ele><time>2026-09-19T11:27:25Z</time></trkpt>
<trkpt lat="37.557387" lon="138.872473"><ele>28.2</ele><time>2026-09-19T11:27:40Z</time></trkpt>
<trkpt lat="37.557814" lon="138.872412"><ele>28.2</ele><time>2026-09-19T11:27:46Z</time></trkpt>
<trkpt lat="37.560257" lon="138.873052"><ele>28.2</ele><time>2026-09-19T11:28:20Z</time></trkpt>
<trkpt lat="37.560779" lon="138.873003"><ele>28.2</ele><time>2026-09-19T11:28:27Z</time></trkpt>
<trkpt lat="37.561789" lon="138.872470"><ele>28.0</ele><time>2026-09-19T11:28:41Z</time></trkpt>
<trkpt lat="37.563885" lon="138.871932"><ele>27.8</ele><time>2026-09-19T11:29:09Z</time></trkpt>
<trkpt lat="37.565397" lon="138.870648"><ele>27.2</ele><time>2026-09-19T11:29:33Z</time></trkpt>
<trkpt lat="37.566157" lon="138.869693"><ele>27.6</ele><time>2026-09-19T11:29:48Z</time></trkpt>
<trkpt lat="37.567456" lon="138.869344"><ele>27.6</ele><time>2026-09-19T11:30:06Z</time></trkpt>
<trkpt lat="37.568349" lon="138.869484"><ele>27.2</ele><time>2026-09-19T11:30:18Z</time></trkpt>
<trkpt lat="37.569422" lon="138.869998"><ele>27.0</ele><time>2026-09-19T11:30:33Z</time></trkpt>
<trkpt lat="37.570776" lon="138.871521"><ele>26.4</ele><time>2026-09-19T11:30:58Z</time></trkpt>
<trkpt lat="37.572145" lon="138.872290"><ele>26.6</ele><time>2026-09-19T11:31:18Z</time></trkpt>
<trkpt lat="37.573452" lon="138.872364"><ele>26.8</ele><time>2026-09-19T11:31:35Z</time></trkpt>
<trkpt lat="37.575246" lon="138.872721"><ele>26.8</ele><time>2026-09-19T11:31:59Z</time></trkpt>
<trkpt lat="37.577644" lon="138.872720"><ele>27.4</ele><time>2026-09-19T11:32:40Z</time></trkpt>
<trkpt lat="37.578701" lon="138.875753"><ele>34.4</ele><time>2026-09-19T11:34:08Z</time></trkpt>
<trkpt lat="37.579289" lon="138.876008"><ele>32.6</ele><time>2026-09-19T11:34:19Z</time></trkpt>
<trkpt lat="37.580805" lon="138.875731"><ele>27.0</ele><time>2026-09-19T11:34:39Z</time></trkpt>
<trkpt lat="37.583374" lon="138.876572"><ele>27.2</ele><time>2026-09-19T11:35:13Z</time></trkpt>
<trkpt lat="37.586510" lon="138.875171"><ele>26.0</ele><time>2026-09-19T11:35:58Z</time></trkpt>
<trkpt lat="37.589192" lon="138.874470"><ele>25.8</ele><time>2026-09-19T11:36:36Z</time></trkpt>
<trkpt lat="37.590191" lon="138.874398"><ele>26.0</ele><time>2026-09-19T11:36:50Z</time></trkpt>
<trkpt lat="37.592956" lon="138.875453"><ele>25.8</ele><time>2026-09-19T11:37:30Z</time></trkpt>
<trkpt lat="37.594336" lon="138.875771"><ele>26.0</ele><time>2026-09-19T11:37:50Z</time></trkpt>
<trkpt lat="37.599334" lon="138.878316"><ele>25.6</ele><time>2026-09-19T11:39:04Z</time></trkpt>
<trkpt lat="37.600253" lon="138.879338"><ele>25.8</ele><time>2026-09-19T11:39:21Z</time></trkpt>
<trkpt lat="37.601744" lon="138.882098"><ele>25.8</ele><time>2026-09-19T11:39:57Z</time></trkpt>
<trkpt lat="37.602616" lon="138.883085"><ele>25.8</ele><time>2026-09-19T11:40:13Z</time></trkpt>
<trkpt lat="37.604703" lon="138.884987"><ele>25.6</ele><time>2026-09-19T11:40:49Z</time></trkpt>
<trkpt lat="37.606539" lon="138.886164"><ele>25.6</ele><time>2026-09-19T11:41:18Z</time></trkpt>
<trkpt lat="37.607494" lon="138.886558"><ele>25.4</ele><time>2026-09-19T11:41:31Z</time></trkpt>
<trkpt lat="37.608334" lon="138.886591"><ele>25.4</ele><time>2026-09-19T11:41:42Z</time></trkpt>
<trkpt lat="37.612705" lon="138.885418"><ele>25.8</ele><time>2026-09-19T11:42:42Z</time></trkpt>
<trkpt lat="37.613632" lon="138.885378"><ele>25.6</ele><time>2026-09-19T11:42:55Z</time></trkpt>
<trkpt lat="37.614653" lon="138.885840"><ele>25.6</ele><time>2026-09-19T11:43:10Z</time></trkpt>
<trkpt lat="37.616503" lon="138.887782"><ele>26.2</ele><time>2026-09-19T11:43:44Z</time></trkpt>
<trkpt lat="37.616819" lon="138.888454"><ele>27.4</ele><time>2026-09-19T11:43:54Z</time></trkpt>
<trkpt lat="37.617718" lon="138.891544"><ele>28.8</ele><time>2026-09-19T11:44:32Z</time></trkpt>
<trkpt lat="37.617223" lon="138.894945"><ele>28.4</ele><time>2026-09-19T11:45:10Z</time></trkpt>
<trkpt lat="37.616684" lon="138.896887"><ele>28.4</ele><time>2026-09-19T11:45:33Z</time></trkpt>
<trkpt lat="37.616725" lon="138.897424"><ele>28.4</ele><time>2026-09-19T11:45:39Z</time></trkpt>
<trkpt lat="37.617524" lon="138.900084"><ele>28.2</ele><time>2026-09-19T11:46:10Z</time></trkpt>
<trkpt lat="37.617939" lon="138.900710"><ele>28.2</ele><time>2026-09-19T11:46:19Z</time></trkpt>
<trkpt lat="37.618417" lon="138.901103"><ele>28.4</ele><time>2026-09-19T11:46:27Z</time></trkpt>
<trkpt lat="37.618954" lon="138.901313"><ele>28.4</ele><time>2026-09-19T11:46:35Z</time></trkpt>
<trkpt lat="37.619684" lon="138.901343"><ele>28.2</ele><time>2026-09-19T11:46:45Z</time></trkpt>
<trkpt lat="37.620984" lon="138.902052"><ele>28.4</ele><time>2026-09-19T11:47:05Z</time></trkpt>
<trkpt lat="37.622088" lon="138.903549"><ele>28.2</ele><time>2026-09-19T11:47:27Z</time></trkpt>
<trkpt lat="37.623387" lon="138.906218"><ele>28.4</ele><time>2026-09-19T11:48:01Z</time></trkpt>
<trkpt lat="37.624388" lon="138.908587"><ele>28.4</ele><time>2026-09-19T11:48:30Z</time></trkpt>
<trkpt lat="37.626924" lon="138.916756"><ele>28.6</ele><time>2026-09-19T11:50:08Z</time></trkpt>
<trkpt lat="37.627236" lon="138.918524"><ele>28.2</ele><time>2026-09-19T11:50:28Z</time></trkpt>
<trkpt lat="37.627362" lon="138.922061"><ele>28.8</ele><time>2026-09-19T11:51:13Z</time></trkpt>
<trkpt lat="37.628248" lon="138.921795"><ele>28.6</ele><time>2026-09-19T11:51:31Z</time></trkpt>
<trkpt lat="37.631958" lon="138.919403"><ele>31.6</ele><time>2026-09-19T11:52:42Z</time></trkpt>
<trkpt lat="37.633616" lon="138.916026"><ele>28.8</ele><time>2026-09-19T11:53:29Z</time></trkpt>
<trkpt lat="37.634803" lon="138.915142"><ele>28.6</ele><time>2026-09-19T11:53:48Z</time></trkpt>
<trkpt lat="37.640882" lon="138.914054"><ele>25.6</ele><time>2026-09-19T11:55:29Z</time></trkpt>
<trkpt lat="37.643180" lon="138.918663"><ele>26.2</ele><time>2026-09-19T11:57:28Z</time></trkpt>
<trkpt lat="37.644372" lon="138.920294"><ele>26.0</ele><time>2026-09-19T11:57:57Z</time></trkpt>
<trkpt lat="37.644702" lon="138.920549"><ele>25.8</ele><time>2026-09-19T11:58:03Z</time></trkpt>
<trkpt lat="37.645157" lon="138.920643"><ele>26.0</ele><time>2026-09-19T11:58:10Z</time></trkpt>
<trkpt lat="37.646285" lon="138.920485"><ele>25.8</ele><time>2026-09-19T11:58:26Z</time></trkpt>
<trkpt lat="37.649280" lon="138.920687"><ele>26.0</ele><time>2026-09-19T11:59:09Z</time></trkpt>
<trkpt lat="37.649608" lon="138.920506"><ele>26.2</ele><time>2026-09-19T11:59:15Z</time></trkpt>
<trkpt lat="37.650665" lon="138.919368"><ele>29.6</ele><time>2026-09-19T11:59:38Z</time></trkpt>
<trkpt lat="37.651759" lon="138.919092"><ele>29.6</ele><time>2026-09-19T11:59:59Z</time></trkpt>
<trkpt lat="37.651822" lon="138.920394"><ele>31.4</ele><time>2026-09-19T12:00:30Z</time></trkpt>
<trkpt lat="37.652123" lon="138.921678"><ele>33.4</ele><time>2026-09-19T12:00:49Z</time></trkpt>
<trkpt lat="37.654698" lon="138.926970"><ele>28.0</ele><time>2026-09-19T12:02:59Z</time></trkpt>
<trkpt lat="37.655159" lon="138.929436"><ele>26.6</ele><time>2026-09-19T12:03:38Z</time></trkpt>
<trkpt lat="37.653794" lon="138.930233"><ele>25.8</ele><time>2026-09-19T12:04:25Z</time></trkpt>
<trkpt lat="37.648866" lon="138.936663"><ele>26.2</ele><time>2026-09-19T12:06:58Z</time></trkpt></trkseg><trkseg>
<trkpt lat="37.649009" lon="138.936182"><ele>0.2</ele><time>2026-09-19T19:37:44Z</time></trkpt>
<trkpt lat="37.653816" lon="138.930112"><ele>16.8</ele><time>2026-09-19T19:40:39Z</time></trkpt>
<trkpt lat="37.655157" lon="138.929494"><ele>17.4</ele><time>2026-09-19T19:41:07Z</time></trkpt>
<trkpt lat="37.655959" lon="138.937945"><ele>17.2</ele><time>2026-09-19T19:43:57Z</time></trkpt>
<trkpt lat="37.656796" lon="138.941837"><ele>17.4</ele><time>2026-09-19T19:44:47Z</time></trkpt>
<trkpt lat="37.656544" lon="138.946578"><ele>21.2</ele><time>2026-09-19T19:45:59Z</time></trkpt>
<trkpt lat="37.660323" lon="138.947120"><ele>20.8</ele><time>2026-09-19T19:47:02Z</time></trkpt>
<trkpt lat="37.660524" lon="138.950816"><ele>20.8</ele><time>2026-09-19T19:47:53Z</time></trkpt>
<trkpt lat="37.662669" lon="138.953074"><ele>21.0</ele><time>2026-09-19T19:48:37Z</time></trkpt>
<trkpt lat="37.665877" lon="138.954069"><ele>20.8</ele><time>2026-09-19T19:49:29Z</time></trkpt>
<trkpt lat="37.670808" lon="138.954718"><ele>21.0</ele><time>2026-09-19T19:50:47Z</time></trkpt>
<trkpt lat="37.673284" lon="138.954233"><ele>20.6</ele><time>2026-09-19T19:51:27Z</time></trkpt>
<trkpt lat="37.675702" lon="138.955702"><ele>20.8</ele><time>2026-09-19T19:52:08Z</time></trkpt>
<trkpt lat="37.677531" lon="138.958027"><ele>20.2</ele><time>2026-09-19T19:52:49Z</time></trkpt>
<trkpt lat="37.679908" lon="138.957055"><ele>14.6</ele><time>2026-09-19T19:53:24Z</time></trkpt>
<trkpt lat="37.693156" lon="138.953856"><ele>13.0</ele><time>2026-09-19T19:57:50Z</time></trkpt>
<trkpt lat="37.697161" lon="138.956840"><ele>11.6</ele><time>2026-09-19T19:59:10Z</time></trkpt>
<trkpt lat="37.700082" lon="138.955613"><ele>12.8</ele><time>2026-09-19T20:00:05Z</time></trkpt>
<trkpt lat="37.705928" lon="138.956549"><ele>16.2</ele><time>2026-09-19T20:01:43Z</time></trkpt>
<trkpt lat="37.707237" lon="138.955707"><ele>16.2</ele><time>2026-09-19T20:02:11Z</time></trkpt>
<trkpt lat="37.707938" lon="138.956731"><ele>15.8</ele><time>2026-09-19T20:02:34Z</time></trkpt>
<trkpt lat="37.710946" lon="138.955984"><ele>14.8</ele><time>2026-09-19T20:03:24Z</time></trkpt>
<trkpt lat="37.715572" lon="138.956399"><ele>13.0</ele><time>2026-09-19T20:04:39Z</time></trkpt>
<trkpt lat="37.718027" lon="138.955425"><ele>13.2</ele><time>2026-09-19T20:05:22Z</time></trkpt>
<trkpt lat="37.721283" lon="138.958302"><ele>15.4</ele><time>2026-09-19T20:06:31Z</time></trkpt>
<trkpt lat="37.726147" lon="138.958663"><ele>16.2</ele><time>2026-09-19T20:07:49Z</time></trkpt>
<trkpt lat="37.727399" lon="138.959489"><ele>16.2</ele><time>2026-09-19T20:08:15Z</time></trkpt>
<trkpt lat="37.730796" lon="138.956036"><ele>15.8</ele><time>2026-09-19T20:09:26Z</time></trkpt>
<trkpt lat="37.734171" lon="138.950974"><ele>16.8</ele><time>2026-09-19T20:10:54Z</time></trkpt>
<trkpt lat="37.740733" lon="138.951675"><ele>13.4</ele><time>2026-09-19T20:12:59Z</time></trkpt>
<trkpt lat="37.742438" lon="138.952588"><ele>13.2</ele><time>2026-09-19T20:13:26Z</time></trkpt>
<trkpt lat="37.746731" lon="138.957540"><ele>13.0</ele><time>2026-09-19T20:14:59Z</time></trkpt>
<trkpt lat="37.750498" lon="138.960163"><ele>12.6</ele><time>2026-09-19T20:16:15Z</time></trkpt>
<trkpt lat="37.755477" lon="138.961825"><ele>12.0</ele><time>2026-09-19T20:17:32Z</time></trkpt>
<trkpt lat="37.758896" lon="138.962129"><ele>11.6</ele><time>2026-09-19T20:18:31Z</time></trkpt>
<trkpt lat="37.765661" lon="138.965839"><ele>11.2</ele><time>2026-09-19T20:20:18Z</time></trkpt>
<trkpt lat="37.767628" lon="138.967512"><ele>10.4</ele><time>2026-09-19T20:20:54Z</time></trkpt>
<trkpt lat="37.768814" lon="138.967804"><ele>9.8</ele><time>2026-09-19T20:21:16Z</time></trkpt>
<trkpt lat="37.768422" lon="138.970833"><ele>11.4</ele><time>2026-09-19T20:22:01Z</time></trkpt>
<trkpt lat="37.784594" lon="138.973400"><ele>12.0</ele><time>2026-09-19T20:26:22Z</time></trkpt>
<trkpt lat="37.785319" lon="138.974073"><ele>12.2</ele><time>2026-09-19T20:26:37Z</time></trkpt>
<trkpt lat="37.786616" lon="138.974288"><ele>12.2</ele><time>2026-09-19T20:26:59Z</time></trkpt>
<trkpt lat="37.787639" lon="138.973210"><ele>11.6</ele><time>2026-09-19T20:27:27Z</time></trkpt>
<trkpt lat="37.789478" lon="138.973863"><ele>11.0</ele><time>2026-09-19T20:28:00Z</time></trkpt>
<trkpt lat="37.791354" lon="138.975311"><ele>12.0</ele><time>2026-09-19T20:28:35Z</time></trkpt>
<trkpt lat="37.800735" lon="138.978848"><ele>15.8</ele><time>2026-09-19T20:31:02Z</time></trkpt>
<trkpt lat="37.801928" lon="138.978107"><ele>15.8</ele><time>2026-09-19T20:31:23Z</time></trkpt>
<trkpt lat="37.802825" lon="138.974689"><ele>16.2</ele><time>2026-09-19T20:32:06Z</time></trkpt>
<trkpt lat="37.803357" lon="138.973967"><ele>16.0</ele><time>2026-09-19T20:32:18Z</time></trkpt>
<trkpt lat="37.815261" lon="138.967264"><ele>15.2</ele><time>2026-09-19T20:36:03Z</time></trkpt>
<trkpt lat="37.816747" lon="138.966953"><ele>14.0</ele><time>2026-09-19T20:36:28Z</time></trkpt>
<trkpt lat="37.819638" lon="138.968217"><ele>13.2</ele><time>2026-09-19T20:37:13Z</time></trkpt>
<trkpt lat="37.820720" lon="138.969315"><ele>13.0</ele><time>2026-09-19T20:37:33Z</time></trkpt>
<trkpt lat="37.830849" lon="138.989202"><ele>13.8</ele><time>2026-09-19T20:42:30Z</time></trkpt>
<trkpt lat="37.835626" lon="138.982915"><ele>11.0</ele><time>2026-09-19T20:44:25Z</time></trkpt>
<trkpt lat="37.840679" lon="138.981986"><ele>9.0</ele><time>2026-09-19T20:45:54Z</time></trkpt>
<trkpt lat="37.841408" lon="138.983307"><ele>9.0</ele><time>2026-09-19T20:46:18Z</time></trkpt>
<trkpt lat="37.843882" lon="138.983439"><ele>10.0</ele><time>2026-09-19T20:47:01Z</time></trkpt>
<trkpt lat="37.853521" lon="138.990771"><ele>19.8</ele><time>2026-09-19T20:50:40Z</time></trkpt>
<trkpt lat="37.854678" lon="138.993595"><ele>20.4</ele><time>2026-09-19T20:51:27Z</time></trkpt>
<trkpt lat="37.855804" lon="138.994210"><ele>20.4</ele><time>2026-09-19T20:51:54Z</time></trkpt>
<trkpt lat="37.861567" lon="139.001591"><ele>11.2</ele><time>2026-09-19T20:54:15Z</time></trkpt>
<trkpt lat="37.862991" lon="139.001864"><ele>11.0</ele><time>2026-09-19T20:54:41Z</time></trkpt>
<trkpt lat="37.873560" lon="138.999466"><ele>10.4</ele><time>2026-09-19T20:58:00Z</time></trkpt>
<trkpt lat="37.881250" lon="139.005399"><ele>9.6</ele><time>2026-09-19T21:00:47Z</time></trkpt>
<trkpt lat="37.880111" lon="139.012998"><ele>7.6</ele><time>2026-09-19T21:03:24Z</time></trkpt>
<trkpt lat="37.881517" lon="139.012530"><ele>-1.0</ele><time>2026-09-19T21:04:54Z</time></trkpt>
<trkpt lat="37.884573" lon="139.018974"><ele>4.6</ele><time>2026-09-19T21:07:27Z</time></trkpt>
<trkpt lat="37.889221" lon="139.018079"><ele>1.8</ele><time>2026-09-19T21:10:33Z</time></trkpt>
<trkpt lat="37.891651" lon="139.018585"><ele>-18.4</ele><time>2026-09-19T21:29:25Z</time></trkpt>
<trkpt lat="37.896949" lon="139.020723"><ele>-12.2</ele><time>2026-09-19T21:31:12Z</time></trkpt>
<trkpt lat="37.900570" lon="139.023236"><ele>-8.4</ele><time>2026-09-19T21:32:52Z</time></trkpt>
<trkpt lat="37.903013" lon="139.026244"><ele>-7.6</ele><time>2026-09-19T21:34:24Z</time></trkpt>
<trkpt lat="37.905181" lon="139.030419"><ele>-0.4</ele><time>2026-09-19T21:35:33Z</time></trkpt>
<trkpt lat="37.906376" lon="139.034748"><ele>9.6</ele><time>2026-09-19T21:36:39Z</time></trkpt>
<trkpt lat="37.907774" lon="139.043964"><ele>18.4</ele><time>2026-09-19T21:39:55Z</time></trkpt>
<trkpt lat="37.909447" lon="139.048070"><ele>20.8</ele><time>2026-09-19T21:41:47Z</time></trkpt>
<trkpt lat="37.912160" lon="139.052477"><ele>21.2</ele><time>2026-09-19T21:43:03Z</time></trkpt>
<trkpt lat="37.911550" lon="139.053196"><ele>21.8</ele><time>2026-09-19T21:44:05Z</time></trkpt>
<trkpt lat="37.911827" lon="139.056078"><ele>23.4</ele><time>2026-09-19T21:45:19Z</time></trkpt>
<trkpt lat="37.915001" lon="139.065662"><ele>23.6</ele><time>2026-09-19T21:48:44Z</time></trkpt>
<trkpt lat="37.916647" lon="139.064805"><ele>23.2</ele><time>2026-09-19T21:50:12Z</time></trkpt>
<trkpt lat="37.919335" lon="139.071220"><ele>11.4</ele><time>2026-09-19T21:52:44Z</time></trkpt>
<trkpt lat="37.923571" lon="139.090275"><ele>14.8</ele><time>2026-09-19T21:57:24Z</time></trkpt>
<trkpt lat="37.925118" lon="139.098183"><ele>12.8</ele><time>2026-09-19T22:00:00Z</time></trkpt>
<trkpt lat="37.924974" lon="139.103392"><ele>10.8</ele><time>2026-09-19T22:01:16Z</time></trkpt>
<trkpt lat="37.923213" lon="139.121295"><ele>5.6</ele><time>2026-09-19T22:08:22Z</time></trkpt>
<trkpt lat="37.921342" lon="139.128924"><ele>1.6</ele><time>2026-09-19T22:11:33Z</time></trkpt>
<trkpt lat="37.923303" lon="139.150034"><ele>1.6</ele><time>2026-09-19T22:18:20Z</time></trkpt>
<trkpt lat="37.929611" lon="139.166840"><ele>2.0</ele><time>2026-09-19T22:23:04Z</time></trkpt>
<trkpt lat="37.942266" lon="139.204962"><ele>-0.2</ele><time>2026-09-19T22:33:22Z</time></trkpt>
<trkpt lat="37.942001" lon="139.209710"><ele>0.2</ele><time>2026-09-19T22:34:47Z</time></trkpt>
<trkpt lat="37.945290" lon="139.230685"><ele>3.0</ele><time>2026-09-19T22:39:26Z</time></trkpt>
<trkpt lat="37.952645" lon="139.262600"><ele>-12.2</ele><time>2026-09-19T22:50:57Z</time></trkpt>
<trkpt lat="37.952727" lon="139.265694"><ele>-16.2</ele><time>2026-09-19T22:52:14Z</time></trkpt>
<trkpt lat="37.956525" lon="139.266615"><ele>-16.2</ele><time>2026-09-19T22:53:21Z</time></trkpt>
<trkpt lat="37.960764" lon="139.269197"><ele>-12.0</ele><time>2026-09-19T22:54:34Z</time></trkpt>
<trkpt lat="37.963983" lon="139.272049"><ele>-8.6</ele><time>2026-09-19T22:55:55Z</time></trkpt>
<trkpt lat="37.967589" lon="139.276796"><ele>-10.4</ele><time>2026-09-19T22:57:55Z</time></trkpt>
<trkpt lat="37.976134" lon="139.285391"><ele>-14.2</ele><time>2026-09-19T23:01:37Z</time></trkpt>
<trkpt lat="37.979458" lon="139.289513"><ele>-15.8</ele><time>2026-09-19T23:02:55Z</time></trkpt>
<trkpt lat="37.981377" lon="139.290398"><ele>-14.2</ele><time>2026-09-19T23:03:26Z</time></trkpt>
<trkpt lat="37.983217" lon="139.292383"><ele>-12.6</ele><time>2026-09-19T23:04:04Z</time></trkpt>
<trkpt lat="37.986506" lon="139.292846"><ele>-11.6</ele><time>2026-09-19T23:04:55Z</time></trkpt>
<trkpt lat="37.988837" lon="139.291857"><ele>-10.0</ele><time>2026-09-19T23:05:33Z</time></trkpt>
<trkpt lat="37.990067" lon="139.292449"><ele>-9.8</ele><time>2026-09-19T23:05:55Z</time></trkpt>
<trkpt lat="37.992597" lon="139.295454"><ele>-9.4</ele><time>2026-09-19T23:06:47Z</time></trkpt>
<trkpt lat="37.994174" lon="139.296313"><ele>-8.8</ele><time>2026-09-19T23:07:12Z</time></trkpt>
<trkpt lat="37.995647" lon="139.297996"><ele>-7.8</ele><time>2026-09-19T23:08:02Z</time></trkpt>
<trkpt lat="37.996348" lon="139.300511"><ele>-7.6</ele><time>2026-09-19T23:08:38Z</time></trkpt>
<trkpt lat="37.998508" lon="139.303197"><ele>-7.2</ele><time>2026-09-19T23:09:20Z</time></trkpt>
<trkpt lat="37.999023" lon="139.308309"><ele>-8.2</ele><time>2026-09-19T23:10:20Z</time></trkpt>
<trkpt lat="38.026683" lon="139.332305"><ele>-18.4</ele><time>2026-09-19T23:19:04Z</time></trkpt>
<trkpt lat="38.028355" lon="139.333863"><ele>-17.2</ele><time>2026-09-19T23:19:40Z</time></trkpt>
<trkpt lat="38.029984" lon="139.336271"><ele>-16.6</ele><time>2026-09-19T23:20:16Z</time></trkpt>
<trkpt lat="38.041002" lon="139.344912"><ele>-19.6</ele><time>2026-09-19T23:23:41Z</time></trkpt>
<trkpt lat="38.050545" lon="139.353796"><ele>-30.0</ele><time>2026-09-19T23:26:36Z</time></trkpt>
<trkpt lat="38.053086" lon="139.354481"><ele>-34.8</ele><time>2026-09-19T23:27:21Z</time></trkpt>
<trkpt lat="38.056750" lon="139.356683"><ele>-37.4</ele><time>2026-09-19T23:28:25Z</time></trkpt>
<trkpt lat="38.058224" lon="139.357067"><ele>-37.2</ele><time>2026-09-19T23:28:49Z</time></trkpt>
<trkpt lat="38.062227" lon="139.360063"><ele>-39.4</ele><time>2026-09-19T23:30:04Z</time></trkpt>
<trkpt lat="38.066646" lon="139.361827"><ele>-43.0</ele><time>2026-09-19T23:31:25Z</time></trkpt>
<trkpt lat="38.087506" lon="139.377106"><ele>-43.8</ele><time>2026-09-19T23:37:56Z</time></trkpt>
<trkpt lat="38.089843" lon="139.370616"><ele>-39.4</ele><time>2026-09-19T23:39:24Z</time></trkpt>
<trkpt lat="38.094345" lon="139.365114"><ele>-40.8</ele><time>2026-09-19T23:41:40Z</time></trkpt>
<trkpt lat="38.099996" lon="139.372357"><ele>-50.2</ele><time>2026-09-19T23:43:41Z</time></trkpt>
<trkpt lat="38.101682" lon="139.373933"><ele>-53.0</ele><time>2026-09-19T23:44:12Z</time></trkpt>
<trkpt lat="38.105503" lon="139.376787"><ele>-54.2</ele><time>2026-09-19T23:45:18Z</time></trkpt>
<trkpt lat="38.109757" lon="139.377498"><ele>-55.8</ele><time>2026-09-19T23:46:31Z</time></trkpt>
<trkpt lat="38.111977" lon="139.378610"><ele>-58.6</ele><time>2026-09-19T23:47:04Z</time></trkpt>
<trkpt lat="38.115879" lon="139.382430"><ele>-66.0</ele><time>2026-09-19T23:48:15Z</time></trkpt>
<trkpt lat="38.131973" lon="139.395833"><ele>-62.8</ele><time>2026-09-19T23:53:49Z</time></trkpt>
<trkpt lat="38.144952" lon="139.404758"><ele>-58.4</ele><time>2026-09-19T23:57:37Z</time></trkpt>
<trkpt lat="38.145878" lon="139.406066"><ele>-60.8</ele><time>2026-09-19T23:57:57Z</time></trkpt>
<trkpt lat="38.148388" lon="139.412668"><ele>-71.8</ele><time>2026-09-19T23:59:29Z</time></trkpt>
<trkpt lat="38.146872" lon="139.419748"><ele>-79.8</ele><time>2026-09-20T00:00:53Z</time></trkpt>
<trkpt lat="38.145843" lon="139.421651"><ele>-83.2</ele><time>2026-09-20T00:01:21Z</time></trkpt>
<trkpt lat="38.146195" lon="139.423328"><ele>-87.4</ele><time>2026-09-20T00:01:54Z</time></trkpt>
<trkpt lat="38.152934" lon="139.426379"><ele>-94.0</ele><time>2026-09-20T00:04:28Z</time></trkpt>
<trkpt lat="38.155583" lon="139.426556"><ele>-93.0</ele><time>2026-09-20T00:05:20Z</time></trkpt>
<trkpt lat="38.155720" lon="139.426108"><ele>-92.8</ele><time>2026-09-20T00:05:33Z</time></trkpt>
<trkpt lat="38.155880" lon="139.426563"><ele>25.4</ele><time>2026-09-20T00:25:38Z</time></trkpt>
<trkpt lat="38.158299" lon="139.426897"><ele>29.6</ele><time>2026-09-20T00:26:28Z</time></trkpt>
<trkpt lat="38.162802" lon="139.430309"><ele>30.8</ele><time>2026-09-20T00:28:00Z</time></trkpt>
<trkpt lat="38.167032" lon="139.432543"><ele>34.6</ele><time>2026-09-20T00:29:18Z</time></trkpt>
<trkpt lat="38.170143" lon="139.435710"><ele>33.4</ele><time>2026-09-20T00:30:20Z</time></trkpt>
<trkpt lat="38.172122" lon="139.440238"><ele>26.2</ele><time>2026-09-20T00:31:13Z</time></trkpt>
<trkpt lat="38.173922" lon="139.441847"><ele>28.6</ele><time>2026-09-20T00:31:48Z</time></trkpt>
<trkpt lat="38.183040" lon="139.445586"><ele>26.4</ele><time>2026-09-20T00:34:46Z</time></trkpt>
<trkpt lat="38.184934" lon="139.444247"><ele>30.6</ele><time>2026-09-20T00:35:32Z</time></trkpt>
<trkpt lat="38.189470" lon="139.438479"><ele>26.0</ele><time>2026-09-20T00:37:14Z</time></trkpt>
<trkpt lat="38.192845" lon="139.435754"><ele>24.6</ele><time>2026-09-20T00:38:13Z</time></trkpt>
<trkpt lat="38.194335" lon="139.433116"><ele>23.4</ele><time>2026-09-20T00:38:52Z</time></trkpt>
<trkpt lat="38.195395" lon="139.433475"><ele>24.4</ele><time>2026-09-20T00:39:14Z</time></trkpt>
<trkpt lat="38.196174" lon="139.431703"><ele>26.8</ele><time>2026-09-20T00:40:14Z</time></trkpt>
<trkpt lat="38.198152" lon="139.430688"><ele>31.0</ele><time>2026-09-20T00:41:00Z</time></trkpt>
<trkpt lat="38.203271" lon="139.431748"><ele>36.2</ele><time>2026-09-20T00:42:39Z</time></trkpt>
<trkpt lat="38.210916" lon="139.435493"><ele>31.8</ele><time>2026-09-20T00:44:51Z</time></trkpt>
<trkpt lat="38.214103" lon="139.438281"><ele>37.4</ele><time>2026-09-20T00:46:04Z</time></trkpt>
<trkpt lat="38.214881" lon="139.446274"><ele>27.4</ele><time>2026-09-20T00:47:36Z</time></trkpt>
<trkpt lat="38.217481" lon="139.452403"><ele>26.6</ele><time>2026-09-20T00:49:35Z</time></trkpt>
<trkpt lat="38.218486" lon="139.456353"><ele>27.2</ele><time>2026-09-20T00:50:25Z</time></trkpt>
<trkpt lat="38.220652" lon="139.459919"><ele>26.6</ele><time>2026-09-20T00:51:21Z</time></trkpt>
<trkpt lat="38.222235" lon="139.461482"><ele>27.8</ele><time>2026-09-20T00:51:52Z</time></trkpt>
<trkpt lat="38.224695" lon="139.465113"><ele>30.2</ele><time>2026-09-20T00:53:06Z</time></trkpt>
<trkpt lat="38.228527" lon="139.459479"><ele>28.6</ele><time>2026-09-20T00:55:36Z</time></trkpt>
<trkpt lat="38.230956" lon="139.456769"><ele>28.6</ele><time>2026-09-20T00:57:35Z</time></trkpt>
<trkpt lat="38.234577" lon="139.456862"><ele>24.8</ele><time>2026-09-20T00:59:15Z</time></trkpt>
<trkpt lat="38.239057" lon="139.459047"><ele>29.0</ele><time>2026-09-20T01:00:34Z</time></trkpt>
<trkpt lat="38.239762" lon="139.458827"><ele>35.0</ele><time>2026-09-20T01:00:56Z</time></trkpt>
<trkpt lat="38.240660" lon="139.455926"><ele>46.2</ele><time>2026-09-20T01:02:01Z</time></trkpt>
<trkpt lat="38.242683" lon="139.454217"><ele>47.6</ele><time>2026-09-20T01:02:43Z</time></trkpt>
<trkpt lat="38.244061" lon="139.451509"><ele>52.0</ele><time>2026-09-20T01:03:25Z</time></trkpt>
<trkpt lat="38.244448" lon="139.450186"><ele>52.2</ele><time>2026-09-20T01:03:44Z</time></trkpt>
<trkpt lat="38.244582" lon="139.445701"><ele>52.2</ele><time>2026-09-20T01:04:47Z</time></trkpt>
<trkpt lat="38.246382" lon="139.442971"><ele>49.2</ele><time>2026-09-20T01:05:30Z</time></trkpt>
<trkpt lat="38.250668" lon="139.443824"><ele>28.6</ele><time>2026-09-20T01:06:19Z</time></trkpt>
<trkpt lat="38.254450" lon="139.445542"><ele>35.2</ele><time>2026-09-20T01:07:24Z</time></trkpt>
<trkpt lat="38.256736" lon="139.444892"><ele>30.6</ele><time>2026-09-20T01:08:01Z</time></trkpt>
<trkpt lat="38.258364" lon="139.445823"><ele>25.6</ele><time>2026-09-20T01:08:22Z</time></trkpt>
<trkpt lat="38.260118" lon="139.445859"><ele>28.4</ele><time>2026-09-20T01:08:46Z</time></trkpt>
<trkpt lat="38.262431" lon="139.447245"><ele>27.0</ele><time>2026-09-20T01:09:22Z</time></trkpt>
<trkpt lat="38.268253" lon="139.446748"><ele>29.2</ele><time>2026-09-20T01:10:56Z</time></trkpt>
<trkpt lat="38.272666" lon="139.448901"><ele>28.6</ele><time>2026-09-20T01:12:13Z</time></trkpt>
<trkpt lat="38.275961" lon="139.449607"><ele>28.4</ele><time>2026-09-20T01:13:05Z</time></trkpt>
<trkpt lat="38.280377" lon="139.449809"><ele>27.0</ele><time>2026-09-20T01:14:15Z</time></trkpt>
<trkpt lat="38.283672" lon="139.448209"><ele>29.4</ele><time>2026-09-20T01:15:13Z</time></trkpt>
<trkpt lat="38.287429" lon="139.449535"><ele>27.4</ele><time>2026-09-20T01:16:17Z</time></trkpt>
<trkpt lat="38.293219" lon="139.450220"><ele>24.8</ele><time>2026-09-20T01:17:50Z</time></trkpt>
<trkpt lat="38.299497" lon="139.450153"><ele>28.2</ele><time>2026-09-20T01:19:37Z</time></trkpt>
<trkpt lat="38.302586" lon="139.450841"><ele>27.2</ele><time>2026-09-20T01:20:25Z</time></trkpt>
<trkpt lat="38.307591" lon="139.450669"><ele>28.0</ele><time>2026-09-20T01:21:45Z</time></trkpt>
<trkpt lat="38.309397" lon="139.451356"><ele>28.4</ele><time>2026-09-20T01:22:19Z</time></trkpt>
<trkpt lat="38.312205" lon="139.450237"><ele>29.8</ele><time>2026-09-20T01:23:08Z</time></trkpt>
<trkpt lat="38.313248" lon="139.449129"><ele>27.4</ele><time>2026-09-20T01:23:30Z</time></trkpt>
<trkpt lat="38.314849" lon="139.448864"><ele>27.8</ele><time>2026-09-20T01:23:57Z</time></trkpt>
<trkpt lat="38.319073" lon="139.449190"><ele>30.4</ele><time>2026-09-20T01:25:07Z</time></trkpt>
<trkpt lat="38.325572" lon="139.451490"><ele>28.8</ele><time>2026-09-20T01:26:59Z</time></trkpt>
<trkpt lat="38.332005" lon="139.451527"><ele>29.8</ele><time>2026-09-20T01:28:38Z</time></trkpt>
<trkpt lat="38.336428" lon="139.452979"><ele>31.4</ele><time>2026-09-20T01:29:47Z</time></trkpt>
<trkpt lat="38.339414" lon="139.451818"><ele>29.4</ele><time>2026-09-20T01:30:32Z</time></trkpt>
<trkpt lat="38.348121" lon="139.452784"><ele>29.8</ele><time>2026-09-20T01:32:47Z</time></trkpt>
<trkpt lat="38.350464" lon="139.451530"><ele>30.0</ele><time>2026-09-20T01:33:27Z</time></trkpt>
<trkpt lat="38.352143" lon="139.451844"><ele>29.8</ele><time>2026-09-20T01:33:54Z</time></trkpt>
<trkpt lat="38.353390" lon="139.450976"><ele>32.2</ele><time>2026-09-20T01:34:19Z</time></trkpt>
<trkpt lat="38.356545" lon="139.450408"><ele>31.8</ele><time>2026-09-20T01:35:15Z</time></trkpt>
<trkpt lat="38.361145" lon="139.451479"><ele>31.4</ele><time>2026-09-20T01:36:33Z</time></trkpt>
<trkpt lat="38.368666" lon="139.455279"><ele>32.6</ele><time>2026-09-20T01:38:48Z</time></trkpt>
<trkpt lat="38.370338" lon="139.454884"><ele>31.8</ele><time>2026-09-20T01:39:22Z</time></trkpt>
<trkpt lat="38.372604" lon="139.456835"><ele>31.2</ele><time>2026-09-20T01:40:48Z</time></trkpt>
<trkpt lat="38.376784" lon="139.459235"><ele>33.2</ele><time>2026-09-20T01:42:03Z</time></trkpt>
<trkpt lat="38.381055" lon="139.460614"><ele>31.2</ele><time>2026-09-20T01:43:15Z</time></trkpt>
<trkpt lat="38.382969" lon="139.460119"><ele>32.6</ele><time>2026-09-20T01:43:49Z</time></trkpt>
<trkpt lat="38.384247" lon="139.458015"><ele>36.8</ele><time>2026-09-20T01:44:33Z</time></trkpt>
<trkpt lat="38.386577" lon="139.458090"><ele>31.6</ele><time>2026-09-20T01:45:11Z</time></trkpt>
<trkpt lat="38.388962" lon="139.456032"><ele>33.6</ele><time>2026-09-20T01:46:03Z</time></trkpt>
<trkpt lat="38.393164" lon="139.457308"><ele>41.2</ele><time>2026-09-20T01:47:35Z</time></trkpt>
<trkpt lat="38.395578" lon="139.458866"><ele>31.8</ele><time>2026-09-20T01:48:13Z</time></trkpt>
<trkpt lat="38.398372" lon="139.459555"><ele>32.8</ele><time>2026-09-20T01:48:59Z</time></trkpt>
<trkpt lat="38.399097" lon="139.461300"><ele>34.6</ele><time>2026-09-20T01:49:21Z</time></trkpt>
<trkpt lat="38.400718" lon="139.462603"><ele>31.4</ele><time>2026-09-20T01:49:47Z</time></trkpt>
<trkpt lat="38.404100" lon="139.463282"><ele>32.2</ele><time>2026-09-20T01:50:43Z</time></trkpt>
<trkpt lat="38.410191" lon="139.467431"><ele>33.2</ele><time>2026-09-20T01:52:30Z</time></trkpt>
<trkpt lat="38.413224" lon="139.466972"><ele>34.4</ele><time>2026-09-20T01:53:24Z</time></trkpt>
<trkpt lat="38.414709" lon="139.468562"><ele>33.0</ele><time>2026-09-20T01:54:00Z</time></trkpt>
<trkpt lat="38.415852" lon="139.469101"><ele>32.2</ele><time>2026-09-20T01:54:19Z</time></trkpt>
<trkpt lat="38.418231" lon="139.468435"><ele>35.0</ele><time>2026-09-20T01:55:12Z</time></trkpt>
<trkpt lat="38.419779" lon="139.471015"><ele>33.2</ele><time>2026-09-20T01:55:45Z</time></trkpt>
<trkpt lat="38.422826" lon="139.472369"><ele>32.2</ele><time>2026-09-20T01:56:37Z</time></trkpt>
<trkpt lat="38.424441" lon="139.474723"><ele>33.8</ele><time>2026-09-20T01:57:17Z</time></trkpt>
<trkpt lat="38.426040" lon="139.475887"><ele>33.0</ele><time>2026-09-20T01:57:48Z</time></trkpt>
<trkpt lat="38.430341" lon="139.481046"><ele>32.8</ele><time>2026-09-20T01:59:24Z</time></trkpt>
<trkpt lat="38.433734" lon="139.482709"><ele>33.2</ele><time>2026-09-20T02:00:17Z</time></trkpt>
<trkpt lat="38.439613" lon="139.482190"><ele>36.4</ele><time>2026-09-20T02:02:16Z</time></trkpt>
<trkpt lat="38.442022" lon="139.484565"><ele>35.2</ele><time>2026-09-20T02:03:04Z</time></trkpt>
<trkpt lat="38.444500" lon="139.484858"><ele>34.0</ele><time>2026-09-20T02:03:42Z</time></trkpt>
<trkpt lat="38.455759" lon="139.496808"><ele>35.8</ele><time>2026-09-20T02:07:34Z</time></trkpt>
<trkpt lat="38.467650" lon="139.501010"><ele>37.6</ele><time>2026-09-20T02:10:54Z</time></trkpt>
<trkpt lat="38.471709" lon="139.504676"><ele>39.0</ele><time>2026-09-20T02:12:02Z</time></trkpt>
<trkpt lat="38.475236" lon="139.504566"><ele>37.2</ele><time>2026-09-20T02:12:50Z</time></trkpt>
<trkpt lat="38.477992" lon="139.508028"><ele>37.8</ele><time>2026-09-20T02:13:46Z</time></trkpt>
<trkpt lat="38.481417" lon="139.508023"><ele>35.8</ele><time>2026-09-20T02:14:35Z</time></trkpt>
<trkpt lat="38.482920" lon="139.508833"><ele>37.8</ele><time>2026-09-20T02:15:03Z</time></trkpt>
<trkpt lat="38.483675" lon="139.510776"><ele>41.4</ele><time>2026-09-20T02:15:34Z</time></trkpt>
<trkpt lat="38.484989" lon="139.512326"><ele>35.0</ele><time>2026-09-20T02:15:55Z</time></trkpt>
<trkpt lat="38.486363" lon="139.512416"><ele>35.2</ele><time>2026-09-20T02:16:12Z</time></trkpt>
<trkpt lat="38.487905" lon="139.511495"><ele>36.2</ele><time>2026-09-20T02:16:39Z</time></trkpt>
<trkpt lat="38.491872" lon="139.517737"><ele>44.4</ele><time>2026-09-20T02:18:23Z</time></trkpt>
<trkpt lat="38.490795" lon="139.522107"><ele>40.2</ele><time>2026-09-20T02:20:05Z</time></trkpt>
<trkpt lat="38.491020" lon="139.522413"><ele>40.4</ele><time>2026-09-20T02:20:23Z</time></trkpt>
<trkpt lat="38.490967" lon="139.521993"><ele>43.0</ele><time>2026-09-20T02:38:20Z</time></trkpt>
<trkpt lat="38.494817" lon="139.521603"><ele>49.8</ele><time>2026-09-20T02:39:37Z</time></trkpt>
<trkpt lat="38.497035" lon="139.522046"><ele>57.0</ele><time>2026-09-20T02:40:28Z</time></trkpt>
<trkpt lat="38.500267" lon="139.521617"><ele>54.2</ele><time>2026-09-20T02:41:21Z</time></trkpt>
<trkpt lat="38.506347" lon="139.524250"><ele>51.0</ele><time>2026-09-20T02:42:46Z</time></trkpt>
<trkpt lat="38.509976" lon="139.526756"><ele>47.8</ele><time>2026-09-20T02:44:15Z</time></trkpt>
<trkpt lat="38.515518" lon="139.531753"><ele>43.4</ele><time>2026-09-20T02:45:43Z</time></trkpt>
<trkpt lat="38.518273" lon="139.533305"><ele>44.8</ele><time>2026-09-20T02:46:22Z</time></trkpt>
<trkpt lat="38.520730" lon="139.536416"><ele>41.4</ele><time>2026-09-20T02:47:16Z</time></trkpt>
<trkpt lat="38.526149" lon="139.540374"><ele>43.0</ele><time>2026-09-20T02:48:38Z</time></trkpt>
<trkpt lat="38.528888" lon="139.541833"><ele>42.2</ele><time>2026-09-20T02:49:19Z</time></trkpt>
<trkpt lat="38.530877" lon="139.542203"><ele>43.0</ele><time>2026-09-20T02:49:48Z</time></trkpt>
<trkpt lat="38.533525" lon="139.545273"><ele>44.6</ele><time>2026-09-20T02:50:38Z</time></trkpt>
<trkpt lat="38.539071" lon="139.549471"><ele>42.0</ele><time>2026-09-20T02:52:07Z</time></trkpt>
<trkpt lat="38.542785" lon="139.550924"><ele>41.8</ele><time>2026-09-20T02:53:04Z</time></trkpt>
<trkpt lat="38.545627" lon="139.550026"><ele>43.8</ele><time>2026-09-20T02:53:50Z</time></trkpt>
<trkpt lat="38.551024" lon="139.550350"><ele>49.4</ele><time>2026-09-20T02:55:15Z</time></trkpt>
<trkpt lat="38.556462" lon="139.552249"><ele>42.2</ele><time>2026-09-20T02:56:26Z</time></trkpt>
<trkpt lat="38.558814" lon="139.550364"><ele>38.4</ele><time>2026-09-20T02:57:02Z</time></trkpt>
<trkpt lat="38.560641" lon="139.549925"><ele>39.2</ele><time>2026-09-20T02:57:33Z</time></trkpt>
<trkpt lat="38.562637" lon="139.548665"><ele>39.8</ele><time>2026-09-20T02:58:09Z</time></trkpt>
<trkpt lat="38.564946" lon="139.548676"><ele>43.4</ele><time>2026-09-20T02:58:46Z</time></trkpt>
<trkpt lat="38.566245" lon="139.549331"><ele>44.8</ele><time>2026-09-20T02:59:08Z</time></trkpt>
<trkpt lat="38.570921" lon="139.553591"><ele>40.6</ele><time>2026-09-20T03:00:27Z</time></trkpt>
<trkpt lat="38.573735" lon="139.555080"><ele>43.8</ele><time>2026-09-20T03:01:14Z</time></trkpt>
<trkpt lat="38.575669" lon="139.557765"><ele>40.6</ele><time>2026-09-20T03:01:54Z</time></trkpt>
<trkpt lat="38.581644" lon="139.559981"><ele>41.8</ele><time>2026-09-20T03:03:23Z</time></trkpt>
<trkpt lat="38.584310" lon="139.560045"><ele>42.0</ele><time>2026-09-20T03:03:59Z</time></trkpt>
<trkpt lat="38.586485" lon="139.560739"><ele>43.0</ele><time>2026-09-20T03:04:28Z</time></trkpt>
<trkpt lat="38.592500" lon="139.565402"><ele>43.4</ele><time>2026-09-20T03:06:13Z</time></trkpt>
<trkpt lat="38.595320" lon="139.564783"><ele>43.8</ele><time>2026-09-20T03:06:53Z</time></trkpt>
<trkpt lat="38.597753" lon="139.567291"><ele>46.0</ele><time>2026-09-20T03:07:41Z</time></trkpt>
<trkpt lat="38.599551" lon="139.570175"><ele>43.2</ele><time>2026-09-20T03:08:22Z</time></trkpt>
<trkpt lat="38.602936" lon="139.570695"><ele>44.2</ele><time>2026-09-20T03:09:13Z</time></trkpt>
<trkpt lat="38.604285" lon="139.573443"><ele>45.6</ele><time>2026-09-20T03:09:50Z</time></trkpt>
<trkpt lat="38.605712" lon="139.574731"><ele>46.4</ele><time>2026-09-20T03:10:15Z</time></trkpt>
<trkpt lat="38.610231" lon="139.575055"><ele>45.2</ele><time>2026-09-20T03:11:25Z</time></trkpt>
<trkpt lat="38.611911" lon="139.577217"><ele>43.8</ele><time>2026-09-20T03:11:59Z</time></trkpt>
<trkpt lat="38.615743" lon="139.579746"><ele>43.4</ele><time>2026-09-20T03:12:59Z</time></trkpt>
<trkpt lat="38.623104" lon="139.586056"><ele>44.4</ele><time>2026-09-20T03:15:09Z</time></trkpt>
<trkpt lat="38.628157" lon="139.588645"><ele>43.0</ele><time>2026-09-20T03:16:34Z</time></trkpt>
<trkpt lat="38.631448" lon="139.589110"><ele>45.8</ele><time>2026-09-20T03:17:59Z</time></trkpt>
<trkpt lat="38.633947" lon="139.592124"><ele>47.6</ele><time>2026-09-20T03:18:57Z</time></trkpt>
<trkpt lat="38.637982" lon="139.593895"><ele>48.2</ele><time>2026-09-20T03:20:02Z</time></trkpt>
<trkpt lat="38.640228" lon="139.596088"><ele>44.4</ele><time>2026-09-20T03:20:42Z</time></trkpt>
<trkpt lat="38.642723" lon="139.595717"><ele>43.4</ele><time>2026-09-20T03:21:19Z</time></trkpt>
<trkpt lat="38.644361" lon="139.596397"><ele>45.0</ele><time>2026-09-20T03:21:45Z</time></trkpt>
<trkpt lat="38.646734" lon="139.596484"><ele>44.8</ele><time>2026-09-20T03:22:25Z</time></trkpt>
<trkpt lat="38.651654" lon="139.600796"><ele>45.0</ele><time>2026-09-20T03:24:02Z</time></trkpt>
<trkpt lat="38.654307" lon="139.601881"><ele>44.8</ele><time>2026-09-20T03:24:48Z</time></trkpt>
<trkpt lat="38.658635" lon="139.605551"><ele>42.8</ele><time>2026-09-20T03:26:12Z</time></trkpt>
<trkpt lat="38.660874" lon="139.606804"><ele>43.2</ele><time>2026-09-20T03:26:51Z</time></trkpt>
<trkpt lat="38.664237" lon="139.611828"><ele>56.4</ele><time>2026-09-20T03:28:37Z</time></trkpt>
<trkpt lat="38.666824" lon="139.611039"><ele>54.8</ele><time>2026-09-20T03:29:21Z</time></trkpt>
<trkpt lat="38.668335" lon="139.611684"><ele>50.6</ele><time>2026-09-20T03:29:45Z</time></trkpt>
<trkpt lat="38.670870" lon="139.615086"><ele>46.2</ele><time>2026-09-20T03:30:36Z</time></trkpt>
<trkpt lat="38.676193" lon="139.618790"><ele>49.4</ele><time>2026-09-20T03:32:27Z</time></trkpt>
<trkpt lat="38.677888" lon="139.621315"><ele>57.0</ele><time>2026-09-20T03:33:32Z</time></trkpt>
<trkpt lat="38.679707" lon="139.622172"><ele>63.6</ele><time>2026-09-20T03:34:23Z</time></trkpt>
<trkpt lat="38.685613" lon="139.627030"><ele>63.4</ele><time>2026-09-20T03:36:38Z</time></trkpt>
<trkpt lat="38.685967" lon="139.628467"><ele>63.2</ele><time>2026-09-20T03:37:04Z</time></trkpt>
<trkpt lat="38.684573" lon="139.631028"><ele>51.8</ele><time>2026-09-20T03:37:34Z</time></trkpt>
<trkpt lat="38.684317" lon="139.633825"><ele>40.4</ele><time>2026-09-20T03:37:56Z</time></trkpt>
<trkpt lat="38.684609" lon="139.635353"><ele>38.8</ele><time>2026-09-20T03:38:11Z</time></trkpt>
<trkpt lat="38.685997" lon="139.637698"><ele>40.6</ele><time>2026-09-20T03:38:48Z</time></trkpt>
<trkpt lat="38.688516" lon="139.641330"><ele>42.2</ele><time>2026-09-20T03:39:53Z</time></trkpt>
<trkpt lat="38.691011" lon="139.643041"><ele>43.2</ele><time>2026-09-20T03:40:46Z</time></trkpt>
<trkpt lat="38.692288" lon="139.646753"><ele>43.0</ele><time>2026-09-20T03:41:44Z</time></trkpt>
<trkpt lat="38.694207" lon="139.649501"><ele>41.6</ele><time>2026-09-20T03:42:33Z</time></trkpt>
<trkpt lat="38.696479" lon="139.651178"><ele>41.4</ele><time>2026-09-20T03:43:20Z</time></trkpt>
<trkpt lat="38.699959" lon="139.652158"><ele>45.0</ele><time>2026-09-20T03:44:34Z</time></trkpt>
<trkpt lat="38.701309" lon="139.653127"><ele>46.6</ele><time>2026-09-20T03:45:03Z</time></trkpt>
<trkpt lat="38.703056" lon="139.656744"><ele>43.6</ele><time>2026-09-20T03:46:02Z</time></trkpt>
<trkpt lat="38.706836" lon="139.667841"><ele>44.0</ele><time>2026-09-20T03:48:44Z</time></trkpt>
<trkpt lat="38.709912" lon="139.672445"><ele>55.4</ele><time>2026-09-20T03:51:44Z</time></trkpt>
<trkpt lat="38.712545" lon="139.674806"><ele>66.8</ele><time>2026-09-20T03:53:01Z</time></trkpt>
<trkpt lat="38.714989" lon="139.676252"><ele>74.8</ele><time>2026-09-20T03:54:07Z</time></trkpt>
<trkpt lat="38.715805" lon="139.677357"><ele>78.4</ele><time>2026-09-20T03:54:36Z</time></trkpt>
<trkpt lat="38.716186" lon="139.686276"><ele>51.4</ele><time>2026-09-20T03:55:58Z</time></trkpt>
<trkpt lat="38.719506" lon="139.689912"><ele>46.4</ele><time>2026-09-20T03:56:53Z</time></trkpt>
<trkpt lat="38.720121" lon="139.691300"><ele>48.4</ele><time>2026-09-20T03:57:43Z</time></trkpt>
<trkpt lat="38.720066" lon="139.693839"><ele>49.8</ele><time>2026-09-20T03:58:21Z</time></trkpt>
<trkpt lat="38.718994" lon="139.697516"><ele>61.0</ele><time>2026-09-20T03:59:43Z</time></trkpt>
<trkpt lat="38.718369" lon="139.701582"><ele>74.0</ele><time>2026-09-20T04:01:08Z</time></trkpt>
<trkpt lat="38.720054" lon="139.705373"><ele>85.0</ele><time>2026-09-20T04:02:34Z</time></trkpt>
<trkpt lat="38.719365" lon="139.712537"><ele>104.6</ele><time>2026-09-20T04:05:09Z</time></trkpt>
<trkpt lat="38.719821" lon="139.714442"><ele>94.0</ele><time>2026-09-20T04:05:23Z</time></trkpt>
<trkpt lat="38.721469" lon="139.717834"><ele>71.6</ele><time>2026-09-20T04:05:47Z</time></trkpt>
<trkpt lat="38.721563" lon="139.720016"><ele>62.6</ele><time>2026-09-20T04:06:02Z</time></trkpt>
<trkpt lat="38.722564" lon="139.721441"><ele>54.4</ele><time>2026-09-20T04:06:17Z</time></trkpt>
<trkpt lat="38.723791" lon="139.720450"><ele>58.8</ele><time>2026-09-20T04:06:40Z</time></trkpt>
<trkpt lat="38.724722" lon="139.720470"><ele>62.4</ele><time>2026-09-20T04:07:01Z</time></trkpt>
<trkpt lat="38.726116" lon="139.722527"><ele>62.0</ele><time>2026-09-20T04:07:35Z</time></trkpt>
<trkpt lat="38.732149" lon="139.725043"><ele>60.2</ele><time>2026-09-20T04:09:12Z</time></trkpt>
<trkpt lat="38.732745" lon="139.725674"><ele>61.4</ele><time>2026-09-20T04:09:24Z</time></trkpt>
<trkpt lat="38.733516" lon="139.730443"><ele>53.6</ele><time>2026-09-20T04:10:16Z</time></trkpt>
<trkpt lat="38.735772" lon="139.735542"><ele>54.0</ele><time>2026-09-20T04:11:23Z</time></trkpt>
<trkpt lat="38.736134" lon="139.737342"><ele>53.6</ele><time>2026-09-20T04:11:46Z</time></trkpt>
<trkpt lat="38.740392" lon="139.742864"><ele>52.2</ele><time>2026-09-20T04:13:17Z</time></trkpt>
<trkpt lat="38.741380" lon="139.745573"><ele>54.6</ele><time>2026-09-20T04:13:54Z</time></trkpt>
<trkpt lat="38.742749" lon="139.747409"><ele>52.4</ele><time>2026-09-20T04:14:25Z</time></trkpt>
<trkpt lat="38.746095" lon="139.755667"><ele>55.2</ele><time>2026-09-20T04:16:18Z</time></trkpt>
<trkpt lat="38.747457" lon="139.756975"><ele>53.4</ele><time>2026-09-20T04:16:44Z</time></trkpt>
<trkpt lat="38.748634" lon="139.762158"><ele>53.8</ele><time>2026-09-20T04:17:49Z</time></trkpt>
<trkpt lat="38.748672" lon="139.769662"><ele>53.6</ele><time>2026-09-20T04:19:23Z</time></trkpt>
<trkpt lat="38.759276" lon="139.768144"><ele>53.4</ele><time>2026-09-20T04:41:20Z</time></trkpt>
<trkpt lat="38.767827" lon="139.768670"><ele>53.6</ele><time>2026-09-20T04:43:44Z</time></trkpt>
<trkpt lat="38.774151" lon="139.772893"><ele>52.2</ele><time>2026-09-20T04:45:59Z</time></trkpt>
<trkpt lat="38.778239" lon="139.777134"><ele>52.8</ele><time>2026-09-20T04:47:23Z</time></trkpt>
<trkpt lat="38.779554" lon="139.780040"><ele>55.2</ele><time>2026-09-20T04:48:00Z</time></trkpt>
<trkpt lat="38.779670" lon="139.785791"><ele>52.4</ele><time>2026-09-20T04:49:01Z</time></trkpt>
<trkpt lat="38.780039" lon="139.786910"><ele>54.4</ele><time>2026-09-20T04:49:14Z</time></trkpt>
<trkpt lat="38.785721" lon="139.792535"><ele>55.2</ele><time>2026-09-20T04:50:58Z</time></trkpt>
<trkpt lat="38.789113" lon="139.793859"><ele>55.0</ele><time>2026-09-20T04:52:26Z</time></trkpt>
<trkpt lat="38.789304" lon="139.799896"><ele>53.8</ele><time>2026-09-20T04:54:08Z</time></trkpt>
<trkpt lat="38.788434" lon="139.812450"><ele>51.8</ele><time>2026-09-20T04:56:22Z</time></trkpt>
<trkpt lat="38.788784" lon="139.813644"><ele>50.8</ele><time>2026-09-20T04:56:36Z</time></trkpt>
<trkpt lat="38.790251" lon="139.815704"><ele>51.4</ele><time>2026-09-20T04:57:08Z</time></trkpt>
<trkpt lat="38.791218" lon="139.824448"><ele>51.8</ele><time>2026-09-20T04:58:50Z</time></trkpt>
<trkpt lat="38.790793" lon="139.828957"><ele>53.4</ele><time>2026-09-20T04:59:42Z</time></trkpt>
<trkpt lat="38.791081" lon="139.837465"><ele>53.0</ele><time>2026-09-20T05:02:33Z</time></trkpt>
<trkpt lat="38.789908" lon="139.846145"><ele>57.4</ele><time>2026-09-20T05:04:42Z</time></trkpt>
<trkpt lat="38.784865" lon="139.845109"><ele>55.8</ele><time>2026-09-20T05:06:47Z</time></trkpt>
<trkpt lat="38.782752" lon="139.845309"><ele>57.6</ele><time>2026-09-20T05:07:16Z</time></trkpt>
<trkpt lat="38.775404" lon="139.849937"><ele>56.2</ele><time>2026-09-20T05:09:34Z</time></trkpt>
<trkpt lat="38.775519" lon="139.854599"><ele>54.4</ele><time>2026-09-20T05:10:35Z</time></trkpt>
<trkpt lat="38.773221" lon="139.861442"><ele>54.6</ele><time>2026-09-20T05:12:08Z</time></trkpt>
<trkpt lat="38.769875" lon="139.869505"><ele>56.2</ele><time>2026-09-20T05:14:03Z</time></trkpt>
<trkpt lat="38.769339" lon="139.872946"><ele>55.0</ele><time>2026-09-20T05:14:48Z</time></trkpt>
<trkpt lat="38.763981" lon="139.892108"><ele>58.4</ele><time>2026-09-20T05:19:29Z</time></trkpt>
<trkpt lat="38.765272" lon="139.893843"><ele>57.6</ele><time>2026-09-20T05:20:02Z</time></trkpt>
<trkpt lat="38.766075" lon="139.896161"><ele>59.0</ele><time>2026-09-20T05:20:33Z</time></trkpt>
<trkpt lat="38.765044" lon="139.899919"><ele>57.4</ele><time>2026-09-20T05:21:27Z</time></trkpt>
<trkpt lat="38.764627" lon="139.903706"><ele>56.8</ele><time>2026-09-20T05:22:21Z</time></trkpt>
<trkpt lat="38.763148" lon="139.906742"><ele>58.0</ele><time>2026-09-20T05:23:09Z</time></trkpt>
<trkpt lat="38.765020" lon="139.908000"><ele>57.8</ele><time>2026-09-20T05:23:44Z</time></trkpt>
<trkpt lat="38.775515" lon="139.909847"><ele>56.6</ele><time>2026-09-20T05:26:32Z</time></trkpt>
<trkpt lat="38.776041" lon="139.920127"><ele>56.2</ele><time>2026-09-20T05:29:29Z</time></trkpt>
<trkpt lat="38.777572" lon="139.925776"><ele>54.4</ele><time>2026-09-20T05:30:50Z</time></trkpt>
<trkpt lat="38.779155" lon="139.928335"><ele>55.4</ele><time>2026-09-20T05:31:35Z</time></trkpt>
<trkpt lat="38.780949" lon="139.936485"><ele>56.6</ele><time>2026-09-20T05:33:34Z</time></trkpt>
<trkpt lat="38.781803" lon="139.949384"><ele>58.0</ele><time>2026-09-20T05:36:43Z</time></trkpt>
<trkpt lat="38.783395" lon="139.956823"><ele>59.0</ele><time>2026-09-20T05:38:33Z</time></trkpt>
<trkpt lat="38.784175" lon="139.967083"><ele>60.0</ele><time>2026-09-20T05:41:04Z</time></trkpt>
<trkpt lat="38.785328" lon="139.967706"><ele>60.0</ele><time>2026-09-20T05:41:30Z</time></trkpt>
<trkpt lat="38.785581" lon="139.969190"><ele>61.2</ele><time>2026-09-20T05:41:54Z</time></trkpt>
<trkpt lat="38.786376" lon="139.970071"><ele>61.0</ele><time>2026-09-20T05:42:13Z</time></trkpt>
<trkpt lat="38.788307" lon="139.970935"><ele>62.0</ele><time>2026-09-20T05:42:49Z</time></trkpt>
<trkpt lat="38.791296" lon="139.971189"><ele>62.8</ele><time>2026-09-20T05:44:20Z</time></trkpt>
<trkpt lat="38.791980" lon="139.975745"><ele>62.8</ele><time>2026-09-20T05:45:32Z</time></trkpt>
<trkpt lat="38.791792" lon="139.977993"><ele>63.0</ele><time>2026-09-20T05:46:02Z</time></trkpt>
<trkpt lat="38.790370" lon="139.980845"><ele>64.8</ele><time>2026-09-20T05:46:44Z</time></trkpt>
<trkpt lat="38.788962" lon="139.995458"><ele>65.8</ele><time>2026-09-20T05:49:56Z</time></trkpt>
<trkpt lat="38.790553" lon="140.002679"><ele>69.8</ele><time>2026-09-20T05:51:41Z</time></trkpt>
<trkpt lat="38.791311" lon="140.009289"><ele>69.4</ele><time>2026-09-20T05:52:59Z</time></trkpt>
<trkpt lat="38.791052" lon="140.020584"><ele>71.6</ele><time>2026-09-20T05:55:37Z</time></trkpt>
<trkpt lat="38.789959" lon="140.023847"><ele>71.8</ele><time>2026-09-20T05:56:18Z</time></trkpt>
<trkpt lat="38.787441" lon="140.026696"><ele>71.6</ele><time>2026-09-20T05:57:13Z</time></trkpt>
<trkpt lat="38.785675" lon="140.027204"><ele>72.0</ele><time>2026-09-20T05:57:45Z</time></trkpt>
<trkpt lat="38.783566" lon="140.026125"><ele>74.2</ele><time>2026-09-20T05:58:24Z</time></trkpt>
<trkpt lat="38.782367" lon="140.026325"><ele>74.2</ele><time>2026-09-20T05:58:44Z</time></trkpt>
<trkpt lat="38.775791" lon="140.032459"><ele>74.4</ele><time>2026-09-20T06:00:50Z</time></trkpt>
<trkpt lat="38.773296" lon="140.033397"><ele>72.8</ele><time>2026-09-20T06:01:29Z</time></trkpt>
<trkpt lat="38.771298" lon="140.036111"><ele>72.4</ele><time>2026-09-20T06:02:12Z</time></trkpt>
<trkpt lat="38.768041" lon="140.043260"><ele>75.0</ele><time>2026-09-20T06:03:51Z</time></trkpt>
<trkpt lat="38.765990" lon="140.052442"><ele>72.8</ele><time>2026-09-20T06:05:35Z</time></trkpt>
<trkpt lat="38.765037" lon="140.054975"><ele>72.4</ele><time>2026-09-20T06:06:08Z</time></trkpt>
<trkpt lat="38.762714" lon="140.058864"><ele>72.4</ele><time>2026-09-20T06:07:06Z</time></trkpt>
<trkpt lat="38.757696" lon="140.065594"><ele>83.8</ele><time>2026-09-20T06:09:05Z</time></trkpt>
<trkpt lat="38.754124" lon="140.069466"><ele>76.8</ele><time>2026-09-20T06:10:08Z</time></trkpt>
<trkpt lat="38.750047" lon="140.076676"><ele>82.6</ele><time>2026-09-20T06:11:58Z</time></trkpt>
<trkpt lat="38.749229" lon="140.079651"><ele>84.0</ele><time>2026-09-20T06:12:38Z</time></trkpt>
<trkpt lat="38.749171" lon="140.081755"><ele>78.4</ele><time>2026-09-20T06:12:57Z</time></trkpt>
<trkpt lat="38.750336" lon="140.083838"><ele>74.4</ele><time>2026-09-20T06:13:19Z</time></trkpt>
<trkpt lat="38.755850" lon="140.088098"><ele>83.6</ele><time>2026-09-20T06:15:00Z</time></trkpt>
<trkpt lat="38.756538" lon="140.094042"><ele>76.2</ele><time>2026-09-20T06:15:53Z</time></trkpt>
<trkpt lat="38.756218" lon="140.096755"><ele>76.8</ele><time>2026-09-20T06:16:19Z</time></trkpt>
<trkpt lat="38.754714" lon="140.100443"><ele>77.0</ele><time>2026-09-20T06:17:01Z</time></trkpt>
<trkpt lat="38.752619" lon="140.101612"><ele>77.4</ele><time>2026-09-20T06:17:39Z</time></trkpt>
<trkpt lat="38.747040" lon="140.108445"><ele>86.0</ele><time>2026-09-20T06:19:35Z</time></trkpt>
<trkpt lat="38.744241" lon="140.122732"><ele>76.6</ele><time>2026-09-20T06:21:56Z</time></trkpt>
<trkpt lat="38.738121" lon="140.134887"><ele>78.8</ele><time>2026-09-20T06:24:52Z</time></trkpt>
<trkpt lat="38.738592" lon="140.139245"><ele>80.4</ele><time>2026-09-20T06:26:13Z</time></trkpt>
<trkpt lat="38.738689" lon="140.147065"><ele>76.4</ele><time>2026-09-20T06:27:34Z</time></trkpt>
<trkpt lat="38.737250" lon="140.150065"><ele>81.2</ele><time>2026-09-20T06:28:19Z</time></trkpt>
<trkpt lat="38.735448" lon="140.155489"><ele>82.4</ele><time>2026-09-20T06:30:14Z</time></trkpt>
<trkpt lat="38.734272" lon="140.160578"><ele>79.6</ele><time>2026-09-20T06:31:14Z</time></trkpt>
<trkpt lat="38.730576" lon="140.163041"><ele>81.6</ele><time>2026-09-20T06:32:20Z</time></trkpt>
<trkpt lat="38.726652" lon="140.162790"><ele>85.2</ele><time>2026-09-20T06:34:15Z</time></trkpt>
<trkpt lat="38.724548" lon="140.166265"><ele>83.2</ele><time>2026-09-20T06:35:07Z</time></trkpt>
<trkpt lat="38.724362" lon="140.167579"><ele>83.4</ele><time>2026-09-20T06:35:22Z</time></trkpt>
<trkpt lat="38.724966" lon="140.171530"><ele>81.4</ele><time>2026-09-20T06:36:07Z</time></trkpt>
<trkpt lat="38.727447" lon="140.180581"><ele>84.8</ele><time>2026-09-20T06:37:57Z</time></trkpt>
<trkpt lat="38.727499" lon="140.182991"><ele>82.8</ele><time>2026-09-20T06:38:25Z</time></trkpt>
<trkpt lat="38.726865" lon="140.186096"><ele>82.6</ele><time>2026-09-20T06:39:03Z</time></trkpt>
<trkpt lat="38.725504" lon="140.189439"><ele>83.0</ele><time>2026-09-20T06:39:49Z</time></trkpt>
<trkpt lat="38.724282" lon="140.191338"><ele>85.4</ele><time>2026-09-20T06:40:21Z</time></trkpt>
<trkpt lat="38.721916" lon="140.193685"><ele>84.0</ele><time>2026-09-20T06:41:07Z</time></trkpt>
<trkpt lat="38.721732" lon="140.197546"><ele>83.6</ele><time>2026-09-20T06:41:49Z</time></trkpt>
<trkpt lat="38.727809" lon="140.208881"><ele>83.0</ele><time>2026-09-20T06:44:21Z</time></trkpt>
<trkpt lat="38.728104" lon="140.212611"><ele>85.6</ele><time>2026-09-20T06:45:09Z</time></trkpt>
<trkpt lat="38.727565" lon="140.221017"><ele>88.6</ele><time>2026-09-20T06:47:03Z</time></trkpt>
<trkpt lat="38.727776" lon="140.226493"><ele>89.4</ele><time>2026-09-20T06:48:14Z</time></trkpt>
<trkpt lat="38.728388" lon="140.227191"><ele>88.6</ele><time>2026-09-20T06:48:26Z</time></trkpt>
<trkpt lat="38.729989" lon="140.227728"><ele>85.8</ele><time>2026-09-20T06:48:48Z</time></trkpt>
<trkpt lat="38.730598" lon="140.229426"><ele>88.2</ele><time>2026-09-20T06:49:09Z</time></trkpt>
<trkpt lat="38.734006" lon="140.232785"><ele>93.8</ele><time>2026-09-20T06:50:27Z</time></trkpt>
<trkpt lat="38.732859" lon="140.234245"><ele>89.6</ele><time>2026-09-20T06:50:53Z</time></trkpt>
<trkpt lat="38.727325" lon="140.236633"><ele>105.6</ele><time>2026-09-20T06:52:53Z</time></trkpt>
<trkpt lat="38.726047" lon="140.237653"><ele>105.6</ele><time>2026-09-20T06:53:17Z</time></trkpt>
<trkpt lat="38.721038" lon="140.248409"><ele>93.6</ele><time>2026-09-20T06:55:45Z</time></trkpt>
<trkpt lat="38.716007" lon="140.255072"><ele>96.8</ele><time>2026-09-20T06:57:56Z</time></trkpt>
<trkpt lat="38.714588" lon="140.260471"><ele>116.0</ele><time>2026-09-20T06:59:56Z</time></trkpt>
<trkpt lat="38.713222" lon="140.260994"><ele>114.8</ele><time>2026-09-20T07:00:21Z</time></trkpt>
<trkpt lat="38.712812" lon="140.261856"><ele>116.0</ele><time>2026-09-20T07:00:35Z</time></trkpt>
<trkpt lat="38.712994" lon="140.264164"><ele>116.0</ele><time>2026-09-20T07:01:07Z</time></trkpt>
<trkpt lat="38.712349" lon="140.266386"><ele>116.8</ele><time>2026-09-20T07:01:38Z</time></trkpt>
<trkpt lat="38.712548" lon="140.269511"><ele>118.4</ele><time>2026-09-20T07:02:20Z</time></trkpt>
<trkpt lat="38.711965" lon="140.271175"><ele>117.2</ele><time>2026-09-20T07:02:43Z</time></trkpt>
<trkpt lat="38.709964" lon="140.273719"><ele>114.4</ele><time>2026-09-20T07:03:26Z</time></trkpt>
<trkpt lat="38.709922" lon="140.276779"><ele>124.0</ele><time>2026-09-20T07:04:27Z</time></trkpt>
<trkpt lat="38.708926" lon="140.280145"><ele>127.6</ele><time>2026-09-20T07:05:28Z</time></trkpt>
<trkpt lat="38.709058" lon="140.283078"><ele>127.4</ele><time>2026-09-20T07:06:10Z</time></trkpt>
<trkpt lat="38.707509" lon="140.286694"><ele>135.0</ele><time>2026-09-20T07:07:13Z</time></trkpt>
<trkpt lat="38.707624" lon="140.289715"><ele>143.8</ele><time>2026-09-20T07:08:14Z</time></trkpt>
<trkpt lat="38.705606" lon="140.291632"><ele>166.8</ele><time>2026-09-20T07:10:04Z</time></trkpt>
<trkpt lat="38.704985" lon="140.291136"><ele>172.6</ele><time>2026-09-20T07:10:36Z</time></trkpt>
<trkpt lat="38.704038" lon="140.291259"><ele>177.0</ele><time>2026-09-20T07:11:08Z</time></trkpt>
<trkpt lat="38.702970" lon="140.295039"><ele>148.0</ele><time>2026-09-20T07:11:35Z</time></trkpt>
<trkpt lat="38.701753" lon="140.296494"><ele>139.2</ele><time>2026-09-20T07:11:50Z</time></trkpt>
<trkpt lat="38.701470" lon="140.298412"><ele>131.2</ele><time>2026-09-20T07:12:05Z</time></trkpt>
<trkpt lat="38.699933" lon="140.302421"><ele>129.2</ele><time>2026-09-20T07:12:53Z</time></trkpt>
<trkpt lat="38.702196" lon="140.319286"><ele>137.2</ele><time>2026-09-20T07:16:48Z</time></trkpt>
<trkpt lat="38.695787" lon="140.319966"><ele>112.6</ele><time>2026-09-20T07:18:07Z</time></trkpt>
<trkpt lat="38.689655" lon="140.319101"><ele>114.0</ele><time>2026-09-20T07:19:44Z</time></trkpt>
<trkpt lat="38.687950" lon="140.319628"><ele>117.8</ele><time>2026-09-20T07:38:45Z</time></trkpt>
<trkpt lat="38.685239" lon="140.321859"><ele>130.2</ele><time>2026-09-20T07:40:01Z</time></trkpt>
<trkpt lat="38.679648" lon="140.320844"><ele>131.8</ele><time>2026-09-20T07:41:34Z</time></trkpt>
<trkpt lat="38.678320" lon="140.321751"><ele>127.4</ele><time>2026-09-20T07:41:51Z</time></trkpt>
<trkpt lat="38.676180" lon="140.325456"><ele>113.8</ele><time>2026-09-20T07:42:26Z</time></trkpt>
<trkpt lat="38.671564" lon="140.328978"><ele>95.2</ele><time>2026-09-20T07:43:16Z</time></trkpt>
<trkpt lat="38.665265" lon="140.336775"><ele>103.0</ele><time>2026-09-20T07:45:32Z</time></trkpt>
<trkpt lat="38.663055" lon="140.341327"><ele>112.8</ele><time>2026-09-20T07:46:56Z</time></trkpt>
<trkpt lat="38.661937" lon="140.345553"><ele>111.4</ele><time>2026-09-20T07:47:46Z</time></trkpt>
<trkpt lat="38.658620" lon="140.351222"><ele>99.6</ele><time>2026-09-20T07:48:56Z</time></trkpt>
<trkpt lat="38.658436" lon="140.353062"><ele>103.2</ele><time>2026-09-20T07:49:18Z</time></trkpt>
<trkpt lat="38.659264" lon="140.357908"><ele>118.6</ele><time>2026-09-20T07:50:45Z</time></trkpt>
<trkpt lat="38.658936" lon="140.359732"><ele>124.0</ele><time>2026-09-20T07:51:19Z</time></trkpt>
<trkpt lat="38.658200" lon="140.360974"><ele>123.6</ele><time>2026-09-20T07:51:40Z</time></trkpt>
<trkpt lat="38.653745" lon="140.363324"><ele>120.8</ele><time>2026-09-20T07:52:52Z</time></trkpt>
<trkpt lat="38.650917" lon="140.364068"><ele>121.2</ele><time>2026-09-20T07:53:38Z</time></trkpt>
<trkpt lat="38.641679" lon="140.367992"><ele>117.4</ele><time>2026-09-20T07:55:58Z</time></trkpt>
<trkpt lat="38.636588" lon="140.375521"><ele>127.2</ele><time>2026-09-20T07:58:17Z</time></trkpt>
<trkpt lat="38.631559" lon="140.381301"><ele>121.4</ele><time>2026-09-20T07:59:59Z</time></trkpt>
<trkpt lat="38.617814" lon="140.390998"><ele>122.8</ele><time>2026-09-20T08:04:13Z</time></trkpt>
<trkpt lat="38.613013" lon="140.394651"><ele>122.6</ele><time>2026-09-20T08:05:36Z</time></trkpt>
<trkpt lat="38.611894" lon="140.396004"><ele>122.6</ele><time>2026-09-20T08:06:21Z</time></trkpt>
<trkpt lat="38.614053" lon="140.402300"><ele>130.0</ele><time>2026-09-20T08:08:09Z</time></trkpt>
<trkpt lat="38.614324" lon="140.405879"><ele>139.0</ele><time>2026-09-20T08:09:20Z</time></trkpt>
<trkpt lat="38.612674" lon="140.420517"><ele>156.4</ele><time>2026-09-20T08:13:12Z</time></trkpt>
<trkpt lat="38.610916" lon="140.426237"><ele>161.6</ele><time>2026-09-20T08:14:58Z</time></trkpt>
<trkpt lat="38.610560" lon="140.429599"><ele>163.4</ele><time>2026-09-20T08:15:44Z</time></trkpt>
<trkpt lat="38.608731" lon="140.460203"><ele>186.4</ele><time>2026-09-20T08:22:59Z</time></trkpt>
<trkpt lat="38.609324" lon="140.463564"><ele>189.6</ele><time>2026-09-20T08:23:45Z</time></trkpt>
<trkpt lat="38.609633" lon="140.470890"><ele>190.4</ele><time>2026-09-20T08:25:20Z</time></trkpt>
<trkpt lat="38.609376" lon="140.473769"><ele>190.6</ele><time>2026-09-20T08:26:00Z</time></trkpt>
<trkpt lat="38.605570" lon="140.480453"><ele>197.0</ele><time>2026-09-20T08:28:02Z</time></trkpt>
<trkpt lat="38.602913" lon="140.483542"><ele>200.4</ele><time>2026-09-20T08:29:08Z</time></trkpt>
<trkpt lat="38.599788" lon="140.489188"><ele>202.0</ele><time>2026-09-20T08:30:49Z</time></trkpt>
<trkpt lat="38.596840" lon="140.493214"><ele>204.6</ele><time>2026-09-20T08:33:12Z</time></trkpt>
<trkpt lat="38.596564" lon="140.495786"><ele>205.0</ele><time>2026-09-20T08:33:54Z</time></trkpt>
<trkpt lat="38.597519" lon="140.498470"><ele>222.2</ele><time>2026-09-20T08:36:05Z</time></trkpt>
<trkpt lat="38.596282" lon="140.502821"><ele>236.2</ele><time>2026-09-20T08:37:55Z</time></trkpt>
<trkpt lat="38.596479" lon="140.505186"><ele>241.8</ele><time>2026-09-20T08:38:50Z</time></trkpt>
<trkpt lat="38.597402" lon="140.506589"><ele>245.4</ele><time>2026-09-20T08:39:30Z</time></trkpt>
<trkpt lat="38.596472" lon="140.511063"><ele>254.6</ele><time>2026-09-20T08:41:00Z</time></trkpt>
<trkpt lat="38.595570" lon="140.512693"><ele>258.8</ele><time>2026-09-20T08:41:44Z</time></trkpt>
<trkpt lat="38.596114" lon="140.514862"><ele>264.4</ele><time>2026-09-20T08:42:31Z</time></trkpt>
<trkpt lat="38.595597" lon="140.517496"><ele>272.8</ele><time>2026-09-20T08:43:30Z</time></trkpt>
<trkpt lat="38.594510" lon="140.518863"><ele>276.2</ele><time>2026-09-20T08:44:10Z</time></trkpt>
<trkpt lat="38.594591" lon="140.521836"><ele>284.8</ele><time>2026-09-20T08:45:15Z</time></trkpt>
<trkpt lat="38.595434" lon="140.523182"><ele>293.0</ele><time>2026-09-20T08:45:59Z</time></trkpt>
<trkpt lat="38.595087" lon="140.524424"><ele>297.8</ele><time>2026-09-20T08:46:31Z</time></trkpt>
<trkpt lat="38.595273" lon="140.528613"><ele>314.4</ele><time>2026-09-20T08:48:20Z</time></trkpt>
<trkpt lat="38.593536" lon="140.534023"><ele>333.6</ele><time>2026-09-20T08:50:45Z</time></trkpt>
<trkpt lat="38.594399" lon="140.535861"><ele>343.4</ele><time>2026-09-20T08:51:45Z</time></trkpt>
<trkpt lat="38.597112" lon="140.536165"><ele>366.4</ele><time>2026-09-20T08:53:39Z</time></trkpt>
<trkpt lat="38.598523" lon="140.537069"><ele>373.2</ele><time>2026-09-20T08:54:37Z</time></trkpt>
<trkpt lat="38.599135" lon="140.538665"><ele>381.4</ele><time>2026-09-20T08:55:29Z</time></trkpt>
<trkpt lat="38.600431" lon="140.539653"><ele>388.6</ele><time>2026-09-20T08:56:23Z</time></trkpt>
<trkpt lat="38.602203" lon="140.539385"><ele>402.2</ele><time>2026-09-20T08:57:36Z</time></trkpt>
<trkpt lat="38.602952" lon="140.540843"><ele>408.2</ele><time>2026-09-20T08:58:24Z</time></trkpt>
<trkpt lat="38.604162" lon="140.541964"><ele>421.8</ele><time>2026-09-20T08:59:44Z</time></trkpt>
<trkpt lat="38.606479" lon="140.542710"><ele>432.4</ele><time>2026-09-20T09:01:23Z</time></trkpt>
<trkpt lat="38.606270" lon="140.543666"><ele>434.8</ele><time>2026-09-20T09:01:46Z</time></trkpt>
<trkpt lat="38.603795" lon="140.544745"><ele>442.8</ele><time>2026-09-20T09:02:51Z</time></trkpt>
<trkpt lat="38.603027" lon="140.546044"><ele>449.6</ele><time>2026-09-20T09:03:27Z</time></trkpt>
<trkpt lat="38.603041" lon="140.547208"><ele>455.4</ele><time>2026-09-20T09:03:54Z</time></trkpt>
<trkpt lat="38.604133" lon="140.548921"><ele>463.0</ele><time>2026-09-20T09:05:15Z</time></trkpt>
<trkpt lat="38.604607" lon="140.548717"><ele>462.8</ele><time>2026-09-20T09:05:42Z</time></trkpt>
<trkpt lat="38.604225" lon="140.548900"><ele>463.0</ele><time>2026-09-20T09:06:16Z</time></trkpt>
<trkpt lat="38.604408" lon="140.548447"><ele>463.4</ele><time>2026-09-20T09:06:49Z</time></trkpt>
<trkpt lat="38.604346" lon="140.549119"><ele>463.2</ele><time>2026-09-20T09:08:12Z</time></trkpt>
<trkpt lat="38.604135" lon="140.548892"><ele>462.8</ele><time>2026-09-20T09:09:07Z</time></trkpt>
<trkpt lat="38.604727" lon="140.549578"><ele>466.8</ele><time>2026-09-20T09:09:35Z</time></trkpt>
<trkpt lat="38.604774" lon="140.551999"><ele>476.6</ele><time>2026-09-20T09:10:31Z</time></trkpt>
<trkpt lat="38.605897" lon="140.553249"><ele>482.0</ele><time>2026-09-20T09:11:12Z</time></trkpt>
<trkpt lat="38.606688" lon="140.555835"><ele>489.4</ele><time>2026-09-20T09:12:06Z</time></trkpt>
<trkpt lat="38.607971" lon="140.558213"><ele>495.6</ele><time>2026-09-20T09:13:06Z</time></trkpt>
<trkpt lat="38.608948" lon="140.563191"><ele>489.4</ele><time>2026-09-20T09:14:52Z</time></trkpt>
<trkpt lat="38.610570" lon="140.562788"><ele>482.4</ele><time>2026-09-20T09:15:16Z</time></trkpt>
<trkpt lat="38.610995" lon="140.563828"><ele>478.4</ele><time>2026-09-20T09:15:27Z</time></trkpt>
<trkpt lat="38.609088" lon="140.565388"><ele>465.6</ele><time>2026-09-20T09:15:56Z</time></trkpt>
<trkpt lat="38.607687" lon="140.565549"><ele>457.6</ele><time>2026-09-20T09:16:12Z</time></trkpt>
<trkpt lat="38.606916" lon="140.566223"><ele>455.4</ele><time>2026-09-20T09:16:23Z</time></trkpt>
<trkpt lat="38.605437" lon="140.565737"><ele>455.0</ele><time>2026-09-20T09:16:42Z</time></trkpt>
<trkpt lat="38.603274" lon="140.566940"><ele>454.4</ele><time>2026-09-20T09:17:12Z</time></trkpt>
<trkpt lat="38.602809" lon="140.567506"><ele>453.8</ele><time>2026-09-20T09:17:20Z</time></trkpt>
<trkpt lat="38.602556" lon="140.569840"><ele>452.8</ele><time>2026-09-20T09:17:44Z</time></trkpt>
<trkpt lat="38.600861" lon="140.569745"><ele>451.2</ele><time>2026-09-20T09:18:05Z</time></trkpt>
<trkpt lat="38.600756" lon="140.570397"><ele>451.0</ele><time>2026-09-20T09:18:11Z</time></trkpt>
<trkpt lat="38.601496" lon="140.571859"><ele>449.8</ele><time>2026-09-20T09:18:28Z</time></trkpt>
<trkpt lat="38.599977" lon="140.576059"><ele>447.6</ele><time>2026-09-20T09:19:15Z</time></trkpt>
<trkpt lat="38.599816" lon="140.578374"><ele>446.0</ele><time>2026-09-20T09:19:40Z</time></trkpt>
<trkpt lat="38.598582" lon="140.579717"><ele>445.2</ele><time>2026-09-20T09:20:03Z</time></trkpt>
<trkpt lat="38.596979" lon="140.582932"><ele>442.4</ele><time>2026-09-20T09:20:42Z</time></trkpt>
<trkpt lat="38.595343" lon="140.583595"><ele>439.2</ele><time>2026-09-20T09:21:05Z</time></trkpt>
<trkpt lat="38.591924" lon="140.587648"><ele>431.0</ele><time>2026-09-20T09:22:02Z</time></trkpt>
<trkpt lat="38.591557" lon="140.591498"><ele>430.0</ele><time>2026-09-20T09:22:42Z</time></trkpt>
<trkpt lat="38.592284" lon="140.593983"><ele>428.0</ele><time>2026-09-20T09:23:05Z</time></trkpt>
<trkpt lat="38.593462" lon="140.595172"><ele>427.2</ele><time>2026-09-20T09:23:24Z</time></trkpt>
<trkpt lat="38.592284" lon="140.598006"><ele>426.4</ele><time>2026-09-20T09:23:59Z</time></trkpt>
<trkpt lat="38.592378" lon="140.602491"><ele>424.6</ele><time>2026-09-20T09:24:50Z</time></trkpt>
<trkpt lat="38.593178" lon="140.604836"><ele>423.8</ele><time>2026-09-20T09:25:22Z</time></trkpt>
<trkpt lat="38.594953" lon="140.606071"><ele>423.0</ele><time>2026-09-20T09:25:57Z</time></trkpt>
<trkpt lat="38.595308" lon="140.607068"><ele>422.8</ele><time>2026-09-20T09:26:11Z</time></trkpt>
<trkpt lat="38.594676" lon="140.608111"><ele>422.2</ele><time>2026-09-20T09:26:26Z</time></trkpt>
<trkpt lat="38.594719" lon="140.609559"><ele>421.4</ele><time>2026-09-20T09:26:40Z</time></trkpt>
<trkpt lat="38.593968" lon="140.612234"><ele>420.0</ele><time>2026-09-20T09:27:08Z</time></trkpt>
<trkpt lat="38.592294" lon="140.613086"><ele>418.6</ele><time>2026-09-20T09:27:34Z</time></trkpt>
<trkpt lat="38.592061" lon="140.614306"><ele>418.6</ele><time>2026-09-20T09:27:49Z</time></trkpt>
<trkpt lat="38.590855" lon="140.615216"><ele>418.2</ele><time>2026-09-20T09:28:12Z</time></trkpt>
<trkpt lat="38.590679" lon="140.616933"><ele>417.4</ele><time>2026-09-20T09:28:34Z</time></trkpt>
<trkpt lat="38.589671" lon="140.618088"><ele>416.4</ele><time>2026-09-20T09:28:54Z</time></trkpt>
<trkpt lat="38.589786" lon="140.618764"><ele>415.4</ele><time>2026-09-20T09:29:01Z</time></trkpt>
<trkpt lat="38.591123" lon="140.619882"><ele>413.6</ele><time>2026-09-20T09:29:21Z</time></trkpt>
<trkpt lat="38.591239" lon="140.620706"><ele>413.2</ele><time>2026-09-20T09:29:29Z</time></trkpt>
<trkpt lat="38.590381" lon="140.622290"><ele>412.6</ele><time>2026-09-20T09:29:53Z</time></trkpt>
<trkpt lat="38.590026" lon="140.624197"><ele>412.0</ele><time>2026-09-20T09:30:22Z</time></trkpt>
<trkpt lat="38.588696" lon="140.626039"><ele>411.0</ele><time>2026-09-20T09:30:51Z</time></trkpt>
<trkpt lat="38.587225" lon="140.629294"><ele>408.8</ele><time>2026-09-20T09:31:30Z</time></trkpt>
<trkpt lat="38.587504" lon="140.632226"><ele>406.8</ele><time>2026-09-20T09:32:02Z</time></trkpt>
<trkpt lat="38.588304" lon="140.633597"><ele>405.8</ele><time>2026-09-20T09:32:20Z</time></trkpt>
<trkpt lat="38.587876" lon="140.635328"><ele>405.4</ele><time>2026-09-20T09:32:49Z</time></trkpt>
<trkpt lat="38.584242" lon="140.637720"><ele>404.0</ele><time>2026-09-20T09:33:47Z</time></trkpt>
<trkpt lat="38.583701" lon="140.640130"><ele>402.8</ele><time>2026-09-20T09:34:14Z</time></trkpt>
<trkpt lat="38.582513" lon="140.641901"><ele>400.4</ele><time>2026-09-20T09:34:42Z</time></trkpt>
<trkpt lat="38.583528" lon="140.643601"><ele>397.6</ele><time>2026-09-20T09:35:09Z</time></trkpt>
<trkpt lat="38.583662" lon="140.647502"><ele>394.4</ele><time>2026-09-20T09:35:52Z</time></trkpt>
<trkpt lat="38.584439" lon="140.650648"><ele>392.4</ele><time>2026-09-20T09:36:27Z</time></trkpt>
<trkpt lat="38.588350" lon="140.652639"><ele>391.4</ele><time>2026-09-20T09:37:30Z</time></trkpt>
<trkpt lat="38.589218" lon="140.653763"><ele>392.2</ele><time>2026-09-20T09:37:50Z</time></trkpt>
<trkpt lat="38.589709" lon="140.657721"><ele>384.8</ele><time>2026-09-20T09:38:39Z</time></trkpt>
<trkpt lat="38.591875" lon="140.661391"><ele>383.0</ele><time>2026-09-20T09:39:31Z</time></trkpt>
<trkpt lat="38.592307" lon="140.664088"><ele>382.4</ele><time>2026-09-20T09:39:59Z</time></trkpt>
<trkpt lat="38.594530" lon="140.667509"><ele>381.6</ele><time>2026-09-20T09:40:44Z</time></trkpt>
<trkpt lat="38.595394" lon="140.671404"><ele>378.2</ele><time>2026-09-20T09:41:22Z</time></trkpt>
<trkpt lat="38.595443" lon="140.673446"><ele>377.2</ele><time>2026-09-20T09:41:59Z</time></trkpt>
<trkpt lat="38.602381" lon="140.677437"><ele>377.8</ele><time>2026-09-20T09:44:23Z</time></trkpt>
<trkpt lat="38.605203" lon="140.683537"><ele>373.6</ele><time>2026-09-20T09:45:43Z</time></trkpt>
<trkpt lat="38.604830" lon="140.688195"><ele>373.2</ele><time>2026-09-20T09:46:45Z</time></trkpt>
<trkpt lat="38.602143" lon="140.702587"><ele>371.4</ele><time>2026-09-20T09:49:54Z</time></trkpt>
<trkpt lat="38.595417" lon="140.718306"><ele>359.6</ele><time>2026-09-20T09:53:30Z</time></trkpt>
<trkpt lat="38.593277" lon="140.720689"><ele>356.0</ele><time>2026-09-20T09:54:14Z</time></trkpt>
<trkpt lat="38.590115" lon="140.726089"><ele>352.4</ele><time>2026-09-20T09:55:41Z</time></trkpt>
<trkpt lat="38.588667" lon="140.731876"><ele>347.8</ele><time>2026-09-20T09:56:57Z</time></trkpt>
<trkpt lat="38.585725" lon="140.739492"><ele>344.8</ele><time>2026-09-20T09:58:41Z</time></trkpt>
<trkpt lat="38.585482" lon="140.741068"><ele>344.6</ele><time>2026-09-20T09:59:00Z</time></trkpt>
<trkpt lat="38.585777" lon="140.743461"><ele>341.0</ele><time>2026-09-20T10:00:15Z</time></trkpt>
<trkpt lat="38.586692" lon="140.744597"><ele>340.0</ele><time>2026-09-20T10:00:37Z</time></trkpt>
<trkpt lat="38.585805" lon="140.750236"><ele>338.8</ele><time>2026-09-20T10:01:46Z</time></trkpt>
<trkpt lat="38.581759" lon="140.759980"><ele>340.4</ele><time>2026-09-20T10:04:00Z</time></trkpt>
<trkpt lat="38.579447" lon="140.772170"><ele>337.8</ele><time>2026-09-20T10:06:29Z</time></trkpt>
<trkpt lat="38.576452" lon="140.777764"><ele>334.6</ele><time>2026-09-20T10:07:52Z</time></trkpt>
<trkpt lat="38.574593" lon="140.780577"><ele>329.2</ele><time>2026-09-20T10:09:01Z</time></trkpt>
<trkpt lat="38.574030" lon="140.780482"><ele>328.4</ele><time>2026-09-20T10:09:13Z</time></trkpt>
<trkpt lat="38.573375" lon="140.782275"><ele>325.8</ele><time>2026-09-20T10:09:39Z</time></trkpt>
<trkpt lat="38.572256" lon="140.782155"><ele>324.4</ele><time>2026-09-20T10:09:59Z</time></trkpt>
<trkpt lat="38.571862" lon="140.782668"><ele>324.0</ele><time>2026-09-20T10:10:09Z</time></trkpt>
<trkpt lat="38.571846" lon="140.787323"><ele>317.2</ele><time>2026-09-20T10:22:57Z</time></trkpt>
<trkpt lat="38.572065" lon="140.787097"><ele>306.8</ele><time>2026-09-20T10:34:49Z</time></trkpt>
<trkpt lat="38.572660" lon="140.788284"><ele>308.0</ele><time>2026-09-20T10:35:10Z</time></trkpt>
<trkpt lat="38.573781" lon="140.791390"><ele>310.8</ele><time>2026-09-20T10:35:51Z</time></trkpt>
<trkpt lat="38.573878" lon="140.793047"><ele>312.2</ele><time>2026-09-20T10:36:11Z</time></trkpt>
<trkpt lat="38.576140" lon="140.798779"><ele>317.2</ele><time>2026-09-20T10:37:30Z</time></trkpt>
<trkpt lat="38.575585" lon="140.806083"><ele>318.6</ele><time>2026-09-20T10:38:59Z</time></trkpt>
<trkpt lat="38.576171" lon="140.811125"><ele>317.6</ele><time>2026-09-20T10:40:01Z</time></trkpt>
<trkpt lat="38.577422" lon="140.815606"><ele>319.0</ele><time>2026-09-20T10:41:14Z</time></trkpt>
<trkpt lat="38.576700" lon="140.817323"><ele>319.2</ele><time>2026-09-20T10:41:40Z</time></trkpt>
<trkpt lat="38.576583" lon="140.819262"><ele>318.8</ele><time>2026-09-20T10:42:04Z</time></trkpt>
<trkpt lat="38.576836" lon="140.823688"><ele>318.6</ele><time>2026-09-20T10:42:59Z</time></trkpt>
<trkpt lat="38.577774" lon="140.828007"><ele>316.0</ele><time>2026-09-20T10:43:56Z</time></trkpt>
<trkpt lat="38.576803" lon="140.833708"><ele>312.4</ele><time>2026-09-20T10:45:08Z</time></trkpt>
<trkpt lat="38.577358" lon="140.837287"><ele>313.4</ele><time>2026-09-20T10:45:52Z</time></trkpt>
<trkpt lat="38.579105" lon="140.843132"><ele>312.0</ele><time>2026-09-20T10:47:20Z</time></trkpt>
<trkpt lat="38.578103" lon="140.847877"><ele>313.6</ele><time>2026-09-20T10:48:18Z</time></trkpt>
<trkpt lat="38.576801" lon="140.858886"><ele>312.4</ele><time>2026-09-20T10:50:41Z</time></trkpt>
<trkpt lat="38.576515" lon="140.868097"><ele>306.2</ele><time>2026-09-20T10:53:16Z</time></trkpt>
<trkpt lat="38.572146" lon="140.868201"><ele>311.0</ele><time>2026-09-20T10:54:34Z</time></trkpt>
<trkpt lat="38.573968" lon="140.885584"><ele>314.0</ele><time>2026-09-20T10:58:14Z</time></trkpt>
<trkpt lat="38.571600" lon="140.910764"><ele>311.6</ele><time>2026-09-20T11:03:59Z</time></trkpt>
<trkpt lat="38.572504" lon="140.924319"><ele>310.0</ele><time>2026-09-20T11:06:44Z</time></trkpt>
<trkpt lat="38.571361" lon="140.927236"><ele>307.6</ele><time>2026-09-20T11:07:42Z</time></trkpt>
<trkpt lat="38.569139" lon="140.935983"><ele>305.2</ele><time>2026-09-20T11:09:34Z</time></trkpt>
<trkpt lat="38.566587" lon="140.940616"><ele>305.0</ele><time>2026-09-20T11:10:56Z</time></trkpt>
<trkpt lat="38.567856" lon="140.955701"><ele>299.0</ele><time>2026-09-20T11:15:47Z</time></trkpt>
<trkpt lat="38.558668" lon="140.965810"><ele>301.6</ele><time>2026-09-20T11:19:26Z</time></trkpt>
<trkpt lat="38.555145" lon="140.973052"><ele>303.4</ele><time>2026-09-20T11:21:32Z</time></trkpt>
<trkpt lat="38.552986" lon="140.975766"><ele>304.2</ele><time>2026-09-20T11:22:19Z</time></trkpt>
<trkpt lat="38.550686" lon="140.981525"><ele>304.2</ele><time>2026-09-20T11:23:43Z</time></trkpt>
<trkpt lat="38.550117" lon="140.985264"><ele>300.8</ele><time>2026-09-20T11:24:35Z</time></trkpt>
<trkpt lat="38.550594" lon="140.988009"><ele>301.8</ele><time>2026-09-20T11:25:20Z</time></trkpt>
<trkpt lat="38.549238" lon="140.988924"><ele>301.0</ele><time>2026-09-20T11:25:41Z</time></trkpt>
<trkpt lat="38.540396" lon="140.998381"><ele>302.6</ele><time>2026-09-20T11:28:37Z</time></trkpt>
<trkpt lat="38.537898" lon="141.003510"><ele>302.0</ele><time>2026-09-20T11:29:51Z</time></trkpt>
<trkpt lat="38.536326" lon="141.005018"><ele>301.2</ele><time>2026-09-20T11:30:22Z</time></trkpt>
<trkpt lat="38.534237" lon="141.005804"><ele>300.2</ele><time>2026-09-20T11:31:03Z</time></trkpt>
<trkpt lat="38.531343" lon="141.008053"><ele>301.6</ele><time>2026-09-20T11:32:22Z</time></trkpt>
<trkpt lat="38.533652" lon="141.011862"><ele>303.2</ele><time>2026-09-20T11:33:25Z</time></trkpt>
<trkpt lat="38.533991" lon="141.015180"><ele>304.6</ele><time>2026-09-20T11:34:08Z</time></trkpt>
<trkpt lat="38.531328" lon="141.020356"><ele>305.2</ele><time>2026-09-20T11:35:25Z</time></trkpt>
<trkpt lat="38.527249" lon="141.025278"><ele>305.0</ele><time>2026-09-20T11:36:52Z</time></trkpt>
<trkpt lat="38.525654" lon="141.032569"><ele>303.2</ele><time>2026-09-20T11:38:24Z</time></trkpt>
<trkpt lat="38.522735" lon="141.041015"><ele>301.0</ele><time>2026-09-20T11:40:07Z</time></trkpt>
<trkpt lat="38.521789" lon="141.047583"><ele>302.2</ele><time>2026-09-20T11:41:33Z</time></trkpt>
<trkpt lat="38.520799" lon="141.051199"><ele>302.8</ele><time>2026-09-20T11:42:20Z</time></trkpt>
<trkpt lat="38.514119" lon="141.064294"><ele>296.6</ele><time>2026-09-20T11:45:36Z</time></trkpt>
<trkpt lat="38.509954" lon="141.067715"><ele>291.6</ele><time>2026-09-20T11:47:00Z</time></trkpt>
<trkpt lat="38.504665" lon="141.073285"><ele>292.2</ele><time>2026-09-20T11:48:42Z</time></trkpt>
<trkpt lat="38.503182" lon="141.076526"><ele>293.4</ele><time>2026-09-20T11:49:28Z</time></trkpt>
<trkpt lat="38.502613" lon="141.079116"><ele>294.2</ele><time>2026-09-20T11:50:02Z</time></trkpt>
<trkpt lat="38.499165" lon="141.084729"><ele>296.0</ele><time>2026-09-20T11:51:27Z</time></trkpt>
<trkpt lat="38.495574" lon="141.087402"><ele>296.6</ele><time>2026-09-20T11:52:39Z</time></trkpt>
<trkpt lat="38.490790" lon="141.087894"><ele>296.8</ele><time>2026-09-20T11:54:06Z</time></trkpt>
<trkpt lat="38.489338" lon="141.088789"><ele>296.4</ele><time>2026-09-20T11:54:32Z</time></trkpt>
<trkpt lat="38.485058" lon="141.096875"><ele>294.2</ele><time>2026-09-20T11:56:44Z</time></trkpt>
<trkpt lat="38.483240" lon="141.098086"><ele>293.8</ele><time>2026-09-20T11:57:19Z</time></trkpt>
<trkpt lat="38.473339" lon="141.096475"><ele>284.8</ele><time>2026-09-20T12:01:19Z</time></trkpt>
<trkpt lat="38.471258" lon="141.095007"><ele>282.6</ele><time>2026-09-20T12:01:53Z</time></trkpt>
<trkpt lat="38.466872" lon="141.094149"><ele>281.0</ele><time>2026-09-20T12:03:18Z</time></trkpt>
<trkpt lat="38.465641" lon="141.093108"><ele>281.8</ele><time>2026-09-20T12:04:12Z</time></trkpt>
<trkpt lat="38.463690" lon="141.093396"><ele>282.6</ele><time>2026-09-20T12:04:47Z</time></trkpt>
<trkpt lat="38.461555" lon="141.094578"><ele>285.2</ele><time>2026-09-20T12:05:25Z</time></trkpt>
<trkpt lat="38.460572" lon="141.096377"><ele>287.0</ele><time>2026-09-20T12:05:55Z</time></trkpt>
<trkpt lat="38.460463" lon="141.097869"><ele>287.4</ele><time>2026-09-20T12:06:16Z</time></trkpt>
<trkpt lat="38.455872" lon="141.102215"><ele>291.4</ele><time>2026-09-20T12:07:45Z</time></trkpt>
<trkpt lat="38.450552" lon="141.103786"><ele>293.4</ele><time>2026-09-20T12:09:08Z</time></trkpt>
<trkpt lat="38.443941" lon="141.107687"><ele>295.2</ele><time>2026-09-20T12:11:01Z</time></trkpt>
<trkpt lat="38.441825" lon="141.106927"><ele>294.0</ele><time>2026-09-20T12:11:53Z</time></trkpt>
<trkpt lat="38.441267" lon="141.108624"><ele>292.6</ele><time>2026-09-20T12:12:19Z</time></trkpt>
<trkpt lat="38.439650" lon="141.111034"><ele>290.0</ele><time>2026-09-20T12:12:59Z</time></trkpt>
<trkpt lat="38.436355" lon="141.112998"><ele>287.6</ele><time>2026-09-20T12:13:56Z</time></trkpt>
<trkpt lat="38.429117" lon="141.119816"><ele>276.6</ele><time>2026-09-20T12:19:20Z</time></trkpt>
<trkpt lat="38.423764" lon="141.121872"><ele>277.2</ele><time>2026-09-20T12:20:55Z</time></trkpt>
<trkpt lat="38.421637" lon="141.123713"><ele>277.4</ele><time>2026-09-20T12:21:36Z</time></trkpt>
<trkpt lat="38.417813" lon="141.129865"><ele>276.2</ele><time>2026-09-20T12:23:18Z</time></trkpt>
<trkpt lat="38.417008" lon="141.132484"><ele>275.6</ele><time>2026-09-20T12:23:55Z</time></trkpt>
<trkpt lat="38.416447" lon="141.136604"><ele>274.8</ele><time>2026-09-20T12:24:47Z</time></trkpt>
<trkpt lat="38.415520" lon="141.138934"><ele>275.0</ele><time>2026-09-20T12:25:18Z</time></trkpt>
<trkpt lat="38.410703" lon="141.144875"><ele>274.0</ele><time>2026-09-20T12:27:24Z</time></trkpt>
<trkpt lat="38.405725" lon="141.147192"><ele>274.0</ele><time>2026-09-20T12:28:44Z</time></trkpt>
<trkpt lat="38.403983" lon="141.148908"><ele>273.6</ele><time>2026-09-20T12:29:18Z</time></trkpt>
<trkpt lat="38.402117" lon="141.152050"><ele>272.4</ele><time>2026-09-20T12:30:06Z</time></trkpt>
<trkpt lat="38.400457" lon="141.153522"><ele>271.6</ele><time>2026-09-20T12:30:35Z</time></trkpt>
<trkpt lat="38.397269" lon="141.155271"><ele>270.8</ele><time>2026-09-20T12:31:25Z</time></trkpt>
<trkpt lat="38.395521" lon="141.155501"><ele>269.8</ele><time>2026-09-20T12:31:55Z</time></trkpt>
<trkpt lat="38.391711" lon="141.157974"><ele>268.4</ele><time>2026-09-20T12:32:57Z</time></trkpt>
<trkpt lat="38.387933" lon="141.162100"><ele>268.4</ele><time>2026-09-20T12:34:14Z</time></trkpt>
<trkpt lat="38.386456" lon="141.164949"><ele>267.8</ele><time>2026-09-20T12:35:02Z</time></trkpt>
<trkpt lat="38.384862" lon="141.166829"><ele>267.2</ele><time>2026-09-20T12:35:39Z</time></trkpt>
<trkpt lat="38.383263" lon="141.167981"><ele>266.8</ele><time>2026-09-20T12:36:09Z</time></trkpt>
<trkpt lat="38.380155" lon="141.169134"><ele>265.6</ele><time>2026-09-20T12:37:03Z</time></trkpt>
<trkpt lat="38.379399" lon="141.169123"><ele>265.0</ele><time>2026-09-20T12:37:15Z</time></trkpt>
<trkpt lat="38.378996" lon="141.168073"><ele>264.4</ele><time>2026-09-20T12:37:29Z</time></trkpt>
<trkpt lat="38.377965" lon="141.167478"><ele>264.8</ele><time>2026-09-20T12:37:45Z</time></trkpt>
<trkpt lat="38.376279" lon="141.164410"><ele>267.2</ele><time>2026-09-20T12:38:32Z</time></trkpt>
<trkpt lat="38.374912" lon="141.161247"><ele>267.6</ele><time>2026-09-20T12:39:19Z</time></trkpt>
<trkpt lat="38.373463" lon="141.154868"><ele>263.4</ele><time>2026-09-20T12:48:03Z</time></trkpt>
<trkpt lat="38.369464" lon="141.148845"><ele>265.0</ele><time>2026-09-20T12:49:38Z</time></trkpt>
<trkpt lat="38.369451" lon="141.145385"><ele>266.4</ele><time>2026-09-20T12:50:23Z</time></trkpt>
<trkpt lat="38.369791" lon="141.144207"><ele>267.0</ele><time>2026-09-20T12:50:41Z</time></trkpt>
<trkpt lat="38.372227" lon="141.140749"><ele>269.6</ele><time>2026-09-20T12:51:48Z</time></trkpt>
<trkpt lat="38.375905" lon="141.138748"><ele>273.6</ele><time>2026-09-20T12:53:23Z</time></trkpt>
<trkpt lat="38.377500" lon="141.136836"><ele>274.8</ele><time>2026-09-20T12:53:47Z</time></trkpt>
<trkpt lat="38.378178" lon="141.134961"><ele>276.0</ele><time>2026-09-20T12:54:14Z</time></trkpt>
<trkpt lat="38.378859" lon="141.130423"><ele>277.8</ele><time>2026-09-20T12:55:03Z</time></trkpt>
<trkpt lat="38.380144" lon="141.127146"><ele>278.4</ele><time>2026-09-20T12:55:43Z</time></trkpt>
<trkpt lat="38.380410" lon="141.124098"><ele>280.0</ele><time>2026-09-20T12:56:31Z</time></trkpt>
<trkpt lat="38.381693" lon="141.119796"><ele>281.0</ele><time>2026-09-20T12:57:29Z</time></trkpt>
<trkpt lat="38.382109" lon="141.116372"><ele>283.6</ele><time>2026-09-20T12:58:23Z</time></trkpt>
<trkpt lat="38.386589" lon="141.112923"><ele>288.8</ele><time>2026-09-20T13:00:38Z</time></trkpt>
<trkpt lat="38.388026" lon="141.109759"><ele>291.0</ele><time>2026-09-20T13:01:43Z</time></trkpt>
<trkpt lat="38.389968" lon="141.107884"><ele>292.4</ele><time>2026-09-20T13:02:33Z</time></trkpt>
<trkpt lat="38.390281" lon="141.106821"><ele>292.4</ele><time>2026-09-20T13:02:44Z</time></trkpt>
<trkpt lat="38.389311" lon="141.100063"><ele>292.4</ele><time>2026-09-20T13:04:06Z</time></trkpt>
<trkpt lat="38.388707" lon="141.098451"><ele>294.0</ele><time>2026-09-20T13:05:02Z</time></trkpt>
<trkpt lat="38.386831" lon="141.096841"><ele>294.0</ele><time>2026-09-20T13:06:04Z</time></trkpt>
<trkpt lat="38.386237" lon="141.094590"><ele>292.8</ele><time>2026-09-20T13:06:25Z</time></trkpt>
<trkpt lat="38.386297" lon="141.091064"><ele>292.0</ele><time>2026-09-20T13:07:18Z</time></trkpt>
<trkpt lat="38.383695" lon="141.086071"><ele>293.4</ele><time>2026-09-20T13:08:50Z</time></trkpt>
<trkpt lat="38.383097" lon="141.082372"><ele>293.8</ele><time>2026-09-20T13:10:27Z</time></trkpt>
<trkpt lat="38.380511" lon="141.080204"><ele>292.2</ele><time>2026-09-20T13:11:08Z</time></trkpt>
<trkpt lat="38.378254" lon="141.075778"><ele>288.2</ele><time>2026-09-20T13:12:20Z</time></trkpt>
<trkpt lat="38.378167" lon="141.075086"><ele>288.2</ele><time>2026-09-20T13:12:31Z</time></trkpt>
<trkpt lat="38.379204" lon="141.072882"><ele>287.0</ele><time>2026-09-20T13:13:13Z</time></trkpt>
<trkpt lat="38.376398" lon="141.070131"><ele>282.6</ele><time>2026-09-20T13:14:18Z</time></trkpt>
<trkpt lat="38.375279" lon="141.068184"><ele>280.4</ele><time>2026-09-20T13:15:36Z</time></trkpt>
<trkpt lat="38.371173" lon="141.065851"><ele>278.4</ele><time>2026-09-20T13:16:47Z</time></trkpt>
<trkpt lat="38.369658" lon="141.062079"><ele>277.4</ele><time>2026-09-20T13:17:36Z</time></trkpt>
<trkpt lat="38.369976" lon="141.060893"><ele>277.2</ele><time>2026-09-20T13:17:52Z</time></trkpt>
<trkpt lat="38.368090" lon="141.059556"><ele>277.8</ele><time>2026-09-20T13:18:28Z</time></trkpt>
<trkpt lat="38.361749" lon="141.060782"><ele>278.6</ele><time>2026-09-20T13:20:27Z</time></trkpt>
<trkpt lat="38.360282" lon="141.062061"><ele>281.0</ele><time>2026-09-20T13:20:59Z</time></trkpt>
<trkpt lat="38.358981" lon="141.062498"><ele>282.2</ele><time>2026-09-20T13:21:28Z</time></trkpt>
<trkpt lat="38.354183" lon="141.061108"><ele>283.2</ele><time>2026-09-20T13:23:13Z</time></trkpt>
<trkpt lat="38.351196" lon="141.056177"><ele>284.4</ele><time>2026-09-20T13:24:10Z</time></trkpt>
<trkpt lat="38.351440" lon="141.054175"><ele>284.4</ele><time>2026-09-20T13:24:29Z</time></trkpt>
<trkpt lat="38.350858" lon="141.048650"><ele>285.8</ele><time>2026-09-20T13:25:44Z</time></trkpt>
<trkpt lat="38.351350" lon="141.043500"><ele>283.6</ele><time>2026-09-20T13:26:48Z</time></trkpt>
<trkpt lat="38.350988" lon="141.042550"><ele>283.2</ele><time>2026-09-20T13:26:57Z</time></trkpt>
<trkpt lat="38.349628" lon="141.041233"><ele>283.0</ele><time>2026-09-20T13:27:17Z</time></trkpt>
<trkpt lat="38.347822" lon="141.041399"><ele>282.4</ele><time>2026-09-20T13:27:41Z</time></trkpt>
<trkpt lat="38.343709" lon="141.037699"><ele>279.0</ele><time>2026-09-20T13:28:55Z</time></trkpt>
<trkpt lat="38.339244" lon="141.036328"><ele>279.4</ele><time>2026-09-20T13:29:56Z</time></trkpt>
<trkpt lat="38.337248" lon="141.036411"><ele>278.4</ele><time>2026-09-20T13:30:24Z</time></trkpt>
<trkpt lat="38.331721" lon="141.038574"><ele>272.8</ele><time>2026-09-20T13:31:48Z</time></trkpt>
<trkpt lat="38.326233" lon="141.036465"><ele>269.0</ele><time>2026-09-20T13:33:10Z</time></trkpt>
<trkpt lat="38.325539" lon="141.035658"><ele>268.2</ele><time>2026-09-20T13:33:22Z</time></trkpt>
<trkpt lat="38.325031" lon="141.032512"><ele>266.6</ele><time>2026-09-20T13:33:57Z</time></trkpt>
<trkpt lat="38.322377" lon="141.026056"><ele>262.0</ele><time>2026-09-20T13:35:46Z</time></trkpt>
<trkpt lat="38.321359" lon="141.024774"><ele>262.4</ele><time>2026-09-20T13:36:09Z</time></trkpt>
<trkpt lat="38.319003" lon="141.024013"><ele>261.6</ele><time>2026-09-20T13:36:54Z</time></trkpt>
<trkpt lat="38.319332" lon="141.028191"><ele>256.8</ele><time>2026-09-20T13:38:05Z</time></trkpt>
<trkpt lat="38.315968" lon="141.027854"><ele>256.8</ele><time>2026-09-20T13:40:36Z</time></trkpt>
<trkpt lat="38.310416" lon="141.020729"><ele>253.6</ele><time>2026-09-20T13:43:40Z</time></trkpt>
<trkpt lat="38.307218" lon="141.017828"><ele>254.2</ele><time>2026-09-20T13:44:55Z</time></trkpt>
<trkpt lat="38.304693" lon="141.016617"><ele>253.6</ele><time>2026-09-20T13:46:06Z</time></trkpt>
<trkpt lat="38.302275" lon="141.016705"><ele>252.6</ele><time>2026-09-20T13:46:43Z</time></trkpt>
<trkpt lat="38.289945" lon="141.009181"><ele>252.2</ele><time>2026-09-20T13:50:53Z</time></trkpt>
<trkpt lat="38.288556" lon="141.010046"><ele>245.0</ele><time>2026-09-20T13:52:12Z</time></trkpt></trkseg><trkseg>
<trkpt lat="38.288378" lon="141.009956"><ele>-4.6</ele><time>2026-09-20T21:32:25Z</time></trkpt>
<trkpt lat="38.288363" lon="141.009876"><ele>1.6</ele><time>2026-09-20T21:32:32Z</time></trkpt>
<trkpt lat="38.288932" lon="141.009707"><ele>1.6</ele><time>2026-09-20T21:33:09Z</time></trkpt>
<trkpt lat="38.289764" lon="141.009097"><ele>1.8</ele><time>2026-09-20T21:33:55Z</time></trkpt>
<trkpt lat="38.287970" lon="141.007958"><ele>2.2</ele><time>2026-09-20T21:34:40Z</time></trkpt>
<trkpt lat="38.287581" lon="141.007530"><ele>1.6</ele><time>2026-09-20T21:34:49Z</time></trkpt>
<trkpt lat="38.287056" lon="141.006706"><ele>1.6</ele><time>2026-09-20T21:35:03Z</time></trkpt>
<trkpt lat="38.285109" lon="141.006880"><ele>0.8</ele><time>2026-09-20T21:35:36Z</time></trkpt>
<trkpt lat="38.284749" lon="141.006996"><ele>0.8</ele><time>2026-09-20T21:35:44Z</time></trkpt>
<trkpt lat="38.280823" lon="140.998734"><ele>0.0</ele><time>2026-09-20T21:38:29Z</time></trkpt>
<trkpt lat="38.279899" lon="140.996949"><ele>-0.8</ele><time>2026-09-20T21:38:55Z</time></trkpt>
<trkpt lat="38.279745" lon="140.996895"><ele>-0.8</ele><time>2026-09-20T21:38:58Z</time></trkpt>
<trkpt lat="38.279496" lon="140.997085"><ele>-1.0</ele><time>2026-09-20T21:39:03Z</time></trkpt>
<trkpt lat="38.277510" lon="140.999366"><ele>-1.4</ele><time>2026-09-20T21:40:12Z</time></trkpt>
<trkpt lat="38.277514" lon="140.998965"><ele>-0.6</ele><time>2026-09-20T21:40:22Z</time></trkpt>
<trkpt lat="38.277251" lon="140.998887"><ele>-0.2</ele><time>2026-09-20T21:41:20Z</time></trkpt>
<trkpt lat="38.277209" lon="140.998727"><ele>-0.4</ele><time>2026-09-20T21:41:23Z</time></trkpt>
<trkpt lat="38.277593" lon="140.993280"><ele>-0.6</ele><time>2026-09-20T21:42:32Z</time></trkpt>
<trkpt lat="38.277426" lon="140.992765"><ele>-0.8</ele><time>2026-09-20T21:42:39Z</time></trkpt>
<trkpt lat="38.277112" lon="140.992461"><ele>-0.4</ele><time>2026-09-20T21:42:46Z</time></trkpt>
<trkpt lat="38.263420" lon="140.991082"><ele>10.8</ele><time>2026-09-20T21:46:48Z</time></trkpt>
<trkpt lat="38.262601" lon="140.990922"><ele>10.0</ele><time>2026-09-20T21:47:03Z</time></trkpt>
<trkpt lat="38.255364" lon="140.987846"><ele>12.6</ele><time>2026-09-20T21:48:56Z</time></trkpt>
<trkpt lat="38.252357" lon="140.986455"><ele>11.6</ele><time>2026-09-20T21:49:41Z</time></trkpt>
<trkpt lat="38.251352" lon="140.986150"><ele>12.2</ele><time>2026-09-20T21:49:56Z</time></trkpt>
<trkpt lat="38.239499" lon="140.985456"><ele>13.6</ele><time>2026-09-20T21:53:23Z</time></trkpt>
<trkpt lat="38.238105" lon="140.985184"><ele>12.6</ele><time>2026-09-20T21:53:47Z</time></trkpt>
<trkpt lat="38.236785" lon="140.984538"><ele>13.8</ele><time>2026-09-20T21:54:12Z</time></trkpt>
<trkpt lat="38.234192" lon="140.982583"><ele>13.0</ele><time>2026-09-20T21:54:59Z</time></trkpt>
<trkpt lat="38.232680" lon="140.981609"><ele>12.0</ele><time>2026-09-20T21:55:25Z</time></trkpt>
<trkpt lat="38.230057" lon="140.980278"><ele>11.2</ele><time>2026-09-20T21:56:07Z</time></trkpt>
<trkpt lat="38.228639" lon="140.979726"><ele>10.6</ele><time>2026-09-20T21:56:29Z</time></trkpt>
<trkpt lat="38.227090" lon="140.979270"><ele>11.2</ele><time>2026-09-20T21:56:54Z</time></trkpt>
<trkpt lat="38.223031" lon="140.978493"><ele>14.0</ele><time>2026-09-20T21:57:58Z</time></trkpt>
<trkpt lat="38.221981" lon="140.978073"><ele>14.6</ele><time>2026-09-20T21:58:30Z</time></trkpt>
<trkpt lat="38.208705" lon="140.969096"><ele>12.4</ele><time>2026-09-20T22:02:35Z</time></trkpt>
<trkpt lat="38.206743" lon="140.967406"><ele>12.8</ele><time>2026-09-20T22:03:10Z</time></trkpt>
<trkpt lat="38.205798" lon="140.966719"><ele>12.0</ele><time>2026-09-20T22:03:26Z</time></trkpt>
<trkpt lat="38.202607" lon="140.965078"><ele>12.4</ele><time>2026-09-20T22:04:17Z</time></trkpt>
<trkpt lat="38.196596" lon="140.961366"><ele>13.8</ele><time>2026-09-20T22:05:58Z</time></trkpt>
<trkpt lat="38.195436" lon="140.960347"><ele>14.2</ele><time>2026-09-20T22:06:19Z</time></trkpt>
<trkpt lat="38.186413" lon="140.951230"><ele>10.8</ele><time>2026-09-20T22:09:10Z</time></trkpt>
<trkpt lat="38.184698" lon="140.949170"><ele>10.8</ele><time>2026-09-20T22:09:44Z</time></trkpt>
<trkpt lat="38.178259" lon="140.942638"><ele>9.4</ele><time>2026-09-20T22:11:43Z</time></trkpt>
<trkpt lat="38.177249" lon="140.941039"><ele>8.6</ele><time>2026-09-20T22:12:03Z</time></trkpt>
<trkpt lat="38.175807" lon="140.937251"><ele>6.4</ele><time>2026-09-20T22:12:52Z</time></trkpt>
<trkpt lat="38.172994" lon="140.931055"><ele>9.6</ele><time>2026-09-20T22:15:08Z</time></trkpt>
<trkpt lat="38.172453" lon="140.930059"><ele>10.0</ele><time>2026-09-20T22:15:22Z</time></trkpt>
<trkpt lat="38.171869" lon="140.929443"><ele>10.6</ele><time>2026-09-20T22:15:33Z</time></trkpt>
<trkpt lat="38.168932" lon="140.927880"><ele>12.0</ele><time>2026-09-20T22:16:17Z</time></trkpt>
<trkpt lat="38.168448" lon="140.927513"><ele>12.4</ele><time>2026-09-20T22:16:25Z</time></trkpt>
<trkpt lat="38.167983" lon="140.926783"><ele>12.8</ele><time>2026-09-20T22:16:36Z</time></trkpt>
<trkpt lat="38.167119" lon="140.924476"><ele>14.0</ele><time>2026-09-20T22:17:07Z</time></trkpt>
<trkpt lat="38.167015" lon="140.924450"><ele>14.2</ele><time>2026-09-20T22:17:09Z</time></trkpt>
<trkpt lat="38.166646" lon="140.924756"><ele>14.2</ele><time>2026-09-20T22:17:16Z</time></trkpt>
<trkpt lat="38.166268" lon="140.924774"><ele>14.0</ele><time>2026-09-20T22:17:22Z</time></trkpt>
<trkpt lat="38.162227" lon="140.923655"><ele>14.6</ele><time>2026-09-20T22:18:27Z</time></trkpt>
<trkpt lat="38.160102" lon="140.922669"><ele>15.0</ele><time>2026-09-20T22:19:01Z</time></trkpt>
<trkpt lat="38.158614" lon="140.922562"><ele>16.2</ele><time>2026-09-20T22:20:19Z</time></trkpt>
<trkpt lat="38.158477" lon="140.922794"><ele>16.0</ele><time>2026-09-20T22:20:24Z</time></trkpt>
<trkpt lat="38.158190" lon="140.923784"><ele>16.0</ele><time>2026-09-20T22:20:38Z</time></trkpt>
<trkpt lat="38.157872" lon="140.925204"><ele>16.4</ele><time>2026-09-20T22:20:57Z</time></trkpt>
<trkpt lat="38.158038" lon="140.928066"><ele>16.6</ele><time>2026-09-20T22:21:57Z</time></trkpt>
<trkpt lat="38.157971" lon="140.928661"><ele>16.8</ele><time>2026-09-20T22:22:05Z</time></trkpt>
<trkpt lat="38.157781" lon="140.929316"><ele>16.8</ele><time>2026-09-20T22:22:14Z</time></trkpt>
<trkpt lat="38.155759" lon="140.932876"><ele>15.6</ele><time>2026-09-20T22:23:10Z</time></trkpt>
<trkpt lat="38.154221" lon="140.935337"><ele>13.8</ele><time>2026-09-20T22:23:47Z</time></trkpt>
<trkpt lat="38.153280" lon="140.936575"><ele>15.6</ele><time>2026-09-20T22:24:07Z</time></trkpt>
<trkpt lat="38.151330" lon="140.940929"><ele>9.8</ele><time>2026-09-20T22:25:17Z</time></trkpt>
<trkpt lat="38.150930" lon="140.941296"><ele>9.6</ele><time>2026-09-20T22:25:23Z</time></trkpt>
<trkpt lat="38.150547" lon="140.941358"><ele>9.4</ele><time>2026-09-20T22:25:28Z</time></trkpt>
<trkpt lat="38.146870" lon="140.940448"><ele>7.2</ele><time>2026-09-20T22:26:23Z</time></trkpt>
<trkpt lat="38.146224" lon="140.940230"><ele>6.8</ele><time>2026-09-20T22:26:33Z</time></trkpt>
<trkpt lat="38.144161" lon="140.939249"><ele>6.4</ele><time>2026-09-20T22:27:10Z</time></trkpt>
<trkpt lat="38.142678" lon="140.938995"><ele>6.0</ele><time>2026-09-20T22:27:35Z</time></trkpt>
<trkpt lat="38.141876" lon="140.938622"><ele>5.8</ele><time>2026-09-20T22:27:48Z</time></trkpt>
<trkpt lat="38.141092" lon="140.937803"><ele>5.0</ele><time>2026-09-20T22:28:03Z</time></trkpt>
<trkpt lat="38.140360" lon="140.936091"><ele>3.6</ele><time>2026-09-20T22:28:25Z</time></trkpt>
<trkpt lat="38.139894" lon="140.935356"><ele>2.2</ele><time>2026-09-20T22:28:36Z</time></trkpt>
<trkpt lat="38.139287" lon="140.934796"><ele>1.0</ele><time>2026-09-20T22:28:47Z</time></trkpt>
<trkpt lat="38.137640" lon="140.933666"><ele>-0.2</ele><time>2026-09-20T22:29:15Z</time></trkpt>
<trkpt lat="38.134390" lon="140.932378"><ele>0.4</ele><time>2026-09-20T22:30:06Z</time></trkpt>
<trkpt lat="38.133407" lon="140.932089"><ele>0.8</ele><time>2026-09-20T22:30:21Z</time></trkpt>
<trkpt lat="38.131151" lon="140.931692"><ele>0.2</ele><time>2026-09-20T22:30:55Z</time></trkpt>
<trkpt lat="38.127286" lon="140.929934"><ele>-5.4</ele><time>2026-09-20T22:31:55Z</time></trkpt>
<trkpt lat="38.124056" lon="140.929138"><ele>-8.4</ele><time>2026-09-20T22:32:43Z</time></trkpt>
<trkpt lat="38.122100" lon="140.928476"><ele>-9.0</ele><time>2026-09-20T22:33:12Z</time></trkpt>
<trkpt lat="38.121929" lon="140.928331"><ele>-9.2</ele><time>2026-09-20T22:33:15Z</time></trkpt>
<trkpt lat="38.121892" lon="140.928164"><ele>-9.4</ele><time>2026-09-20T22:33:17Z</time></trkpt>
<trkpt lat="38.122082" lon="140.927228"><ele>-10.0</ele><time>2026-09-20T22:33:29Z</time></trkpt>
<trkpt lat="38.122069" lon="140.927068"><ele>-10.0</ele><time>2026-09-20T22:33:31Z</time></trkpt>
<trkpt lat="38.121967" lon="140.926971"><ele>-10.0</ele><time>2026-09-20T22:33:33Z</time></trkpt>
<trkpt lat="38.121302" lon="140.926934"><ele>-10.4</ele><time>2026-09-20T22:33:43Z</time></trkpt>
<trkpt lat="38.114757" lon="140.924507"><ele>-7.6</ele><time>2026-09-20T22:35:17Z</time></trkpt>
<trkpt lat="38.113650" lon="140.924415"><ele>-7.0</ele><time>2026-09-20T22:35:32Z</time></trkpt>
<trkpt lat="38.111624" lon="140.923409"><ele>-6.4</ele><time>2026-09-20T22:36:05Z</time></trkpt>
<trkpt lat="38.111551" lon="140.923330"><ele>-6.4</ele><time>2026-09-20T22:36:07Z</time></trkpt>
<trkpt lat="38.111557" lon="140.923158"><ele>-6.2</ele><time>2026-09-20T22:36:10Z</time></trkpt>
<trkpt lat="38.112517" lon="140.921162"><ele>-5.8</ele><time>2026-09-20T22:36:40Z</time></trkpt>
<trkpt lat="38.112535" lon="140.920958"><ele>-5.8</ele><time>2026-09-20T22:36:43Z</time></trkpt>
<trkpt lat="38.112460" lon="140.920857"><ele>-5.8</ele><time>2026-09-20T22:36:45Z</time></trkpt>
<trkpt lat="38.102836" lon="140.917542"><ele>-7.0</ele><time>2026-09-20T22:39:16Z</time></trkpt>
<trkpt lat="38.096635" lon="140.915959"><ele>-10.8</ele><time>2026-09-20T22:40:49Z</time></trkpt>
<trkpt lat="38.085821" lon="140.914616"><ele>-11.4</ele><time>2026-09-20T22:43:36Z</time></trkpt>
<trkpt lat="38.085181" lon="140.914679"><ele>-11.8</ele><time>2026-09-20T22:43:46Z</time></trkpt>
<trkpt lat="38.083822" lon="140.915090"><ele>-12.2</ele><time>2026-09-20T22:44:08Z</time></trkpt>
<trkpt lat="38.083072" lon="140.915084"><ele>-12.2</ele><time>2026-09-20T22:44:20Z</time></trkpt>
<trkpt lat="38.080503" lon="140.914762"><ele>-13.2</ele><time>2026-09-20T22:44:59Z</time></trkpt>
<trkpt lat="38.079749" lon="140.914335"><ele>-15.0</ele><time>2026-09-20T22:45:43Z</time></trkpt>
<trkpt lat="38.078713" lon="140.915320"><ele>-17.4</ele><time>2026-09-20T22:46:05Z</time></trkpt>
<trkpt lat="38.077899" lon="140.915655"><ele>-18.6</ele><time>2026-09-20T22:46:18Z</time></trkpt>
<trkpt lat="38.075500" lon="140.915429"><ele>-20.8</ele><time>2026-09-20T22:46:53Z</time></trkpt>
<trkpt lat="38.073112" lon="140.914791"><ele>-21.2</ele><time>2026-09-20T22:47:26Z</time></trkpt>
<trkpt lat="38.072578" lon="140.914740"><ele>-21.6</ele><time>2026-09-20T22:47:33Z</time></trkpt>
<trkpt lat="38.067452" lon="140.916280"><ele>-21.6</ele><time>2026-09-20T22:48:46Z</time></trkpt>
<trkpt lat="38.066806" lon="140.916347"><ele>-22.4</ele><time>2026-09-20T22:48:55Z</time></trkpt>
<trkpt lat="38.057645" lon="140.913647"><ele>-22.2</ele><time>2026-09-20T22:51:04Z</time></trkpt>
<trkpt lat="38.056877" lon="140.913041"><ele>-22.6</ele><time>2026-09-20T22:51:17Z</time></trkpt>
<trkpt lat="38.056518" lon="140.912477"><ele>-22.8</ele><time>2026-09-20T22:51:27Z</time></trkpt>
<trkpt lat="38.056327" lon="140.911973"><ele>-22.6</ele><time>2026-09-20T22:51:37Z</time></trkpt>
<trkpt lat="38.053418" lon="140.896298"><ele>-16.4</ele><time>2026-09-20T22:54:39Z</time></trkpt>
<trkpt lat="38.053196" lon="140.895637"><ele>-16.2</ele><time>2026-09-20T22:54:47Z</time></trkpt>
<trkpt lat="38.052806" lon="140.895089"><ele>-16.0</ele><time>2026-09-20T22:54:55Z</time></trkpt>
<trkpt lat="38.052312" lon="140.894727"><ele>-15.8</ele><time>2026-09-20T22:55:03Z</time></trkpt>
<trkpt lat="38.051692" lon="140.894588"><ele>-15.4</ele><time>2026-09-20T22:55:12Z</time></trkpt>
<trkpt lat="38.049491" lon="140.894808"><ele>-14.8</ele><time>2026-09-20T22:55:43Z</time></trkpt>
<trkpt lat="38.047610" lon="140.895118"><ele>-14.0</ele><time>2026-09-20T22:56:11Z</time></trkpt>
<trkpt lat="38.046769" lon="140.895188"><ele>-13.6</ele><time>2026-09-20T22:56:23Z</time></trkpt>
<trkpt lat="38.046257" lon="140.895123"><ele>-13.4</ele><time>2026-09-20T22:56:31Z</time></trkpt>
<trkpt lat="38.045882" lon="140.894942"><ele>-13.2</ele><time>2026-09-20T22:56:37Z</time></trkpt>
<trkpt lat="38.045339" lon="140.894502"><ele>-13.0</ele><time>2026-09-20T22:56:46Z</time></trkpt>
<trkpt lat="38.044769" lon="140.893910"><ele>-13.0</ele><time>2026-09-20T22:56:56Z</time></trkpt>
<trkpt lat="38.044397" lon="140.893371"><ele>-12.8</ele><time>2026-09-20T22:57:04Z</time></trkpt>
<trkpt lat="38.044098" lon="140.892535"><ele>-12.4</ele><time>2026-09-20T22:57:14Z</time></trkpt>
<trkpt lat="38.043714" lon="140.890282"><ele>-12.6</ele><time>2026-09-20T22:57:39Z</time></trkpt>
<trkpt lat="38.043541" lon="140.890051"><ele>-12.8</ele><time>2026-09-20T22:57:43Z</time></trkpt>
<trkpt lat="38.041668" lon="140.890127"><ele>-13.2</ele><time>2026-09-20T22:58:08Z</time></trkpt>
<trkpt lat="38.039104" lon="140.889707"><ele>-15.8</ele><time>2026-09-20T22:58:44Z</time></trkpt>
<trkpt lat="38.037263" lon="140.889613"><ele>-16.2</ele><time>2026-09-20T22:59:38Z</time></trkpt>
<trkpt lat="38.033132" lon="140.888846"><ele>-14.8</ele><time>2026-09-20T23:00:41Z</time></trkpt>
<trkpt lat="38.032593" lon="140.888944"><ele>-14.6</ele><time>2026-09-20T23:00:48Z</time></trkpt>
<trkpt lat="38.029941" lon="140.890142"><ele>-13.0</ele><time>2026-09-20T23:01:26Z</time></trkpt>
<trkpt lat="38.027927" lon="140.890001"><ele>-12.2</ele><time>2026-09-20T23:01:54Z</time></trkpt>
<trkpt lat="38.025971" lon="140.890367"><ele>-10.6</ele><time>2026-09-20T23:02:22Z</time></trkpt>
<trkpt lat="38.020860" lon="140.890814"><ele>-8.4</ele><time>2026-09-20T23:03:36Z</time></trkpt>
<trkpt lat="38.019159" lon="140.890887"><ele>-8.2</ele><time>2026-09-20T23:04:01Z</time></trkpt>
<trkpt lat="38.016017" lon="140.890780"><ele>-8.4</ele><time>2026-09-20T23:04:47Z</time></trkpt>
<trkpt lat="38.015142" lon="140.890869"><ele>-7.6</ele><time>2026-09-20T23:05:00Z</time></trkpt>
<trkpt lat="38.014434" lon="140.891068"><ele>-7.2</ele><time>2026-09-20T23:05:11Z</time></trkpt>
<trkpt lat="38.011397" lon="140.892618"><ele>-7.4</ele><time>2026-09-20T23:05:57Z</time></trkpt>
<trkpt lat="38.010370" lon="140.893303"><ele>-9.0</ele><time>2026-09-20T23:06:13Z</time></trkpt>
<trkpt lat="38.009688" lon="140.894128"><ele>-10.0</ele><time>2026-09-20T23:06:26Z</time></trkpt>
<trkpt lat="38.008201" lon="140.896637"><ele>-9.2</ele><time>2026-09-20T23:07:03Z</time></trkpt>
<trkpt lat="38.007727" lon="140.897173"><ele>-8.6</ele><time>2026-09-20T23:07:13Z</time></trkpt>
<trkpt lat="38.007155" lon="140.897562"><ele>-7.8</ele><time>2026-09-20T23:07:23Z</time></trkpt>
<trkpt lat="38.003680" lon="140.898996"><ele>-5.2</ele><time>2026-09-20T23:08:17Z</time></trkpt>
<trkpt lat="38.001089" lon="140.899393"><ele>-5.8</ele><time>2026-09-20T23:08:55Z</time></trkpt>
<trkpt lat="37.999392" lon="140.900484"><ele>-6.8</ele><time>2026-09-20T23:09:23Z</time></trkpt>
<trkpt lat="37.994849" lon="140.901736"><ele>-7.0</ele><time>2026-09-20T23:10:36Z</time></trkpt>
<trkpt lat="37.993650" lon="140.901745"><ele>-6.0</ele><time>2026-09-20T23:10:55Z</time></trkpt>
<trkpt lat="37.992014" lon="140.901237"><ele>-5.0</ele><time>2026-09-20T23:11:20Z</time></trkpt>
<trkpt lat="37.990791" lon="140.900979"><ele>-4.4</ele><time>2026-09-20T23:11:39Z</time></trkpt>
<trkpt lat="37.988690" lon="140.900921"><ele>-3.6</ele><time>2026-09-20T23:12:11Z</time></trkpt>
<trkpt lat="37.986103" lon="140.901394"><ele>-2.8</ele><time>2026-09-20T23:12:49Z</time></trkpt>
<trkpt lat="37.980912" lon="140.901751"><ele>-7.0</ele><time>2026-09-20T23:14:03Z</time></trkpt>
<trkpt lat="37.980517" lon="140.901912"><ele>-7.2</ele><time>2026-09-20T23:14:09Z</time></trkpt>
<trkpt lat="37.979779" lon="140.902518"><ele>-7.0</ele><time>2026-09-20T23:14:22Z</time></trkpt>
<trkpt lat="37.979402" lon="140.902692"><ele>-6.8</ele><time>2026-09-20T23:14:28Z</time></trkpt>
<trkpt lat="37.977926" lon="140.902901"><ele>-6.0</ele><time>2026-09-20T23:14:50Z</time></trkpt>
<trkpt lat="37.974915" lon="140.903741"><ele>-7.4</ele><time>2026-09-20T23:15:34Z</time></trkpt>
<trkpt lat="37.972668" lon="140.904033"><ele>-6.6</ele><time>2026-09-20T23:16:07Z</time></trkpt>
<trkpt lat="37.969819" lon="140.903844"><ele>-5.2</ele><time>2026-09-20T23:16:47Z</time></trkpt>
<trkpt lat="37.963794" lon="140.902472"><ele>-6.2</ele><time>2026-09-20T23:18:10Z</time></trkpt>
<trkpt lat="37.962598" lon="140.902483"><ele>-6.6</ele><time>2026-09-20T23:18:25Z</time></trkpt>
<trkpt lat="37.961380" lon="140.902704"><ele>-7.6</ele><time>2026-09-20T23:18:42Z</time></trkpt>
<trkpt lat="37.946342" lon="140.907261"><ele>-8.2</ele><time>2026-09-20T23:22:16Z</time></trkpt>
<trkpt lat="37.943168" lon="140.908319"><ele>-7.2</ele><time>2026-09-20T23:23:02Z</time></trkpt>
<trkpt lat="37.935362" lon="140.910662"><ele>-7.0</ele><time>2026-09-20T23:24:54Z</time></trkpt>
<trkpt lat="37.933326" lon="140.911392"><ele>-6.6</ele><time>2026-09-20T23:25:30Z</time></trkpt>
<trkpt lat="37.922310" lon="140.914652"><ele>-8.4</ele><time>2026-09-20T23:28:12Z</time></trkpt>
<trkpt lat="37.895474" lon="140.924727"><ele>-11.0</ele><time>2026-09-20T23:34:57Z</time></trkpt>
<trkpt lat="37.892544" lon="140.925366"><ele>-9.8</ele><time>2026-09-20T23:35:45Z</time></trkpt>
<trkpt lat="37.880359" lon="140.926939"><ele>-9.4</ele><time>2026-09-20T23:38:44Z</time></trkpt>
<trkpt lat="37.875349" lon="140.927732"><ele>-11.4</ele><time>2026-09-20T23:40:03Z</time></trkpt>
<trkpt lat="37.874769" lon="140.927899"><ele>-11.2</ele><time>2026-09-20T23:40:11Z</time></trkpt>
<trkpt lat="37.873796" lon="140.928491"><ele>-11.8</ele><time>2026-09-20T23:40:25Z</time></trkpt>
<trkpt lat="37.873322" lon="140.928962"><ele>-13.2</ele><time>2026-09-20T23:40:33Z</time></trkpt>
<trkpt lat="37.872915" lon="140.929536"><ele>-13.6</ele><time>2026-09-20T23:40:41Z</time></trkpt>
<trkpt lat="37.872391" lon="140.930780"><ele>-14.0</ele><time>2026-09-20T23:40:57Z</time></trkpt>
<trkpt lat="37.871926" lon="140.933444"><ele>-13.4</ele><time>2026-09-20T23:41:30Z</time></trkpt>
<trkpt lat="37.871396" lon="140.934991"><ele>-14.0</ele><time>2026-09-20T23:41:46Z</time></trkpt>
<trkpt lat="37.870525" lon="140.936396"><ele>-13.6</ele><time>2026-09-20T23:42:06Z</time></trkpt>
<trkpt lat="37.869994" lon="140.936972"><ele>-14.0</ele><time>2026-09-20T23:42:17Z</time></trkpt>
<trkpt lat="37.869291" lon="140.937547"><ele>-14.2</ele><time>2026-09-20T23:42:30Z</time></trkpt>
<trkpt lat="37.868037" lon="140.938189"><ele>-14.4</ele><time>2026-09-20T23:42:53Z</time></trkpt>
<trkpt lat="37.860348" lon="140.941251"><ele>-15.0</ele><time>2026-09-20T23:44:58Z</time></trkpt>
<trkpt lat="37.858924" lon="140.942167"><ele>-13.6</ele><time>2026-09-20T23:45:25Z</time></trkpt>
<trkpt lat="37.856303" lon="140.944619"><ele>-14.6</ele><time>2026-09-20T23:46:11Z</time></trkpt>
<trkpt lat="37.855475" lon="140.945135"><ele>-15.0</ele><time>2026-09-20T23:46:27Z</time></trkpt>
<trkpt lat="37.853138" lon="140.945772"><ele>-14.6</ele><time>2026-09-20T23:47:11Z</time></trkpt>
<trkpt lat="37.851197" lon="140.946929"><ele>-15.8</ele><time>2026-09-20T23:47:37Z</time></trkpt>
<trkpt lat="37.849745" lon="140.947200"><ele>-15.8</ele><time>2026-09-20T23:47:56Z</time></trkpt>
<trkpt lat="37.843571" lon="140.949419"><ele>-19.2</ele><time>2026-09-20T23:49:28Z</time></trkpt>
<trkpt lat="37.840900" lon="140.949830"><ele>-21.8</ele><time>2026-09-20T23:50:05Z</time></trkpt>
<trkpt lat="37.838975" lon="140.950544"><ele>-21.8</ele><time>2026-09-20T23:50:39Z</time></trkpt>
<trkpt lat="37.838860" lon="140.950673"><ele>-21.8</ele><time>2026-09-20T23:50:43Z</time></trkpt>
<trkpt lat="37.838851" lon="140.950839"><ele>-21.8</ele><time>2026-09-20T23:50:46Z</time></trkpt>
<trkpt lat="37.839204" lon="140.952411"><ele>-22.0</ele><time>2026-09-20T23:51:12Z</time></trkpt>
<trkpt lat="37.836897" lon="140.953179"><ele>-22.4</ele><time>2026-09-20T23:51:54Z</time></trkpt>
<trkpt lat="37.835420" lon="140.953946"><ele>-21.2</ele><time>2026-09-20T23:52:18Z</time></trkpt>
<trkpt lat="37.834955" lon="140.954336"><ele>-20.8</ele><time>2026-09-20T23:52:26Z</time></trkpt>
<trkpt lat="37.831269" lon="140.958782"><ele>-17.6</ele><time>2026-09-20T23:53:43Z</time></trkpt>
<trkpt lat="37.830440" lon="140.960737"><ele>-17.2</ele><time>2026-09-20T23:54:07Z</time></trkpt>
<trkpt lat="37.829872" lon="140.961738"><ele>-17.0</ele><time>2026-09-20T23:54:21Z</time></trkpt>
<trkpt lat="37.829806" lon="140.962148"><ele>-17.0</ele><time>2026-09-20T23:54:26Z</time></trkpt>
<trkpt lat="37.829837" lon="140.963223"><ele>-17.0</ele><time>2026-09-20T23:54:40Z</time></trkpt>
<trkpt lat="37.829567" lon="140.964200"><ele>-19.6</ele><time>2026-09-20T23:54:53Z</time></trkpt>
<trkpt lat="37.829161" lon="140.964813"><ele>-19.6</ele><time>2026-09-20T23:55:02Z</time></trkpt>
<trkpt lat="37.827789" lon="140.966236"><ele>-20.4</ele><time>2026-09-20T23:55:26Z</time></trkpt>
<trkpt lat="37.827012" lon="140.967720"><ele>-20.4</ele><time>2026-09-20T23:55:46Z</time></trkpt>
<trkpt lat="37.826820" lon="140.968441"><ele>-20.4</ele><time>2026-09-20T23:55:55Z</time></trkpt>
<trkpt lat="37.826394" lon="140.971140"><ele>-19.4</ele><time>2026-09-20T23:56:46Z</time></trkpt>
<trkpt lat="37.826707" lon="140.972733"><ele>-18.6</ele><time>2026-09-20T23:57:19Z</time></trkpt>
<trkpt lat="37.826691" lon="140.973345"><ele>-18.8</ele><time>2026-09-20T23:57:35Z</time></trkpt>
<trkpt lat="37.824038" lon="140.980980"><ele>-15.6</ele><time>2026-09-20T23:59:25Z</time></trkpt>
<trkpt lat="37.823939" lon="140.981737"><ele>-15.8</ele><time>2026-09-20T23:59:33Z</time></trkpt>
<trkpt lat="37.824123" lon="140.983443"><ele>-16.0</ele><time>2026-09-20T23:59:53Z</time></trkpt>
<trkpt lat="37.824094" lon="140.983858"><ele>-16.2</ele><time>2026-09-20T23:59:58Z</time></trkpt>
<trkpt lat="37.823921" lon="140.984454"><ele>-16.2</ele><time>2026-09-21T00:00:06Z</time></trkpt>
<trkpt lat="37.823542" lon="140.985021"><ele>-16.0</ele><time>2026-09-21T00:00:16Z</time></trkpt>
<trkpt lat="37.822437" lon="140.985433"><ele>-15.6</ele><time>2026-09-21T00:00:36Z</time></trkpt>
<trkpt lat="37.822373" lon="140.985537"><ele>-15.2</ele><time>2026-09-21T00:00:40Z</time></trkpt>
<trkpt lat="37.822419" lon="140.985598"><ele>-15.2</ele><time>2026-09-21T00:01:45Z</time></trkpt>
<trkpt lat="37.822292" lon="140.985510"><ele>-21.0</ele><time>2026-09-21T00:04:14Z</time></trkpt>
<trkpt lat="37.821255" lon="140.985660"><ele>-20.0</ele><time>2026-09-21T00:04:37Z</time></trkpt>
<trkpt lat="37.812764" lon="140.985482"><ele>-18.2</ele><time>2026-09-21T00:06:45Z</time></trkpt>
<trkpt lat="37.808133" lon="140.985499"><ele>-17.8</ele><time>2026-09-21T00:07:54Z</time></trkpt>
<trkpt lat="37.803528" lon="140.985877"><ele>-17.6</ele><time>2026-09-21T00:09:07Z</time></trkpt>
<trkpt lat="37.798672" lon="140.985898"><ele>-17.2</ele><time>2026-09-21T00:10:23Z</time></trkpt>
<trkpt lat="37.796433" lon="140.985378"><ele>-16.6</ele><time>2026-09-21T00:10:56Z</time></trkpt>
<trkpt lat="37.791933" lon="140.985349"><ele>-16.2</ele><time>2026-09-21T00:12:07Z</time></trkpt>
<trkpt lat="37.791163" lon="140.985132"><ele>-16.6</ele><time>2026-09-21T00:12:20Z</time></trkpt>
<trkpt lat="37.789624" lon="140.984364"><ele>-17.0</ele><time>2026-09-21T00:12:46Z</time></trkpt>
<trkpt lat="37.788694" lon="140.984159"><ele>-16.4</ele><time>2026-09-21T00:13:00Z</time></trkpt>
<trkpt lat="37.778844" lon="140.984207"><ele>-11.2</ele><time>2026-09-21T00:15:32Z</time></trkpt>
<trkpt lat="37.778532" lon="140.984082"><ele>-11.0</ele><time>2026-09-21T00:15:37Z</time></trkpt>
<trkpt lat="37.778228" lon="140.983781"><ele>-11.0</ele><time>2026-09-21T00:15:43Z</time></trkpt>
<trkpt lat="37.776878" lon="140.981435"><ele>-13.0</ele><time>2026-09-21T00:16:19Z</time></trkpt>
<trkpt lat="37.774022" lon="140.983603"><ele>-13.4</ele><time>2026-09-21T00:17:11Z</time></trkpt>
<trkpt lat="37.772803" lon="140.984790"><ele>-14.0</ele><time>2026-09-21T00:17:36Z</time></trkpt>
<trkpt lat="37.771549" lon="140.985554"><ele>-14.6</ele><time>2026-09-21T00:17:58Z</time></trkpt>
<trkpt lat="37.769927" lon="140.986267"><ele>-15.0</ele><time>2026-09-21T00:18:24Z</time></trkpt>
<trkpt lat="37.768550" lon="140.987052"><ele>-15.0</ele><time>2026-09-21T00:18:47Z</time></trkpt>
<trkpt lat="37.767948" lon="140.987529"><ele>-14.8</ele><time>2026-09-21T00:18:58Z</time></trkpt>
<trkpt lat="37.766793" lon="140.988048"><ele>-15.6</ele><time>2026-09-21T00:19:17Z</time></trkpt>
<trkpt lat="37.766513" lon="140.988492"><ele>-16.4</ele><time>2026-09-21T00:19:32Z</time></trkpt>
<trkpt lat="37.766510" lon="140.988375"><ele>-16.6</ele><time>2026-09-21T00:19:37Z</time></trkpt>
<trkpt lat="37.766412" lon="140.988357"><ele>-16.6</ele><time>2026-09-21T00:19:40Z</time></trkpt>
<trkpt lat="37.765876" lon="140.988844"><ele>-17.0</ele><time>2026-09-21T00:19:53Z</time></trkpt>
<trkpt lat="37.764901" lon="140.989369"><ele>-17.6</ele><time>2026-09-21T00:20:13Z</time></trkpt>
<trkpt lat="37.764726" lon="140.989376"><ele>-17.8</ele><time>2026-09-21T00:20:18Z</time></trkpt>
<trkpt lat="37.764259" lon="140.990003"><ele>-18.8</ele><time>2026-09-21T00:20:35Z</time></trkpt>
<trkpt lat="37.763649" lon="140.990403"><ele>-18.2</ele><time>2026-09-21T00:20:54Z</time></trkpt>
<trkpt lat="37.762963" lon="140.990766"><ele>-16.8</ele><time>2026-09-21T00:21:19Z</time></trkpt>
<trkpt lat="37.761944" lon="140.990913"><ele>-15.8</ele><time>2026-09-21T00:21:48Z</time></trkpt>
<trkpt lat="37.761007" lon="140.991429"><ele>-15.2</ele><time>2026-09-21T00:22:16Z</time></trkpt>
<trkpt lat="37.760702" lon="140.991429"><ele>-14.8</ele><time>2026-09-21T00:22:24Z</time></trkpt>
<trkpt lat="37.760355" lon="140.991289"><ele>-14.2</ele><time>2026-09-21T00:22:40Z</time></trkpt>
<trkpt lat="37.759086" lon="140.992423"><ele>-21.2</ele><time>2026-09-21T00:27:13Z</time></trkpt>
<trkpt lat="37.758227" lon="140.992719"><ele>-21.6</ele><time>2026-09-21T00:27:21Z</time></trkpt>
<trkpt lat="37.755485" lon="140.995571"><ele>-22.4</ele><time>2026-09-21T00:28:03Z</time></trkpt>
<trkpt lat="37.755170" lon="140.995765"><ele>-22.2</ele><time>2026-09-21T00:28:08Z</time></trkpt>
<trkpt lat="37.754260" lon="140.996059"><ele>-22.0</ele><time>2026-09-21T00:28:22Z</time></trkpt>
<trkpt lat="37.754032" lon="140.996231"><ele>-21.8</ele><time>2026-09-21T00:28:26Z</time></trkpt>
<trkpt lat="37.753824" lon="140.996587"><ele>-22.0</ele><time>2026-09-21T00:28:31Z</time></trkpt>
<trkpt lat="37.753186" lon="140.998601"><ele>-21.8</ele><time>2026-09-21T00:28:59Z</time></trkpt>
<trkpt lat="37.752854" lon="140.999029"><ele>-21.6</ele><time>2026-09-21T00:29:09Z</time></trkpt>
<trkpt lat="37.752488" lon="140.999173"><ele>-21.2</ele><time>2026-09-21T00:29:18Z</time></trkpt>
<trkpt lat="37.751204" lon="140.999036"><ele>-20.0</ele><time>2026-09-21T00:29:54Z</time></trkpt>
<trkpt lat="37.750650" lon="140.999146"><ele>-19.2</ele><time>2026-09-21T00:30:15Z</time></trkpt>
<trkpt lat="37.749354" lon="140.999932"><ele>-19.4</ele><time>2026-09-21T00:31:12Z</time></trkpt>
<trkpt lat="37.748715" lon="141.001045"><ele>-19.0</ele><time>2026-09-21T00:31:56Z</time></trkpt>
<trkpt lat="37.748289" lon="141.001333"><ele>-18.4</ele><time>2026-09-21T00:32:15Z</time></trkpt>
<trkpt lat="37.747795" lon="141.001398"><ele>-18.2</ele><time>2026-09-21T00:32:34Z</time></trkpt>
<trkpt lat="37.746490" lon="141.001197"><ele>-16.2</ele><time>2026-09-21T00:33:29Z</time></trkpt>
<trkpt lat="37.745913" lon="141.001307"><ele>-16.4</ele><time>2026-09-21T00:33:42Z</time></trkpt>
<trkpt lat="37.743748" lon="141.003723"><ele>-14.8</ele><time>2026-09-21T00:34:17Z</time></trkpt>
<trkpt lat="37.742875" lon="141.004830"><ele>-12.8</ele><time>2026-09-21T00:34:40Z</time></trkpt>
<trkpt lat="37.740946" lon="141.005339"><ele>-10.8</ele><time>2026-09-21T00:35:18Z</time></trkpt>
<trkpt lat="37.740202" lon="141.005244"><ele>-10.6</ele><time>2026-09-21T00:35:29Z</time></trkpt>
<trkpt lat="37.738997" lon="141.004885"><ele>-9.2</ele><time>2026-09-21T00:35:54Z</time></trkpt>
<trkpt lat="37.737322" lon="141.005206"><ele>-9.6</ele><time>2026-09-21T00:36:13Z</time></trkpt>
<trkpt lat="37.736355" lon="141.005607"><ele>-10.0</ele><time>2026-09-21T00:36:23Z</time></trkpt>
<trkpt lat="37.735507" lon="141.005694"><ele>-9.6</ele><time>2026-09-21T00:36:33Z</time></trkpt>
<trkpt lat="37.734676" lon="141.005649"><ele>-9.2</ele><time>2026-09-21T00:36:44Z</time></trkpt>
<trkpt lat="37.733604" lon="141.006119"><ele>-9.0</ele><time>2026-09-21T00:36:57Z</time></trkpt>
<trkpt lat="37.732851" lon="141.006925"><ele>-9.8</ele><time>2026-09-21T00:37:06Z</time></trkpt>
<trkpt lat="37.732423" lon="141.007082"><ele>-10.0</ele><time>2026-09-21T00:37:10Z</time></trkpt>
<trkpt lat="37.731507" lon="141.006776"><ele>-10.6</ele><time>2026-09-21T00:37:19Z</time></trkpt>
<trkpt lat="37.730488" lon="141.006630"><ele>-11.0</ele><time>2026-09-21T00:37:30Z</time></trkpt>
<trkpt lat="37.729844" lon="141.006253"><ele>-11.6</ele><time>2026-09-21T00:37:39Z</time></trkpt>
<trkpt lat="37.729479" lon="141.005878"><ele>-11.6</ele><time>2026-09-21T00:37:45Z</time></trkpt>
<trkpt lat="37.729038" lon="141.004804"><ele>-12.0</ele><time>2026-09-21T00:37:58Z</time></trkpt>
<trkpt lat="37.728637" lon="141.004468"><ele>-12.2</ele><time>2026-09-21T00:38:05Z</time></trkpt>
<trkpt lat="37.721276" lon="141.002807"><ele>-15.2</ele><time>2026-09-21T00:39:58Z</time></trkpt>
<trkpt lat="37.720555" lon="141.002924"><ele>-15.8</ele><time>2026-09-21T00:40:07Z</time></trkpt>
<trkpt lat="37.710847" lon="141.007004"><ele>-20.2</ele><time>2026-09-21T00:43:12Z</time></trkpt>
<trkpt lat="37.710240" lon="141.007113"><ele>-21.4</ele><time>2026-09-21T00:43:33Z</time></trkpt>
<trkpt lat="37.709368" lon="141.007004"><ele>-21.4</ele><time>2026-09-21T00:44:03Z</time></trkpt>
<trkpt lat="37.708960" lon="141.006849"><ele>-21.0</ele><time>2026-09-21T00:44:16Z</time></trkpt>
<trkpt lat="37.708651" lon="141.006480"><ele>-20.6</ele><time>2026-09-21T00:44:31Z</time></trkpt>
<trkpt lat="37.708286" lon="141.005745"><ele>-19.8</ele><time>2026-09-21T00:44:49Z</time></trkpt>
<trkpt lat="37.707581" lon="141.005309"><ele>-19.4</ele><time>2026-09-21T00:45:01Z</time></trkpt>
<trkpt lat="37.702857" lon="141.005828"><ele>-20.2</ele><time>2026-09-21T00:46:04Z</time></trkpt>
<trkpt lat="37.700213" lon="141.005983"><ele>-20.2</ele><time>2026-09-21T00:46:43Z</time></trkpt>
<trkpt lat="37.691339" lon="141.005649"><ele>-22.4</ele><time>2026-09-21T00:48:55Z</time></trkpt>
<trkpt lat="37.684366" lon="141.004894"><ele>-22.8</ele><time>2026-09-21T00:50:47Z</time></trkpt>
<trkpt lat="37.677107" lon="141.003210"><ele>-23.4</ele><time>2026-09-21T00:53:27Z</time></trkpt>
<trkpt lat="37.674377" lon="141.002825"><ele>-22.8</ele><time>2026-09-21T00:55:17Z</time></trkpt>
<trkpt lat="37.672372" lon="141.002408"><ele>-22.4</ele><time>2026-09-21T00:55:59Z</time></trkpt>
<trkpt lat="37.670171" lon="141.002154"><ele>-21.2</ele><time>2026-09-21T00:56:27Z</time></trkpt>
<trkpt lat="37.668096" lon="141.001713"><ele>-21.0</ele><time>2026-09-21T00:56:52Z</time></trkpt>
<trkpt lat="37.665713" lon="141.001461"><ele>-21.2</ele><time>2026-09-21T00:57:20Z</time></trkpt>
<trkpt lat="37.665375" lon="141.001570"><ele>-21.2</ele><time>2026-09-21T00:57:25Z</time></trkpt>
<trkpt lat="37.665049" lon="141.001895"><ele>-21.2</ele><time>2026-09-21T00:57:31Z</time></trkpt>
<trkpt lat="37.662977" lon="141.005583"><ele>-22.8</ele><time>2026-09-21T00:58:26Z</time></trkpt>
<trkpt lat="37.662484" lon="141.006233"><ele>-23.0</ele><time>2026-09-21T00:58:37Z</time></trkpt>
<trkpt lat="37.661934" lon="141.006771"><ele>-23.6</ele><time>2026-09-21T00:58:47Z</time></trkpt>
<trkpt lat="37.660812" lon="141.007469"><ele>-24.4</ele><time>2026-09-21T00:59:05Z</time></trkpt>
<trkpt lat="37.658726" lon="141.008334"><ele>-25.0</ele><time>2026-09-21T00:59:47Z</time></trkpt>
<trkpt lat="37.653401" lon="141.010810"><ele>-26.0</ele><time>2026-09-21T01:02:26Z</time></trkpt>
<trkpt lat="37.652761" lon="141.011335"><ele>-27.0</ele><time>2026-09-21T01:02:37Z</time></trkpt>
<trkpt lat="37.652102" lon="141.012073"><ele>-27.6</ele><time>2026-09-21T01:02:47Z</time></trkpt>
<trkpt lat="37.651692" lon="141.012571"><ele>-27.8</ele><time>2026-09-21T01:02:54Z</time></trkpt>
<trkpt lat="37.651428" lon="141.013126"><ele>-27.8</ele><time>2026-09-21T01:03:30Z</time></trkpt>
<trkpt lat="37.651571" lon="141.012865"><ele>-35.2</ele><time>2026-09-21T01:20:52Z</time></trkpt>
<trkpt lat="37.650918" lon="141.011411"><ele>-31.8</ele><time>2026-09-21T01:21:28Z</time></trkpt>
<trkpt lat="37.650754" lon="141.009649"><ele>-29.6</ele><time>2026-09-21T01:21:52Z</time></trkpt>
<trkpt lat="37.649758" lon="141.007198"><ele>-27.8</ele><time>2026-09-21T01:22:27Z</time></trkpt>
<trkpt lat="37.649757" lon="141.004271"><ele>-27.2</ele><time>2026-09-21T01:23:09Z</time></trkpt>
<trkpt lat="37.647220" lon="141.004135"><ele>-26.4</ele><time>2026-09-21T01:23:50Z</time></trkpt>
<trkpt lat="37.645474" lon="141.003713"><ele>-25.4</ele><time>2026-09-21T01:24:19Z</time></trkpt>
<trkpt lat="37.645215" lon="141.003446"><ele>-25.8</ele><time>2026-09-21T01:24:25Z</time></trkpt>
<trkpt lat="37.644822" lon="141.002562"><ele>-26.0</ele><time>2026-09-21T01:24:42Z</time></trkpt>
<trkpt lat="37.643680" lon="141.001913"><ele>-24.0</ele><time>2026-09-21T01:25:06Z</time></trkpt>
<trkpt lat="37.639480" lon="141.000519"><ele>-21.6</ele><time>2026-09-21T01:26:16Z</time></trkpt>
<trkpt lat="37.638212" lon="140.999729"><ele>-19.6</ele><time>2026-09-21T01:26:44Z</time></trkpt>
<trkpt lat="37.636950" lon="140.999275"><ele>-16.4</ele><time>2026-09-21T01:27:58Z</time></trkpt>
<trkpt lat="37.636098" lon="140.999623"><ele>-16.0</ele><time>2026-09-21T01:28:14Z</time></trkpt>
<trkpt lat="37.635368" lon="141.000103"><ele>-15.6</ele><time>2026-09-21T01:28:27Z</time></trkpt>
<trkpt lat="37.634773" lon="141.000357"><ele>-15.0</ele><time>2026-09-21T01:28:37Z</time></trkpt>
<trkpt lat="37.633689" lon="141.001333"><ele>-14.2</ele><time>2026-09-21T01:28:58Z</time></trkpt>
<trkpt lat="37.632580" lon="141.002533"><ele>-13.0</ele><time>2026-09-21T01:29:21Z</time></trkpt>
<trkpt lat="37.632231" lon="141.002700"><ele>-12.6</ele><time>2026-09-21T01:29:27Z</time></trkpt>
<trkpt lat="37.629150" lon="141.000781"><ele>-10.6</ele><time>2026-09-21T01:30:20Z</time></trkpt>
<trkpt lat="37.627230" lon="141.000092"><ele>-9.8</ele><time>2026-09-21T01:30:51Z</time></trkpt>
<trkpt lat="37.626896" lon="141.000068"><ele>-9.8</ele><time>2026-09-21T01:30:56Z</time></trkpt>
<trkpt lat="37.625665" lon="141.000404"><ele>-9.4</ele><time>2026-09-21T01:31:14Z</time></trkpt>
<trkpt lat="37.622765" lon="141.000402"><ele>-8.4</ele><time>2026-09-21T01:31:58Z</time></trkpt>
<trkpt lat="37.619852" lon="140.998782"><ele>-7.4</ele><time>2026-09-21T01:34:22Z</time></trkpt>
<trkpt lat="37.618517" lon="141.000255"><ele>-9.0</ele><time>2026-09-21T01:34:54Z</time></trkpt>
<trkpt lat="37.617830" lon="141.000887"><ele>-8.8</ele><time>2026-09-21T01:35:07Z</time></trkpt>
<trkpt lat="37.612320" lon="141.004809"><ele>-6.4</ele><time>2026-09-21T01:36:42Z</time></trkpt>
<trkpt lat="37.610741" lon="141.005858"><ele>-5.8</ele><time>2026-09-21T01:37:08Z</time></trkpt>
<trkpt lat="37.609168" lon="141.006762"><ele>-6.0</ele><time>2026-09-21T01:37:29Z</time></trkpt>
<trkpt lat="37.607732" lon="141.007119"><ele>-5.8</ele><time>2026-09-21T01:37:47Z</time></trkpt>
<trkpt lat="37.606685" lon="141.007068"><ele>-5.6</ele><time>2026-09-21T01:38:00Z</time></trkpt>
<trkpt lat="37.605503" lon="141.006711"><ele>-5.6</ele><time>2026-09-21T01:38:16Z</time></trkpt>
<trkpt lat="37.598620" lon="141.003593"><ele>-8.4</ele><time>2026-09-21T01:40:03Z</time></trkpt>
<trkpt lat="37.597832" lon="141.003438"><ele>-11.0</ele><time>2026-09-21T01:40:43Z</time></trkpt>
<trkpt lat="37.596342" lon="141.003334"><ele>-12.0</ele><time>2026-09-21T01:41:07Z</time></trkpt>
<trkpt lat="37.594636" lon="141.003346"><ele>-12.2</ele><time>2026-09-21T01:41:31Z</time></trkpt>
<trkpt lat="37.593565" lon="141.003703"><ele>-12.8</ele><time>2026-09-21T01:41:46Z</time></trkpt>
<trkpt lat="37.589991" lon="141.005424"><ele>-13.2</ele><time>2026-09-21T01:42:37Z</time></trkpt>
<trkpt lat="37.589054" lon="141.006063"><ele>-13.8</ele><time>2026-09-21T01:42:52Z</time></trkpt>
<trkpt lat="37.586681" lon="141.007963"><ele>-15.0</ele><time>2026-09-21T01:43:33Z</time></trkpt>
<trkpt lat="37.585272" lon="141.008776"><ele>-14.4</ele><time>2026-09-21T01:43:57Z</time></trkpt>
<trkpt lat="37.584047" lon="141.009210"><ele>-13.6</ele><time>2026-09-21T01:44:18Z</time></trkpt>
<trkpt lat="37.582948" lon="141.009437"><ele>-12.6</ele><time>2026-09-21T01:44:36Z</time></trkpt>
<trkpt lat="37.578669" lon="141.009910"><ele>-12.4</ele><time>2026-09-21T01:45:32Z</time></trkpt>
<trkpt lat="37.577348" lon="141.009712"><ele>-12.6</ele><time>2026-09-21T01:45:49Z</time></trkpt>
<trkpt lat="37.576141" lon="141.009145"><ele>-11.2</ele><time>2026-09-21T01:46:11Z</time></trkpt>
<trkpt lat="37.574527" lon="141.007944"><ele>-10.0</ele><time>2026-09-21T01:46:52Z</time></trkpt>
<trkpt lat="37.571429" lon="141.005388"><ele>-8.4</ele><time>2026-09-21T01:47:53Z</time></trkpt>
<trkpt lat="37.569803" lon="141.004423"><ele>-8.0</ele><time>2026-09-21T01:48:20Z</time></trkpt>
<trkpt lat="37.568102" lon="141.003815"><ele>-7.2</ele><time>2026-09-21T01:48:45Z</time></trkpt>
<trkpt lat="37.562337" lon="141.002099"><ele>-6.8</ele><time>2026-09-21T01:50:22Z</time></trkpt>
<trkpt lat="37.561056" lon="141.002102"><ele>-6.8</ele><time>2026-09-21T01:50:42Z</time></trkpt>
<trkpt lat="37.559604" lon="141.002572"><ele>-6.8</ele><time>2026-09-21T01:51:05Z</time></trkpt>
<trkpt lat="37.554649" lon="141.005339"><ele>-5.8</ele><time>2026-09-21T01:52:55Z</time></trkpt>
<trkpt lat="37.553212" lon="141.005933"><ele>-6.0</ele><time>2026-09-21T01:53:20Z</time></trkpt>
<trkpt lat="37.551702" lon="141.006167"><ele>-6.0</ele><time>2026-09-21T01:53:43Z</time></trkpt>
<trkpt lat="37.547555" lon="141.006278"><ele>-4.6</ele><time>2026-09-21T01:54:53Z</time></trkpt>
<trkpt lat="37.542769" lon="141.007637"><ele>-3.4</ele><time>2026-09-21T01:56:14Z</time></trkpt>
<trkpt lat="37.541654" lon="141.007735"><ele>-3.8</ele><time>2026-09-21T01:56:32Z</time></trkpt>
<trkpt lat="37.540155" lon="141.007332"><ele>-4.6</ele><time>2026-09-21T01:56:55Z</time></trkpt>
<trkpt lat="37.537961" lon="141.006261"><ele>-7.8</ele><time>2026-09-21T01:57:30Z</time></trkpt>
<trkpt lat="37.536843" lon="141.005354"><ele>-8.0</ele><time>2026-09-21T01:57:52Z</time></trkpt>
<trkpt lat="37.534843" lon="141.003014"><ele>-7.8</ele><time>2026-09-21T01:58:41Z</time></trkpt>
<trkpt lat="37.533895" lon="141.002325"><ele>-7.6</ele><time>2026-09-21T01:59:01Z</time></trkpt>
<trkpt lat="37.532882" lon="141.002057"><ele>-6.8</ele><time>2026-09-21T01:59:18Z</time></trkpt>
<trkpt lat="37.532150" lon="141.002105"><ele>-6.8</ele><time>2026-09-21T01:59:28Z</time></trkpt>
<trkpt lat="37.531623" lon="141.002244"><ele>-6.8</ele><time>2026-09-21T01:59:35Z</time></trkpt>
<trkpt lat="37.530283" lon="141.002835"><ele>-7.4</ele><time>2026-09-21T01:59:52Z</time></trkpt>
<trkpt lat="37.529467" lon="141.002990"><ele>-7.8</ele><time>2026-09-21T02:00:02Z</time></trkpt>
<trkpt lat="37.528738" lon="141.002929"><ele>-8.4</ele><time>2026-09-21T02:00:11Z</time></trkpt>
<trkpt lat="37.527842" lon="141.002604"><ele>-8.8</ele><time>2026-09-21T02:00:23Z</time></trkpt>
<trkpt lat="37.526914" lon="141.001874"><ele>-9.6</ele><time>2026-09-21T02:00:38Z</time></trkpt>
<trkpt lat="37.524194" lon="140.998929"><ele>-9.0</ele><time>2026-09-21T02:01:32Z</time></trkpt>
<trkpt lat="37.523168" lon="140.998252"><ele>-9.0</ele><time>2026-09-21T02:01:50Z</time></trkpt>
<trkpt lat="37.522368" lon="140.997943"><ele>-8.8</ele><time>2026-09-21T02:02:02Z</time></trkpt>
<trkpt lat="37.520934" lon="140.997739"><ele>-9.8</ele><time>2026-09-21T02:02:22Z</time></trkpt>
<trkpt lat="37.516823" lon="140.998148"><ele>-12.8</ele><time>2026-09-21T02:03:24Z</time></trkpt>
<trkpt lat="37.512912" lon="140.998061"><ele>-11.4</ele><time>2026-09-21T02:04:42Z</time></trkpt>
<trkpt lat="37.511923" lon="140.998156"><ele>-10.8</ele><time>2026-09-21T02:05:01Z</time></trkpt>
<trkpt lat="37.509614" lon="140.998146"><ele>-10.2</ele><time>2026-09-21T02:05:50Z</time></trkpt>
<trkpt lat="37.508557" lon="140.997972"><ele>-8.6</ele><time>2026-09-21T02:06:19Z</time></trkpt>
<trkpt lat="37.505709" lon="140.997136"><ele>-7.2</ele><time>2026-09-21T02:07:21Z</time></trkpt>
<trkpt lat="37.504425" lon="140.997347"><ele>-7.6</ele><time>2026-09-21T02:07:39Z</time></trkpt>
<trkpt lat="37.503370" lon="140.997830"><ele>-7.4</ele><time>2026-09-21T02:07:54Z</time></trkpt>
<trkpt lat="37.500876" lon="140.999847"><ele>-7.4</ele><time>2026-09-21T02:08:32Z</time></trkpt>
<trkpt lat="37.499578" lon="141.000626"><ele>-7.4</ele><time>2026-09-21T02:08:50Z</time></trkpt>
<trkpt lat="37.498257" lon="141.001118"><ele>-7.0</ele><time>2026-09-21T02:09:09Z</time></trkpt>
<trkpt lat="37.495175" lon="141.001834"><ele>-7.4</ele><time>2026-09-21T02:10:16Z</time></trkpt>
<trkpt lat="37.494109" lon="141.002194"><ele>-7.6</ele><time>2026-09-21T02:10:34Z</time></trkpt>
<trkpt lat="37.493182" lon="141.002634"><ele>-8.4</ele><time>2026-09-21T02:10:49Z</time></trkpt>
<trkpt lat="37.488493" lon="141.005349"><ele>-9.8</ele><time>2026-09-21T02:12:07Z</time></trkpt>
<trkpt lat="37.487362" lon="141.005530"><ele>-8.8</ele><time>2026-09-21T02:12:24Z</time></trkpt>
<trkpt lat="37.485262" lon="141.005459"><ele>-8.0</ele><time>2026-09-21T02:12:55Z</time></trkpt>
<trkpt lat="37.484048" lon="141.005586"><ele>-7.4</ele><time>2026-09-21T02:13:14Z</time></trkpt>
<trkpt lat="37.483157" lon="141.005875"><ele>-7.0</ele><time>2026-09-21T02:13:28Z</time></trkpt>
<trkpt lat="37.481338" lon="141.006773"><ele>-6.4</ele><time>2026-09-21T02:13:59Z</time></trkpt>
<trkpt lat="37.480285" lon="141.007078"><ele>-6.4</ele><time>2026-09-21T02:14:19Z</time></trkpt>
<trkpt lat="37.473284" lon="141.008044"><ele>-3.2</ele><time>2026-09-21T02:16:18Z</time></trkpt>
<trkpt lat="37.468758" lon="141.009343"><ele>-6.2</ele><time>2026-09-21T02:17:19Z</time></trkpt>
<trkpt lat="37.463639" lon="141.009759"><ele>-6.2</ele><time>2026-09-21T02:18:30Z</time></trkpt>
<trkpt lat="37.459952" lon="141.010451"><ele>-4.4</ele><time>2026-09-21T02:19:29Z</time></trkpt>
<trkpt lat="37.458669" lon="141.010586"><ele>-4.0</ele><time>2026-09-21T02:19:48Z</time></trkpt>
<trkpt lat="37.457544" lon="141.010504"><ele>-3.8</ele><time>2026-09-21T02:20:04Z</time></trkpt>
<trkpt lat="37.451837" lon="141.009413"><ele>-3.0</ele><time>2026-09-21T02:21:29Z</time></trkpt>
<trkpt lat="37.447153" lon="141.008660"><ele>-4.8</ele><time>2026-09-21T02:22:35Z</time></trkpt>
<trkpt lat="37.446146" lon="141.008563"><ele>-4.4</ele><time>2026-09-21T02:22:51Z</time></trkpt>
<trkpt lat="37.445243" lon="141.008597"><ele>-4.0</ele><time>2026-09-21T02:23:06Z</time></trkpt>
<trkpt lat="37.443232" lon="141.009143"><ele>-3.8</ele><time>2026-09-21T02:23:40Z</time></trkpt>
<trkpt lat="37.438762" lon="141.010992"><ele>1.0</ele><time>2026-09-21T02:25:53Z</time></trkpt>
<trkpt lat="37.437642" lon="141.011225"><ele>2.6</ele><time>2026-09-21T02:26:21Z</time></trkpt>
<trkpt lat="37.436289" lon="141.011313"><ele>4.2</ele><time>2026-09-21T02:26:51Z</time></trkpt>
<trkpt lat="37.435451" lon="141.011267"><ele>5.0</ele><time>2026-09-21T02:27:09Z</time></trkpt>
<trkpt lat="37.434515" lon="141.011079"><ele>6.0</ele><time>2026-09-21T02:27:29Z</time></trkpt>
<trkpt lat="37.432921" lon="141.010400"><ele>7.4</ele><time>2026-09-21T02:28:05Z</time></trkpt>
<trkpt lat="37.426740" lon="141.006393"><ele>9.4</ele><time>2026-09-21T02:30:00Z</time></trkpt>
<trkpt lat="37.424004" lon="141.004480"><ele>10.6</ele><time>2026-09-21T02:30:58Z</time></trkpt>
<trkpt lat="37.417476" lon="141.000192"><ele>11.6</ele><time>2026-09-21T02:33:04Z</time></trkpt>
<trkpt lat="37.415914" lon="140.999264"><ele>11.4</ele><time>2026-09-21T02:33:35Z</time></trkpt>
<trkpt lat="37.414901" lon="140.998824"><ele>11.4</ele><time>2026-09-21T02:33:59Z</time></trkpt>
<trkpt lat="37.411591" lon="140.997670"><ele>12.8</ele><time>2026-09-21T02:35:26Z</time></trkpt>
<trkpt lat="37.409282" lon="140.997036"><ele>12.4</ele><time>2026-09-21T02:36:08Z</time></trkpt>
<trkpt lat="37.408457" lon="140.996970"><ele>12.0</ele><time>2026-09-21T02:36:19Z</time></trkpt>
<trkpt lat="37.407131" lon="140.997122"><ele>12.0</ele><time>2026-09-21T02:36:35Z</time></trkpt>
<trkpt lat="37.405640" lon="140.997623"><ele>11.4</ele><time>2026-09-21T02:36:53Z</time></trkpt>
<trkpt lat="37.399949" lon="141.001575"><ele>7.8</ele><time>2026-09-21T02:38:15Z</time></trkpt>
<trkpt lat="37.399135" lon="141.001930"><ele>7.8</ele><time>2026-09-21T02:38:26Z</time></trkpt>
<trkpt lat="37.397875" lon="141.002238"><ele>7.4</ele><time>2026-09-21T02:38:42Z</time></trkpt>
<trkpt lat="37.397136" lon="141.002576"><ele>7.4</ele><time>2026-09-21T02:38:52Z</time></trkpt>
<trkpt lat="37.396189" lon="141.003324"><ele>7.0</ele><time>2026-09-21T02:39:09Z</time></trkpt>
<trkpt lat="37.393520" lon="141.006028"><ele>5.6</ele><time>2026-09-21T02:39:57Z</time></trkpt>
<trkpt lat="37.392454" lon="141.006832"><ele>5.0</ele><time>2026-09-21T02:40:12Z</time></trkpt>
<trkpt lat="37.387265" lon="141.008498"><ele>2.0</ele><time>2026-09-21T02:41:11Z</time></trkpt>
<trkpt lat="37.386503" lon="141.008612"><ele>1.0</ele><time>2026-09-21T02:41:28Z</time></trkpt>
<trkpt lat="37.372150" lon="141.009241"><ele>-2.6</ele><time>2026-09-21T02:45:32Z</time></trkpt>
<trkpt lat="37.369551" lon="141.009024"><ele>-0.8</ele><time>2026-09-21T02:46:32Z</time></trkpt>
<trkpt lat="37.366914" lon="141.009012"><ele>1.0</ele><time>2026-09-21T02:47:35Z</time></trkpt>
<trkpt lat="37.347752" lon="141.011723"><ele>1.2</ele><time>2026-09-21T02:52:31Z</time></trkpt>
<trkpt lat="37.344259" lon="141.012437"><ele>0.0</ele><time>2026-09-21T02:53:45Z</time></trkpt>
<trkpt lat="37.336994" lon="141.014504"><ele>-4.8</ele><time>2026-09-21T02:55:55Z</time></trkpt>
<trkpt lat="37.335907" lon="141.015143"><ele>-3.8</ele><time>2026-09-21T02:56:17Z</time></trkpt>
<trkpt lat="37.333932" lon="141.017121"><ele>-1.0</ele><time>2026-09-21T02:57:20Z</time></trkpt>
<trkpt lat="37.333123" lon="141.017573"><ele>-0.4</ele><time>2026-09-21T02:57:51Z</time></trkpt>
<trkpt lat="37.332460" lon="141.017700"><ele>0.8</ele><time>2026-09-21T02:58:10Z</time></trkpt>
<trkpt lat="37.331403" lon="141.017496"><ele>1.2</ele><time>2026-09-21T02:58:32Z</time></trkpt>
<trkpt lat="37.327412" lon="141.015880"><ele>2.8</ele><time>2026-09-21T02:59:32Z</time></trkpt>
<trkpt lat="37.324735" lon="141.014589"><ele>2.8</ele><time>2026-09-21T03:00:08Z</time></trkpt>
<trkpt lat="37.323818" lon="141.013928"><ele>3.4</ele><time>2026-09-21T03:00:22Z</time></trkpt>
<trkpt lat="37.322904" lon="141.012905"><ele>3.4</ele><time>2026-09-21T03:00:40Z</time></trkpt>
<trkpt lat="37.322239" lon="141.011727"><ele>3.6</ele><time>2026-09-21T03:00:57Z</time></trkpt>
<trkpt lat="37.321862" lon="141.010778"><ele>3.6</ele><time>2026-09-21T03:01:10Z</time></trkpt>
<trkpt lat="37.320784" lon="141.007293"><ele>4.2</ele><time>2026-09-21T03:02:01Z</time></trkpt>
<trkpt lat="37.320132" lon="141.005851"><ele>4.2</ele><time>2026-09-21T03:02:26Z</time></trkpt>
<trkpt lat="37.318985" lon="141.004094"><ele>4.6</ele><time>2026-09-21T03:03:04Z</time></trkpt>
<trkpt lat="37.317202" lon="141.002044"><ele>4.6</ele><time>2026-09-21T03:03:55Z</time></trkpt>
<trkpt lat="37.315731" lon="141.000959"><ele>5.2</ele><time>2026-09-21T03:04:33Z</time></trkpt>
<trkpt lat="37.315167" lon="141.000771"><ele>5.2</ele><time>2026-09-21T03:04:44Z</time></trkpt>
<trkpt lat="37.314274" lon="141.000695"><ele>5.8</ele><time>2026-09-21T03:05:03Z</time></trkpt>
<trkpt lat="37.311470" lon="141.000834"><ele>8.0</ele><time>2026-09-21T03:06:04Z</time></trkpt>
<trkpt lat="37.310714" lon="141.000720"><ele>8.8</ele><time>2026-09-21T03:06:24Z</time></trkpt>
<trkpt lat="37.310061" lon="141.000427"><ele>9.6</ele><time>2026-09-21T03:06:46Z</time></trkpt>
<trkpt lat="37.309220" lon="140.999656"><ele>10.4</ele><time>2026-09-21T03:07:22Z</time></trkpt>
<trkpt lat="37.307071" lon="140.996180"><ele>11.2</ele><time>2026-09-21T03:09:15Z</time></trkpt>
<trkpt lat="37.306158" lon="140.995091"><ele>9.8</ele><time>2026-09-21T03:09:54Z</time></trkpt>
<trkpt lat="37.305846" lon="140.994870"><ele>9.2</ele><time>2026-09-21T03:10:05Z</time></trkpt>
<trkpt lat="37.304516" lon="140.994332"><ele>9.2</ele><time>2026-09-21T03:11:34Z</time></trkpt>
<trkpt lat="37.303111" lon="140.994124"><ele>10.0</ele><time>2026-09-21T03:11:56Z</time></trkpt>
<trkpt lat="37.296598" lon="140.994212"><ele>11.8</ele><time>2026-09-21T03:14:01Z</time></trkpt>
<trkpt lat="37.293759" lon="140.994100"><ele>9.6</ele><time>2026-09-21T03:14:40Z</time></trkpt>
<trkpt lat="37.292646" lon="140.993694"><ele>9.8</ele><time>2026-09-21T03:14:52Z</time></trkpt>
<trkpt lat="37.288769" lon="140.991468"><ele>10.0</ele><time>2026-09-21T03:15:35Z</time></trkpt>
<trkpt lat="37.287522" lon="140.991151"><ele>10.8</ele><time>2026-09-21T03:15:53Z</time></trkpt>
<trkpt lat="37.286536" lon="140.991214"><ele>12.4</ele><time>2026-09-21T03:16:15Z</time></trkpt>
<trkpt lat="37.282183" lon="140.992383"><ele>13.6</ele><time>2026-09-21T03:17:23Z</time></trkpt>
<trkpt lat="37.278282" lon="140.994045"><ele>11.4</ele><time>2026-09-21T03:18:04Z</time></trkpt>
<trkpt lat="37.277466" lon="140.994245"><ele>11.2</ele><time>2026-09-21T03:18:17Z</time></trkpt>
<trkpt lat="37.276418" lon="140.994134"><ele>11.0</ele><time>2026-09-21T03:18:32Z</time></trkpt>
<trkpt lat="37.273630" lon="140.993110"><ele>10.0</ele><time>2026-09-21T03:19:07Z</time></trkpt>
<trkpt lat="37.272973" lon="140.993036"><ele>9.6</ele><time>2026-09-21T03:19:15Z</time></trkpt>
<trkpt lat="37.272412" lon="140.993105"><ele>9.4</ele><time>2026-09-21T03:19:22Z</time></trkpt>
<trkpt lat="37.261824" lon="140.997575"><ele>6.8</ele><time>2026-09-21T03:22:49Z</time></trkpt>
<trkpt lat="37.260251" lon="140.997990"><ele>7.4</ele><time>2026-09-21T03:23:20Z</time></trkpt>
<trkpt lat="37.251426" lon="140.998485"><ele>8.0</ele><time>2026-09-21T03:25:52Z</time></trkpt>
<trkpt lat="37.250248" lon="140.998207"><ele>8.4</ele><time>2026-09-21T03:26:11Z</time></trkpt>
<trkpt lat="37.248323" lon="140.997285"><ele>8.4</ele><time>2026-09-21T03:26:51Z</time></trkpt>
<trkpt lat="37.247775" lon="140.997198"><ele>8.6</ele><time>2026-09-21T03:27:02Z</time></trkpt>
<trkpt lat="37.247299" lon="140.997248"><ele>8.6</ele><time>2026-09-21T03:27:11Z</time></trkpt>
<trkpt lat="37.246710" lon="140.997479"><ele>8.6</ele><time>2026-09-21T03:27:23Z</time></trkpt>
<trkpt lat="37.246091" lon="140.997917"><ele>8.4</ele><time>2026-09-21T03:27:37Z</time></trkpt>
<trkpt lat="37.244707" lon="140.999551"><ele>9.4</ele><time>2026-09-21T03:28:17Z</time></trkpt>
<trkpt lat="37.244176" lon="141.000005"><ele>9.2</ele><time>2026-09-21T03:28:30Z</time></trkpt>
<trkpt lat="37.243599" lon="141.000330"><ele>9.6</ele><time>2026-09-21T03:28:43Z</time></trkpt>
<trkpt lat="37.243060" lon="141.000491"><ele>9.8</ele><time>2026-09-21T03:28:54Z</time></trkpt>
<trkpt lat="37.242415" lon="141.000536"><ele>9.8</ele><time>2026-09-21T03:29:08Z</time></trkpt>
<trkpt lat="37.241807" lon="141.000431"><ele>10.4</ele><time>2026-09-21T03:29:23Z</time></trkpt>
<trkpt lat="37.238451" lon="140.999101"><ele>12.8</ele><time>2026-09-21T03:30:56Z</time></trkpt>
<trkpt lat="37.237283" lon="140.998812"><ele>13.6</ele><time>2026-09-21T03:31:31Z</time></trkpt>
<trkpt lat="37.235615" lon="140.998664"><ele>13.0</ele><time>2026-09-21T03:32:11Z</time></trkpt>
<trkpt lat="37.234069" lon="140.998806"><ele>12.8</ele><time>2026-09-21T03:32:31Z</time></trkpt>
<trkpt lat="37.232219" lon="140.999452"><ele>11.0</ele><time>2026-09-21T03:33:09Z</time></trkpt>
<trkpt lat="37.226802" lon="141.002414"><ele>9.4</ele><time>2026-09-21T03:34:45Z</time></trkpt>
<trkpt lat="37.225700" lon="141.002793"><ele>8.8</ele><time>2026-09-21T03:34:57Z</time></trkpt>
<trkpt lat="37.224722" lon="141.002909"><ele>8.6</ele><time>2026-09-21T03:35:07Z</time></trkpt>
<trkpt lat="37.223275" lon="141.002769"><ele>8.0</ele><time>2026-09-21T03:35:22Z</time></trkpt>
<trkpt lat="37.220451" lon="141.002045"><ele>7.0</ele><time>2026-09-21T03:35:53Z</time></trkpt>
<trkpt lat="37.219368" lon="141.001670"><ele>7.2</ele><time>2026-09-21T03:36:08Z</time></trkpt>
<trkpt lat="37.218361" lon="141.001092"><ele>7.4</ele><time>2026-09-21T03:36:24Z</time></trkpt>
<trkpt lat="37.217486" lon="141.000362"><ele>7.4</ele><time>2026-09-21T03:36:43Z</time></trkpt>
<trkpt lat="37.216839" lon="140.999609"><ele>7.4</ele><time>2026-09-21T03:37:02Z</time></trkpt>
<trkpt lat="37.216102" lon="140.998486"><ele>7.6</ele><time>2026-09-21T03:37:23Z</time></trkpt>
<trkpt lat="37.215473" lon="140.997224"><ele>6.6</ele><time>2026-09-21T03:37:45Z</time></trkpt>
<trkpt lat="37.214632" lon="140.996019"><ele>6.8</ele><time>2026-09-21T03:38:09Z</time></trkpt>
<trkpt lat="37.213558" lon="140.995164"><ele>7.4</ele><time>2026-09-21T03:38:34Z</time></trkpt>
<trkpt lat="37.211506" lon="140.994078"><ele>7.6</ele><time>2026-09-21T03:39:19Z</time></trkpt>
<trkpt lat="37.210234" lon="140.993553"><ele>6.4</ele><time>2026-09-21T03:39:39Z</time></trkpt>
<trkpt lat="37.207699" lon="140.993313"><ele>5.4</ele><time>2026-09-21T03:40:13Z</time></trkpt>
<trkpt lat="37.204593" lon="140.992432"><ele>4.6</ele><time>2026-09-21T03:41:03Z</time></trkpt>
<trkpt lat="37.203703" lon="140.992565"><ele>4.0</ele><time>2026-09-21T03:41:18Z</time></trkpt>
<trkpt lat="37.202902" lon="140.992942"><ele>4.0</ele><time>2026-09-21T03:41:32Z</time></trkpt>
<trkpt lat="37.196054" lon="140.998033"><ele>3.6</ele><time>2026-09-21T03:44:56Z</time></trkpt>
<trkpt lat="37.195222" lon="140.998746"><ele>1.2</ele><time>2026-09-21T03:45:29Z</time></trkpt>
<trkpt lat="37.193963" lon="140.999397"><ele>0.0</ele><time>2026-09-21T03:46:10Z</time></trkpt>
<trkpt lat="37.192974" lon="140.999620"><ele>0.0</ele><time>2026-09-21T03:46:21Z</time></trkpt>
<trkpt lat="37.191776" lon="140.999517"><ele>-0.4</ele><time>2026-09-21T03:46:33Z</time></trkpt>
<trkpt lat="37.190623" lon="140.999028"><ele>-0.6</ele><time>2026-09-21T03:46:45Z</time></trkpt>
<trkpt lat="37.187558" lon="140.996593"><ele>0.8</ele><time>2026-09-21T03:47:31Z</time></trkpt>
<trkpt lat="37.182610" lon="140.993029"><ele>-0.8</ele><time>2026-09-21T03:48:57Z</time></trkpt>
<trkpt lat="37.181729" lon="140.992642"><ele>-1.2</ele><time>2026-09-21T03:49:14Z</time></trkpt>
<trkpt lat="37.180766" lon="140.992479"><ele>-1.6</ele><time>2026-09-21T03:49:30Z</time></trkpt>
<trkpt lat="37.177434" lon="140.992690"><ele>-1.0</ele><time>2026-09-21T03:50:13Z</time></trkpt>
<trkpt lat="37.170873" lon="140.994101"><ele>-2.2</ele><time>2026-09-21T03:51:58Z</time></trkpt>
<trkpt lat="37.169560" lon="140.994282"><ele>-2.0</ele><time>2026-09-21T03:52:19Z</time></trkpt>
<trkpt lat="37.164853" lon="140.994633"><ele>0.2</ele><time>2026-09-21T03:53:37Z</time></trkpt>
<trkpt lat="37.157926" lon="140.995460"><ele>1.4</ele><time>2026-09-21T03:55:26Z</time></trkpt>
<trkpt lat="37.156489" lon="140.995364"><ele>0.6</ele><time>2026-09-21T03:55:52Z</time></trkpt>
<trkpt lat="37.156398" lon="140.995412"><ele>0.6</ele><time>2026-09-21T03:55:54Z</time></trkpt>
<trkpt lat="37.156267" lon="140.995818"><ele>0.2</ele><time>2026-09-21T03:56:01Z</time></trkpt>
<trkpt lat="37.156091" lon="140.996052"><ele>0.0</ele><time>2026-09-21T03:56:05Z</time></trkpt>
<trkpt lat="37.155751" lon="140.996201"><ele>-0.4</ele><time>2026-09-21T03:56:10Z</time></trkpt>
<trkpt lat="37.155255" lon="140.996256"><ele>-0.8</ele><time>2026-09-21T03:56:17Z</time></trkpt>
<trkpt lat="37.154494" lon="140.996233"><ele>-2.0</ele><time>2026-09-21T03:56:28Z</time></trkpt>
<trkpt lat="37.153660" lon="140.996059"><ele>-2.6</ele><time>2026-09-21T03:56:44Z</time></trkpt>
<trkpt lat="37.151566" lon="140.995381"><ele>-0.4</ele><time>2026-09-21T03:57:16Z</time></trkpt>
<trkpt lat="37.151478" lon="140.995481"><ele>-0.2</ele><time>2026-09-21T03:57:18Z</time></trkpt>
<trkpt lat="37.150677" lon="140.995434"><ele>-0.2</ele><time>2026-09-21T03:57:29Z</time></trkpt>
<trkpt lat="37.146607" lon="140.995808"><ele>-1.4</ele><time>2026-09-21T03:58:20Z</time></trkpt>
<trkpt lat="37.143355" lon="140.996574"><ele>-4.6</ele><time>2026-09-21T03:59:31Z</time></trkpt>
<trkpt lat="37.142754" lon="140.996419"><ele>-5.0</ele><time>2026-09-21T03:59:49Z</time></trkpt>
<trkpt lat="37.142685" lon="140.996689"><ele>-14.4</ele><time>2026-09-21T04:28:53Z</time></trkpt>
<trkpt lat="37.140736" lon="140.997049"><ele>-15.8</ele><time>2026-09-21T04:29:29Z</time></trkpt>
<trkpt lat="37.137771" lon="140.996735"><ele>-13.2</ele><time>2026-09-21T04:30:20Z</time></trkpt>
<trkpt lat="37.131364" lon="140.997040"><ele>-10.6</ele><time>2026-09-21T04:31:56Z</time></trkpt>
<trkpt lat="37.128433" lon="140.997568"><ele>-8.8</ele><time>2026-09-21T04:32:38Z</time></trkpt>
<trkpt lat="37.126617" lon="140.997397"><ele>-8.0</ele><time>2026-09-21T04:33:04Z</time></trkpt>
<trkpt lat="37.120400" lon="140.997359"><ele>-8.2</ele><time>2026-09-21T04:34:26Z</time></trkpt>
<trkpt lat="37.119979" lon="140.997493"><ele>-8.4</ele><time>2026-09-21T04:34:32Z</time></trkpt>
<trkpt lat="37.119504" lon="140.997834"><ele>-9.0</ele><time>2026-09-21T04:34:40Z</time></trkpt>
<trkpt lat="37.118876" lon="140.998888"><ele>-8.4</ele><time>2026-09-21T04:34:57Z</time></trkpt>
<trkpt lat="37.118555" lon="140.999143"><ele>-7.8</ele><time>2026-09-21T04:35:04Z</time></trkpt>
<trkpt lat="37.117188" lon="140.999365"><ele>-6.0</ele><time>2026-09-21T04:35:25Z</time></trkpt>
<trkpt lat="37.115036" lon="140.998407"><ele>-6.0</ele><time>2026-09-21T04:36:00Z</time></trkpt>
<trkpt lat="37.114664" lon="140.998495"><ele>-6.0</ele><time>2026-09-21T04:36:06Z</time></trkpt>
<trkpt lat="37.113780" lon="140.999016"><ele>-6.0</ele><time>2026-09-21T04:36:23Z</time></trkpt>
<trkpt lat="37.113403" lon="140.999087"><ele>-7.4</ele><time>2026-09-21T04:36:30Z</time></trkpt>
<trkpt lat="37.113228" lon="140.999034"><ele>-7.4</ele><time>2026-09-21T04:36:34Z</time></trkpt>
<trkpt lat="37.112980" lon="140.998778"><ele>-9.2</ele><time>2026-09-21T04:37:41Z</time></trkpt>
<trkpt lat="37.111503" lon="140.998781"><ele>-10.0</ele><time>2026-09-21T04:38:00Z</time></trkpt>
<trkpt lat="37.110712" lon="140.998671"><ele>-10.6</ele><time>2026-09-21T04:38:09Z</time></trkpt>
<trkpt lat="37.110077" lon="140.998380"><ele>-10.6</ele><time>2026-09-21T04:38:17Z</time></trkpt>
<trkpt lat="37.109458" lon="140.997857"><ele>-10.8</ele><time>2026-09-21T04:38:26Z</time></trkpt>
<trkpt lat="37.108969" lon="140.997133"><ele>-10.8</ele><time>2026-09-21T04:38:35Z</time></trkpt>
<trkpt lat="37.108466" lon="140.996002"><ele>-10.6</ele><time>2026-09-21T04:38:48Z</time></trkpt>
<trkpt lat="37.108123" lon="140.994864"><ele>-9.8</ele><time>2026-09-21T04:39:01Z</time></trkpt>
<trkpt lat="37.107613" lon="140.992167"><ele>-7.8</ele><time>2026-09-21T04:39:33Z</time></trkpt>
<trkpt lat="37.106976" lon="140.990680"><ele>-6.6</ele><time>2026-09-21T04:39:52Z</time></trkpt>
<trkpt lat="37.106166" lon="140.989801"><ele>-6.0</ele><time>2026-09-21T04:40:07Z</time></trkpt>
<trkpt lat="37.104508" lon="140.988699"><ele>-5.0</ele><time>2026-09-21T04:40:32Z</time></trkpt>
<trkpt lat="37.103446" lon="140.987863"><ele>-4.4</ele><time>2026-09-21T04:40:49Z</time></trkpt>
<trkpt lat="37.102397" lon="140.987476"><ele>-4.4</ele><time>2026-09-21T04:41:05Z</time></trkpt>
<trkpt lat="37.101291" lon="140.987356"><ele>-3.8</ele><time>2026-09-21T04:41:21Z</time></trkpt>
<trkpt lat="37.100892" lon="140.987203"><ele>-3.8</ele><time>2026-09-21T04:41:27Z</time></trkpt>
<trkpt lat="37.099360" lon="140.986105"><ele>-3.2</ele><time>2026-09-21T04:41:52Z</time></trkpt>
<trkpt lat="37.097671" lon="140.985415"><ele>-4.4</ele><time>2026-09-21T04:42:20Z</time></trkpt>
<trkpt lat="37.094915" lon="140.984892"><ele>-5.0</ele><time>2026-09-21T04:43:04Z</time></trkpt>
<trkpt lat="37.091226" lon="140.983353"><ele>-3.6</ele><time>2026-09-21T04:44:03Z</time></trkpt>
<trkpt lat="37.088392" lon="140.981708"><ele>-2.6</ele><time>2026-09-21T04:44:52Z</time></trkpt>
<trkpt lat="37.087775" lon="140.981439"><ele>-2.6</ele><time>2026-09-21T04:44:59Z</time></trkpt>
<trkpt lat="37.084480" lon="140.980973"><ele>-2.2</ele><time>2026-09-21T04:45:41Z</time></trkpt>
<trkpt lat="37.082991" lon="140.980670"><ele>-3.2</ele><time>2026-09-21T04:46:01Z</time></trkpt>
<trkpt lat="37.081533" lon="140.979737"><ele>-2.8</ele><time>2026-09-21T04:46:25Z</time></trkpt>
<trkpt lat="37.074358" lon="140.977621"><ele>-2.0</ele><time>2026-09-21T04:48:12Z</time></trkpt>
<trkpt lat="37.073419" lon="140.977582"><ele>-2.2</ele><time>2026-09-21T04:48:25Z</time></trkpt>
<trkpt lat="37.070490" lon="140.976782"><ele>-1.8</ele><time>2026-09-21T04:49:08Z</time></trkpt>
<trkpt lat="37.066131" lon="140.975775"><ele>-1.0</ele><time>2026-09-21T04:50:07Z</time></trkpt>
<trkpt lat="37.064913" lon="140.975813"><ele>-1.0</ele><time>2026-09-21T04:50:24Z</time></trkpt>
<trkpt lat="37.062434" lon="140.975333"><ele>0.0</ele><time>2026-09-21T04:50:58Z</time></trkpt>
<trkpt lat="37.060635" lon="140.974741"><ele>0.6</ele><time>2026-09-21T04:51:22Z</time></trkpt>
<trkpt lat="37.059241" lon="140.974434"><ele>0.8</ele><time>2026-09-21T04:51:41Z</time></trkpt>
<trkpt lat="37.058099" lon="140.973551"><ele>0.8</ele><time>2026-09-21T04:52:00Z</time></trkpt>
<trkpt lat="37.054736" lon="140.971815"><ele>1.2</ele><time>2026-09-21T04:52:53Z</time></trkpt>
<trkpt lat="37.054359" lon="140.971810"><ele>1.2</ele><time>2026-09-21T04:52:58Z</time></trkpt>
<trkpt lat="37.053406" lon="140.972118"><ele>0.6</ele><time>2026-09-21T04:53:10Z</time></trkpt>
<trkpt lat="37.052836" lon="140.972179"><ele>0.4</ele><time>2026-09-21T04:53:17Z</time></trkpt>
<trkpt lat="37.045926" lon="140.972329"><ele>-1.8</ele><time>2026-09-21T04:54:48Z</time></trkpt>
<trkpt lat="37.043789" lon="140.972088"><ele>-0.8</ele><time>2026-09-21T04:55:19Z</time></trkpt>
<trkpt lat="37.041910" lon="140.972184"><ele>-0.2</ele><time>2026-09-21T04:55:45Z</time></trkpt>
<trkpt lat="37.040706" lon="140.972047"><ele>-1.4</ele><time>2026-09-21T04:56:01Z</time></trkpt>
<trkpt lat="37.038882" lon="140.971626"><ele>-1.4</ele><time>2026-09-21T04:56:27Z</time></trkpt>
<trkpt lat="37.036570" lon="140.971462"><ele>-0.8</ele><time>2026-09-21T04:57:00Z</time></trkpt>
<trkpt lat="37.035289" lon="140.971267"><ele>-1.2</ele><time>2026-09-21T04:57:17Z</time></trkpt>
<trkpt lat="37.033975" lon="140.971592"><ele>-2.2</ele><time>2026-09-21T04:57:35Z</time></trkpt>
<trkpt lat="37.030628" lon="140.971484"><ele>-2.6</ele><time>2026-09-21T04:58:19Z</time></trkpt>
<trkpt lat="37.029669" lon="140.971360"><ele>-3.0</ele><time>2026-09-21T04:58:32Z</time></trkpt>
<trkpt lat="37.028058" lon="140.970979"><ele>-1.8</ele><time>2026-09-21T04:58:53Z</time></trkpt>
<trkpt lat="37.026170" lon="140.971371"><ele>-1.4</ele><time>2026-09-21T04:59:19Z</time></trkpt>
<trkpt lat="37.022164" lon="140.971130"><ele>-1.4</ele><time>2026-09-21T05:00:21Z</time></trkpt>
<trkpt lat="37.016874" lon="140.971911"><ele>-1.6</ele><time>2026-09-21T05:01:26Z</time></trkpt>
<trkpt lat="37.015960" lon="140.972171"><ele>-1.4</ele><time>2026-09-21T05:01:37Z</time></trkpt>
<trkpt lat="37.013847" lon="140.973357"><ele>-0.6</ele><time>2026-09-21T05:02:05Z</time></trkpt>
<trkpt lat="37.010925" lon="140.975637"><ele>0.4</ele><time>2026-09-21T05:02:51Z</time></trkpt>
<trkpt lat="37.010234" lon="140.975776"><ele>1.2</ele><time>2026-09-21T05:03:02Z</time></trkpt>
<trkpt lat="37.008945" lon="140.975549"><ele>2.2</ele><time>2026-09-21T05:03:25Z</time></trkpt>
<trkpt lat="37.008341" lon="140.975716"><ele>2.4</ele><time>2026-09-21T05:03:36Z</time></trkpt>
<trkpt lat="37.007920" lon="140.976080"><ele>2.8</ele><time>2026-09-21T05:03:44Z</time></trkpt>
<trkpt lat="37.007325" lon="140.977109"><ele>3.0</ele><time>2026-09-21T05:03:59Z</time></trkpt>
<trkpt lat="37.006857" lon="140.977718"><ele>3.4</ele><time>2026-09-21T05:04:09Z</time></trkpt>
<trkpt lat="37.006386" lon="140.978138"><ele>3.4</ele><time>2026-09-21T05:04:17Z</time></trkpt>
<trkpt lat="37.005786" lon="140.978495"><ele>3.8</ele><time>2026-09-21T05:04:26Z</time></trkpt>
<trkpt lat="37.004783" lon="140.978764"><ele>4.0</ele><time>2026-09-21T05:04:40Z</time></trkpt>
<trkpt lat="37.001391" lon="140.978806"><ele>5.4</ele><time>2026-09-21T05:05:29Z</time></trkpt>
<trkpt lat="37.001193" lon="140.978959"><ele>5.6</ele><time>2026-09-21T05:05:34Z</time></trkpt>
<trkpt lat="37.000875" lon="140.979021"><ele>8.2</ele><time>2026-09-21T05:09:33Z</time></trkpt>
<trkpt lat="37.000909" lon="140.979068"><ele>-7.2</ele><time>2026-09-21T05:20:30Z</time></trkpt>
<trkpt lat="37.000982" lon="140.978839"><ele>-6.6</ele><time>2026-09-21T05:20:45Z</time></trkpt>
<trkpt lat="37.000744" lon="140.978872"><ele>-6.0</ele><time>2026-09-21T05:20:53Z</time></trkpt>
<trkpt lat="37.000178" lon="140.979146"><ele>-4.8</ele><time>2026-09-21T05:21:05Z</time></trkpt>
<trkpt lat="36.998486" lon="140.980557"><ele>-3.0</ele><time>2026-09-21T05:21:35Z</time></trkpt>
<trkpt lat="36.997977" lon="140.980786"><ele>-2.6</ele><time>2026-09-21T05:21:42Z</time></trkpt>
<trkpt lat="36.997515" lon="140.980829"><ele>-2.0</ele><time>2026-09-21T05:21:48Z</time></trkpt>
<trkpt lat="36.996351" lon="140.980524"><ele>-0.8</ele><time>2026-09-21T05:22:04Z</time></trkpt>
<trkpt lat="36.995833" lon="140.980307"><ele>-0.8</ele><time>2026-09-21T05:22:11Z</time></trkpt>
<trkpt lat="36.995614" lon="140.980093"><ele>-0.6</ele><time>2026-09-21T05:22:15Z</time></trkpt>
<trkpt lat="36.995505" lon="140.979542"><ele>0.2</ele><time>2026-09-21T05:22:24Z</time></trkpt>
<trkpt lat="36.995861" lon="140.978702"><ele>2.2</ele><time>2026-09-21T05:22:48Z</time></trkpt>
<trkpt lat="36.995868" lon="140.978234"><ele>3.2</ele><time>2026-09-21T05:23:03Z</time></trkpt>
<trkpt lat="36.994830" lon="140.976653"><ele>3.2</ele><time>2026-09-21T05:23:40Z</time></trkpt>
<trkpt lat="36.994551" lon="140.976541"><ele>3.0</ele><time>2026-09-21T05:23:43Z</time></trkpt>
<trkpt lat="36.994315" lon="140.976592"><ele>2.8</ele><time>2026-09-21T05:23:45Z</time></trkpt>
<trkpt lat="36.993744" lon="140.977057"><ele>2.6</ele><time>2026-09-21T05:23:51Z</time></trkpt>
<trkpt lat="36.993394" lon="140.977197"><ele>2.2</ele><time>2026-09-21T05:23:54Z</time></trkpt>
<trkpt lat="36.993143" lon="140.977157"><ele>2.6</ele><time>2026-09-21T05:23:56Z</time></trkpt>
<trkpt lat="36.992859" lon="140.976932"><ele>2.6</ele><time>2026-09-21T05:23:59Z</time></trkpt>
<trkpt lat="36.992704" lon="140.976483"><ele>2.6</ele><time>2026-09-21T05:24:03Z</time></trkpt>
<trkpt lat="36.992709" lon="140.975276"><ele>3.2</ele><time>2026-09-21T05:24:14Z</time></trkpt>
<trkpt lat="36.992583" lon="140.974415"><ele>3.6</ele><time>2026-09-21T05:24:24Z</time></trkpt>
<trkpt lat="36.992210" lon="140.972776"><ele>4.4</ele><time>2026-09-21T05:24:48Z</time></trkpt>
<trkpt lat="36.991858" lon="140.972164"><ele>4.6</ele><time>2026-09-21T05:24:57Z</time></trkpt>
<trkpt lat="36.988978" lon="140.970214"><ele>4.4</ele><time>2026-09-21T05:25:43Z</time></trkpt>
<trkpt lat="36.986518" lon="140.968713"><ele>4.0</ele><time>2026-09-21T05:26:25Z</time></trkpt>
<trkpt lat="36.984460" lon="140.966749"><ele>5.2</ele><time>2026-09-21T05:27:02Z</time></trkpt>
<trkpt lat="36.983187" lon="140.966347"><ele>5.4</ele><time>2026-09-21T05:27:17Z</time></trkpt>
<trkpt lat="36.982663" lon="140.965875"><ele>5.2</ele><time>2026-09-21T05:27:25Z</time></trkpt>
<trkpt lat="36.982281" lon="140.965810"><ele>5.0</ele><time>2026-09-21T05:27:30Z</time></trkpt>
<trkpt lat="36.981566" lon="140.965413"><ele>4.8</ele><time>2026-09-21T05:27:40Z</time></trkpt>
<trkpt lat="36.978746" lon="140.964820"><ele>2.6</ele><time>2026-09-21T05:28:20Z</time></trkpt>
<trkpt lat="36.978093" lon="140.964795"><ele>1.8</ele><time>2026-09-21T05:28:29Z</time></trkpt>
<trkpt lat="36.976811" lon="140.965409"><ele>0.8</ele><time>2026-09-21T05:28:47Z</time></trkpt>
<trkpt lat="36.975665" lon="140.965558"><ele>1.0</ele><time>2026-09-21T05:29:05Z</time></trkpt>
<trkpt lat="36.974681" lon="140.965857"><ele>2.0</ele><time>2026-09-21T05:29:28Z</time></trkpt>
<trkpt lat="36.974450" lon="140.965760"><ele>2.2</ele><time>2026-09-21T05:29:35Z</time></trkpt>
<trkpt lat="36.974168" lon="140.965391"><ele>2.4</ele><time>2026-09-21T05:29:46Z</time></trkpt>
<trkpt lat="36.974106" lon="140.964841"><ele>2.4</ele><time>2026-09-21T05:29:55Z</time></trkpt>
<trkpt lat="36.973963" lon="140.964534"><ele>2.6</ele><time>2026-09-21T05:30:00Z</time></trkpt>
<trkpt lat="36.973270" lon="140.963851"><ele>2.8</ele><time>2026-09-21T05:30:15Z</time></trkpt>
<trkpt lat="36.972977" lon="140.963399"><ele>3.0</ele><time>2026-09-21T05:30:23Z</time></trkpt>
<trkpt lat="36.972178" lon="140.961423"><ele>-0.2</ele><time>2026-09-21T05:30:45Z</time></trkpt>
<trkpt lat="36.968708" lon="140.956182"><ele>-0.8</ele><time>2026-09-21T05:31:56Z</time></trkpt>
<trkpt lat="36.967370" lon="140.955216"><ele>-2.4</ele><time>2026-09-21T05:33:17Z</time></trkpt>
<trkpt lat="36.966529" lon="140.953761"><ele>-2.2</ele><time>2026-09-21T05:33:49Z</time></trkpt>
<trkpt lat="36.964585" lon="140.952006"><ele>-1.8</ele><time>2026-09-21T05:34:39Z</time></trkpt>
<trkpt lat="36.964328" lon="140.951517"><ele>-1.8</ele><time>2026-09-21T05:34:47Z</time></trkpt>
<trkpt lat="36.964128" lon="140.950644"><ele>-1.8</ele><time>2026-09-21T05:34:59Z</time></trkpt>
<trkpt lat="36.964167" lon="140.950395"><ele>-1.8</ele><time>2026-09-21T05:35:03Z</time></trkpt>
<trkpt lat="36.963337" lon="140.948123"><ele>-0.8</ele><time>2026-09-21T05:35:37Z</time></trkpt>
<trkpt lat="36.961946" lon="140.946671"><ele>-0.6</ele><time>2026-09-21T05:36:05Z</time></trkpt>
<trkpt lat="36.959282" lon="140.945180"><ele>-1.8</ele><time>2026-09-21T05:36:52Z</time></trkpt>
<trkpt lat="36.957995" lon="140.942646"><ele>-3.0</ele><time>2026-09-21T05:37:21Z</time></trkpt>
<trkpt lat="36.957602" lon="140.942031"><ele>-3.2</ele><time>2026-09-21T05:37:28Z</time></trkpt>
<trkpt lat="36.955793" lon="140.940578"><ele>-4.2</ele><time>2026-09-21T05:37:54Z</time></trkpt>
<trkpt lat="36.954782" lon="140.938997"><ele>-5.6</ele><time>2026-09-21T05:38:15Z</time></trkpt>
<trkpt lat="36.953643" lon="140.937844"><ele>-6.8</ele><time>2026-09-21T05:38:34Z</time></trkpt>
<trkpt lat="36.950731" lon="140.934390"><ele>-8.2</ele><time>2026-09-21T05:39:31Z</time></trkpt>
<trkpt lat="36.949633" lon="140.933210"><ele>-9.0</ele><time>2026-09-21T05:39:51Z</time></trkpt>
<trkpt lat="36.947997" lon="140.931947"><ele>-9.8</ele><time>2026-09-21T05:40:19Z</time></trkpt>
<trkpt lat="36.947475" lon="140.931359"><ele>-10.0</ele><time>2026-09-21T05:40:29Z</time></trkpt>
<trkpt lat="36.947185" lon="140.930839"><ele>-10.2</ele><time>2026-09-21T05:40:36Z</time></trkpt>
<trkpt lat="36.945550" lon="140.926904"><ele>-10.4</ele><time>2026-09-21T05:41:28Z</time></trkpt>
<trkpt lat="36.945265" lon="140.925604"><ele>-10.6</ele><time>2026-09-21T05:41:43Z</time></trkpt>
<trkpt lat="36.945207" lon="140.923968"><ele>-11.2</ele><time>2026-09-21T05:42:16Z</time></trkpt>
<trkpt lat="36.944792" lon="140.923907"><ele>-11.2</ele><time>2026-09-21T05:42:25Z</time></trkpt>
<trkpt lat="36.943978" lon="140.923982"><ele>-11.2</ele><time>2026-09-21T05:42:39Z</time></trkpt>
<trkpt lat="36.943373" lon="140.923890"><ele>-11.2</ele><time>2026-09-21T05:42:50Z</time></trkpt>
<trkpt lat="36.943120" lon="140.923753"><ele>-11.2</ele><time>2026-09-21T05:42:57Z</time></trkpt>
<trkpt lat="36.941526" lon="140.922383"><ele>-9.2</ele><time>2026-09-21T05:44:21Z</time></trkpt>
<trkpt lat="36.939936" lon="140.920122"><ele>-7.8</ele><time>2026-09-21T05:46:18Z</time></trkpt>
<trkpt lat="36.939791" lon="140.920085"><ele>-7.2</ele><time>2026-09-21T05:46:32Z</time></trkpt>
<trkpt lat="36.939066" lon="140.919423"><ele>-10.4</ele><time>2026-09-21T05:53:12Z</time></trkpt>
<trkpt lat="36.938336" lon="140.919623"><ele>-9.8</ele><time>2026-09-21T05:53:25Z</time></trkpt>
<trkpt lat="36.938131" lon="140.919598"><ele>-9.8</ele><time>2026-09-21T05:53:28Z</time></trkpt>
<trkpt lat="36.937956" lon="140.919442"><ele>-10.0</ele><time>2026-09-21T05:53:31Z</time></trkpt>
<trkpt lat="36.937858" lon="140.919149"><ele>-10.6</ele><time>2026-09-21T05:53:34Z</time></trkpt>
<trkpt lat="36.937690" lon="140.917659"><ele>-12.0</ele><time>2026-09-21T05:53:47Z</time></trkpt>
<trkpt lat="36.937965" lon="140.916708"><ele>-11.2</ele><time>2026-09-21T05:54:23Z</time></trkpt>
<trkpt lat="36.937720" lon="140.917825"><ele>-10.8</ele><time>2026-09-21T05:54:49Z</time></trkpt>
<trkpt lat="36.937886" lon="140.919081"><ele>-8.2</ele><time>2026-09-21T05:55:21Z</time></trkpt>
<trkpt lat="36.938005" lon="140.919384"><ele>-7.6</ele><time>2026-09-21T05:55:31Z</time></trkpt>
<trkpt lat="36.938277" lon="140.919555"><ele>-7.2</ele><time>2026-09-21T05:55:43Z</time></trkpt>
<trkpt lat="36.939100" lon="140.919351"><ele>-4.6</ele><time>2026-09-21T05:56:09Z</time></trkpt>
<trkpt lat="36.939878" lon="140.920067"><ele>-0.6</ele><time>2026-09-21T05:57:08Z</time></trkpt>
<trkpt lat="36.939103" lon="140.919405"><ele>-0.8</ele><time>2026-09-21T05:57:30Z</time></trkpt>
<trkpt lat="36.938272" lon="140.919619"><ele>-1.6</ele><time>2026-09-21T05:57:43Z</time></trkpt>
<trkpt lat="36.938061" lon="140.919550"><ele>-2.4</ele><time>2026-09-21T05:57:46Z</time></trkpt>
<trkpt lat="36.937915" lon="140.919350"><ele>-3.4</ele><time>2026-09-21T05:57:49Z</time></trkpt>
<trkpt lat="36.937686" lon="140.917627"><ele>-5.4</ele><time>2026-09-21T05:58:11Z</time></trkpt>
<trkpt lat="36.937976" lon="140.916692"><ele>-6.4</ele><time>2026-09-21T05:58:37Z</time></trkpt>
<trkpt lat="36.937674" lon="140.915718"><ele>-8.2</ele><time>2026-09-21T05:58:46Z</time></trkpt>
<trkpt lat="36.937704" lon="140.915392"><ele>-9.2</ele><time>2026-09-21T05:58:49Z</time></trkpt>
<trkpt lat="36.937821" lon="140.915225"><ele>-9.6</ele><time>2026-09-21T05:58:51Z</time></trkpt>
<trkpt lat="36.938418" lon="140.914920"><ele>-10.6</ele><time>2026-09-21T05:58:59Z</time></trkpt>
<trkpt lat="36.938588" lon="140.914930"><ele>-11.0</ele><time>2026-09-21T05:59:02Z</time></trkpt>
<trkpt lat="36.938711" lon="140.915871"><ele>-12.4</ele><time>2026-09-21T05:59:22Z</time></trkpt>
<trkpt lat="36.938889" lon="140.916180"><ele>-12.0</ele><time>2026-09-21T05:59:28Z</time></trkpt>
<trkpt lat="36.940449" lon="140.917021"><ele>-10.6</ele><time>2026-09-21T05:59:57Z</time></trkpt>
<trkpt lat="36.940739" lon="140.917015"><ele>-10.6</ele><time>2026-09-21T06:00:02Z</time></trkpt>
<trkpt lat="36.941656" lon="140.916167"><ele>-11.6</ele><time>2026-09-21T06:00:21Z</time></trkpt>
<trkpt lat="36.942511" lon="140.915533"><ele>-12.0</ele><time>2026-09-21T06:00:38Z</time></trkpt>
<trkpt lat="36.943040" lon="140.914915"><ele>-13.4</ele><time>2026-09-21T06:00:49Z</time></trkpt>
<trkpt lat="36.944463" lon="140.914157"><ele>-12.6</ele><time>2026-09-21T06:01:22Z</time></trkpt>
<trkpt lat="36.947144" lon="140.909856"><ele>-10.8</ele><time>2026-09-21T06:02:35Z</time></trkpt>
<trkpt lat="36.947345" lon="140.901880"><ele>-8.8</ele><time>2026-09-21T06:05:07Z</time></trkpt>
<trkpt lat="36.947245" lon="140.901636"><ele>-8.6</ele><time>2026-09-21T06:05:12Z</time></trkpt>
<trkpt lat="36.946899" lon="140.901638"><ele>-9.0</ele><time>2026-09-21T06:05:23Z</time></trkpt>
<trkpt lat="36.947176" lon="140.901669"><ele>-8.4</ele><time>2026-09-21T06:06:41Z</time></trkpt>
<trkpt lat="36.947329" lon="140.901355"><ele>-9.4</ele><time>2026-09-21T06:06:52Z</time></trkpt>
<trkpt lat="36.947386" lon="140.900126"><ele>-12.6</ele><time>2026-09-21T06:07:13Z</time></trkpt>
<trkpt lat="36.947515" lon="140.899538"><ele>-13.8</ele><time>2026-09-21T06:07:22Z</time></trkpt>
<trkpt lat="36.948365" lon="140.898221"><ele>-16.0</ele><time>2026-09-21T06:07:47Z</time></trkpt>
<trkpt lat="36.948640" lon="140.897940"><ele>-15.8</ele><time>2026-09-21T06:07:54Z</time></trkpt>
<trkpt lat="36.950384" lon="140.896820"><ele>-15.0</ele><time>2026-09-21T06:09:09Z</time></trkpt>
<trkpt lat="36.950512" lon="140.896573"><ele>-13.4</ele><time>2026-09-21T06:10:06Z</time></trkpt>
<trkpt lat="36.950603" lon="140.894961"><ele>-13.0</ele><time>2026-09-21T06:10:30Z</time></trkpt>
<trkpt lat="36.950398" lon="140.892750"><ele>-16.4</ele><time>2026-09-21T06:11:18Z</time></trkpt>
<trkpt lat="36.949980" lon="140.890570"><ele>-16.8</ele><time>2026-09-21T06:11:49Z</time></trkpt>
<trkpt lat="36.948886" lon="140.886059"><ele>-14.4</ele><time>2026-09-21T06:14:04Z</time></trkpt>
<trkpt lat="36.948863" lon="140.885377"><ele>-14.4</ele><time>2026-09-21T06:14:13Z</time></trkpt>
<trkpt lat="36.949854" lon="140.881467"><ele>-13.8</ele><time>2026-09-21T06:15:07Z</time></trkpt>
<trkpt lat="36.950328" lon="140.880101"><ele>-12.6</ele><time>2026-09-21T06:15:29Z</time></trkpt>
<trkpt lat="36.952513" lon="140.876079"><ele>-10.2</ele><time>2026-09-21T06:16:35Z</time></trkpt>
<trkpt lat="36.952780" lon="140.875306"><ele>-10.0</ele><time>2026-09-21T06:16:45Z</time></trkpt>
<trkpt lat="36.953098" lon="140.871081"><ele>-11.8</ele><time>2026-09-21T06:17:38Z</time></trkpt>
<trkpt lat="36.953816" lon="140.869362"><ele>-11.0</ele><time>2026-09-21T06:18:03Z</time></trkpt>
<trkpt lat="36.953921" lon="140.868790"><ele>-10.8</ele><time>2026-09-21T06:18:11Z</time></trkpt>
<trkpt lat="36.954972" lon="140.855149"><ele>-10.2</ele><time>2026-09-21T06:23:28Z</time></trkpt>
<trkpt lat="36.954896" lon="140.853302"><ele>-10.2</ele><time>2026-09-21T06:24:06Z</time></trkpt>
<trkpt lat="36.954959" lon="140.853206"><ele>-10.0</ele><time>2026-09-21T06:24:10Z</time></trkpt></trkseg><trkseg>
<trkpt lat="36.954965" lon="140.852846"><ele>8.4</ele><time>2026-09-21T13:59:55Z</time></trkpt>
<trkpt lat="36.954992" lon="140.852947"><ele>19.6</ele><time>2026-09-21T13:59:59Z</time></trkpt>
<trkpt lat="36.954998" lon="140.852980"><ele>19.4</ele><time>2026-09-21T14:00:00Z</time></trkpt>
<trkpt lat="36.954999" lon="140.853061"><ele>19.2</ele><time>2026-09-21T14:00:02Z</time></trkpt>
<trkpt lat="36.954989" lon="140.853109"><ele>19.2</ele><time>2026-09-21T14:00:03Z</time></trkpt>
<trkpt lat="36.954956" lon="140.853173"><ele>19.2</ele><time>2026-09-21T14:00:05Z</time></trkpt>
<trkpt lat="36.954946" lon="140.853209"><ele>19.6</ele><time>2026-09-21T14:00:06Z</time></trkpt>
<trkpt lat="36.954948" lon="140.853248"><ele>19.6</ele><time>2026-09-21T14:00:07Z</time></trkpt>
<trkpt lat="36.954962" lon="140.853344"><ele>19.6</ele><time>2026-09-21T14:00:09Z</time></trkpt>
<trkpt lat="36.954973" lon="140.853399"><ele>19.6</ele><time>2026-09-21T14:00:10Z</time></trkpt>
<trkpt lat="36.954989" lon="140.853524"><ele>19.6</ele><time>2026-09-21T14:00:12Z</time></trkpt>
<trkpt lat="36.955000" lon="140.853585"><ele>19.6</ele><time>2026-09-21T14:00:13Z</time></trkpt>
<trkpt lat="36.955007" lon="140.853655"><ele>19.6</ele><time>2026-09-21T14:00:14Z</time></trkpt>
<trkpt lat="36.955035" lon="140.853853"><ele>20.0</ele><time>2026-09-21T14:00:17Z</time></trkpt>
<trkpt lat="36.955037" lon="140.853893"><ele>20.0</ele><time>2026-09-21T14:00:18Z</time></trkpt>
<trkpt lat="36.955036" lon="140.853971"><ele>20.0</ele><time>2026-09-21T14:00:19Z</time></trkpt>
<trkpt lat="36.955043" lon="140.854233"><ele>19.6</ele><time>2026-09-21T14:00:23Z</time></trkpt>
<trkpt lat="36.955037" lon="140.854423"><ele>19.0</ele><time>2026-09-21T14:00:26Z</time></trkpt>
<trkpt lat="36.955040" lon="140.854617"><ele>18.6</ele><time>2026-09-21T14:00:29Z</time></trkpt>
<trkpt lat="36.955035" lon="140.854755"><ele>18.4</ele><time>2026-09-21T14:00:31Z</time></trkpt>
<trkpt lat="36.955039" lon="140.854824"><ele>18.4</ele><time>2026-09-21T14:00:32Z</time></trkpt>
<trkpt lat="36.955039" lon="140.854896"><ele>18.2</ele><time>2026-09-21T14:00:33Z</time></trkpt>
<trkpt lat="36.955028" lon="140.855100"><ele>18.2</ele><time>2026-09-21T14:00:36Z</time></trkpt>
<trkpt lat="36.955023" lon="140.855172"><ele>18.2</ele><time>2026-09-21T14:00:37Z</time></trkpt>
<trkpt lat="36.955008" lon="140.855315"><ele>18.2</ele><time>2026-09-21T14:00:39Z</time></trkpt>
<trkpt lat="36.954997" lon="140.855461"><ele>18.0</ele><time>2026-09-21T14:00:41Z</time></trkpt>
<trkpt lat="36.954984" lon="140.855540"><ele>18.0</ele><time>2026-09-21T14:00:42Z</time></trkpt>
<trkpt lat="36.954976" lon="140.855620"><ele>18.0</ele><time>2026-09-21T14:00:43Z</time></trkpt>
<trkpt lat="36.954975" lon="140.855701"><ele>18.0</ele><time>2026-09-21T14:00:44Z</time></trkpt>
<trkpt lat="36.954946" lon="140.856096"><ele>17.8</ele><time>2026-09-21T14:00:49Z</time></trkpt>
<trkpt lat="36.954930" lon="140.856400"><ele>17.6</ele><time>2026-09-21T14:00:53Z</time></trkpt>
<trkpt lat="36.954914" lon="140.856624"><ele>17.4</ele><time>2026-09-21T14:00:56Z</time></trkpt>
<trkpt lat="36.954894" lon="140.856859"><ele>17.4</ele><time>2026-09-21T14:00:59Z</time></trkpt>
<trkpt lat="36.954858" lon="140.857410"><ele>17.0</ele><time>2026-09-21T14:01:06Z</time></trkpt>
<trkpt lat="36.954839" lon="140.857639"><ele>17.0</ele><time>2026-09-21T14:01:09Z</time></trkpt>
<trkpt lat="36.954830" lon="140.857798"><ele>17.2</ele><time>2026-09-21T14:01:11Z</time></trkpt>
<trkpt lat="36.954813" lon="140.858036"><ele>17.6</ele><time>2026-09-21T14:01:14Z</time></trkpt>
<trkpt lat="36.954798" lon="140.858196"><ele>17.8</ele><time>2026-09-21T14:01:16Z</time></trkpt>
<trkpt lat="36.954789" lon="140.858357"><ele>18.0</ele><time>2026-09-21T14:01:18Z</time></trkpt>
<trkpt lat="36.954782" lon="140.858436"><ele>18.0</ele><time>2026-09-21T14:01:19Z</time></trkpt>
<trkpt lat="36.954763" lon="140.858603"><ele>18.0</ele><time>2026-09-21T14:01:21Z</time></trkpt>
<trkpt lat="36.954757" lon="140.858685"><ele>18.0</ele><time>2026-09-21T14:01:22Z</time></trkpt>
<trkpt lat="36.954722" lon="140.859010"><ele>17.8</ele><time>2026-09-21T14:01:26Z</time></trkpt>
<trkpt lat="36.954709" lon="140.859166"><ele>17.6</ele><time>2026-09-21T14:01:28Z</time></trkpt>
<trkpt lat="36.954700" lon="140.859392"><ele>17.6</ele><time>2026-09-21T14:01:31Z</time></trkpt>
<trkpt lat="36.954665" lon="140.859837"><ele>17.2</ele><time>2026-09-21T14:01:38Z</time></trkpt>
<trkpt lat="36.954652" lon="140.859980"><ele>17.2</ele><time>2026-09-21T14:01:41Z</time></trkpt>
<trkpt lat="36.954653" lon="140.860022"><ele>17.2</ele><time>2026-09-21T14:01:42Z</time></trkpt>
<trkpt lat="36.954661" lon="140.860075"><ele>17.6</ele><time>2026-09-21T14:01:45Z</time></trkpt>
<trkpt lat="36.954662" lon="140.860100"><ele>18.4</ele><time>2026-09-21T14:02:24Z</time></trkpt>
<trkpt lat="36.954647" lon="140.860281"><ele>18.4</ele><time>2026-09-21T14:02:28Z</time></trkpt>
<trkpt lat="36.954627" lon="140.860466"><ele>18.2</ele><time>2026-09-21T14:02:31Z</time></trkpt>
<trkpt lat="36.954615" lon="140.860672"><ele>17.6</ele><time>2026-09-21T14:02:34Z</time></trkpt>
<trkpt lat="36.954613" lon="140.860742"><ele>17.6</ele><time>2026-09-21T14:02:35Z</time></trkpt>
<trkpt lat="36.954595" lon="140.860955"><ele>17.2</ele><time>2026-09-21T14:02:38Z</time></trkpt>
<trkpt lat="36.954572" lon="140.861178"><ele>16.8</ele><time>2026-09-21T14:02:41Z</time></trkpt>
<trkpt lat="36.954567" lon="140.861253"><ele>16.8</ele><time>2026-09-21T14:02:42Z</time></trkpt>
<trkpt lat="36.954514" lon="140.861801"><ele>17.0</ele><time>2026-09-21T14:02:49Z</time></trkpt>
<trkpt lat="36.954491" lon="140.862112"><ele>17.0</ele><time>2026-09-21T14:02:53Z</time></trkpt>
<trkpt lat="36.954469" lon="140.862348"><ele>17.2</ele><time>2026-09-21T14:02:56Z</time></trkpt>
<trkpt lat="36.954420" lon="140.862961"><ele>17.0</ele><time>2026-09-21T14:03:04Z</time></trkpt>
<trkpt lat="36.954394" lon="140.863255"><ele>16.6</ele><time>2026-09-21T14:03:08Z</time></trkpt>
<trkpt lat="36.954372" lon="140.863555"><ele>16.6</ele><time>2026-09-21T14:03:12Z</time></trkpt>
<trkpt lat="36.954357" lon="140.863706"><ele>16.6</ele><time>2026-09-21T14:03:14Z</time></trkpt>
<trkpt lat="36.954324" lon="140.864084"><ele>17.0</ele><time>2026-09-21T14:03:19Z</time></trkpt>
<trkpt lat="36.954303" lon="140.864387"><ele>17.2</ele><time>2026-09-21T14:03:23Z</time></trkpt>
<trkpt lat="36.954292" lon="140.864583"><ele>17.0</ele><time>2026-09-21T14:03:26Z</time></trkpt>
<trkpt lat="36.954272" lon="140.864797"><ele>17.2</ele><time>2026-09-21T14:03:29Z</time></trkpt>
<trkpt lat="36.954260" lon="140.865004"><ele>17.2</ele><time>2026-09-21T14:03:32Z</time></trkpt>
<trkpt lat="36.954244" lon="140.865357"><ele>18.0</ele><time>2026-09-21T14:03:37Z</time></trkpt>
<trkpt lat="36.954224" lon="140.865597"><ele>18.2</ele><time>2026-09-21T14:03:41Z</time></trkpt>
<trkpt lat="36.954216" lon="140.865789"><ele>18.2</ele><time>2026-09-21T14:03:45Z</time></trkpt>
<trkpt lat="36.954213" lon="140.865818"><ele>18.2</ele><time>2026-09-21T14:03:46Z</time></trkpt>
<trkpt lat="36.954211" lon="140.865878"><ele>19.0</ele><time>2026-09-21T14:04:24Z</time></trkpt>
<trkpt lat="36.954203" lon="140.865956"><ele>19.0</ele><time>2026-09-21T14:04:26Z</time></trkpt>
<trkpt lat="36.954186" lon="140.866299"><ele>19.0</ele><time>2026-09-21T14:04:32Z</time></trkpt>
<trkpt lat="36.954156" lon="140.866492"><ele>19.0</ele><time>2026-09-21T14:04:35Z</time></trkpt>
<trkpt lat="36.954143" lon="140.866632"><ele>18.6</ele><time>2026-09-21T14:04:37Z</time></trkpt>
<trkpt lat="36.954121" lon="140.866914"><ele>18.2</ele><time>2026-09-21T14:04:41Z</time></trkpt>
<trkpt lat="36.954118" lon="140.866984"><ele>18.2</ele><time>2026-09-21T14:04:42Z</time></trkpt>
<trkpt lat="36.954103" lon="140.867142"><ele>18.0</ele><time>2026-09-21T14:04:44Z</time></trkpt>
<trkpt lat="36.954093" lon="140.867283"><ele>18.0</ele><time>2026-09-21T14:04:46Z</time></trkpt>
<trkpt lat="36.954062" lon="140.867636"><ele>18.0</ele><time>2026-09-21T14:04:51Z</time></trkpt>
<trkpt lat="36.954050" lon="140.867860"><ele>18.2</ele><time>2026-09-21T14:04:54Z</time></trkpt>
<trkpt lat="36.954024" lon="140.868170"><ele>18.2</ele><time>2026-09-21T14:04:58Z</time></trkpt>
<trkpt lat="36.954008" lon="140.868407"><ele>18.2</ele><time>2026-09-21T14:05:01Z</time></trkpt>
<trkpt lat="36.953978" lon="140.868799"><ele>18.4</ele><time>2026-09-21T14:05:06Z</time></trkpt>
<trkpt lat="36.953935" lon="140.869114"><ele>18.8</ele><time>2026-09-21T14:05:10Z</time></trkpt>
<trkpt lat="36.953903" lon="140.869270"><ele>19.2</ele><time>2026-09-21T14:05:12Z</time></trkpt>
<trkpt lat="36.953859" lon="140.869426"><ele>19.4</ele><time>2026-09-21T14:05:14Z</time></trkpt>
<trkpt lat="36.953831" lon="140.869501"><ele>19.4</ele><time>2026-09-21T14:05:15Z</time></trkpt>
<trkpt lat="36.953741" lon="140.869715"><ele>19.4</ele><time>2026-09-21T14:05:18Z</time></trkpt>
<trkpt lat="36.953641" lon="140.869928"><ele>18.8</ele><time>2026-09-21T14:05:21Z</time></trkpt>
<trkpt lat="36.953542" lon="140.870156"><ele>18.8</ele><time>2026-09-21T14:05:24Z</time></trkpt>
<trkpt lat="36.953341" lon="140.870596"><ele>18.4</ele><time>2026-09-21T14:05:30Z</time></trkpt>
<trkpt lat="36.953284" lon="140.870750"><ele>18.4</ele><time>2026-09-21T14:05:32Z</time></trkpt>
<trkpt lat="36.953258" lon="140.870831"><ele>18.2</ele><time>2026-09-21T14:05:33Z</time></trkpt>
<trkpt lat="36.953212" lon="140.870999"><ele>18.0</ele><time>2026-09-21T14:05:35Z</time></trkpt>
<trkpt lat="36.953176" lon="140.871168"><ele>17.8</ele><time>2026-09-21T14:05:37Z</time></trkpt>
<trkpt lat="36.953162" lon="140.871268"><ele>17.8</ele><time>2026-09-21T14:05:38Z</time></trkpt>
<trkpt lat="36.953146" lon="140.871344"><ele>17.6</ele><time>2026-09-21T14:05:39Z</time></trkpt>
<trkpt lat="36.953128" lon="140.871400"><ele>17.4</ele><time>2026-09-21T14:05:40Z</time></trkpt>
<trkpt lat="36.953106" lon="140.871493"><ele>17.2</ele><time>2026-09-21T14:05:41Z</time></trkpt>
<trkpt lat="36.953098" lon="140.871571"><ele>17.2</ele><time>2026-09-21T14:05:42Z</time></trkpt>
<trkpt lat="36.953095" lon="140.871821"><ele>16.8</ele><time>2026-09-21T14:05:45Z</time></trkpt>
<trkpt lat="36.953085" lon="140.872000"><ele>16.6</ele><time>2026-09-21T14:05:47Z</time></trkpt>
<trkpt lat="36.953062" lon="140.872338"><ele>16.6</ele><time>2026-09-21T14:05:51Z</time></trkpt>
<trkpt lat="36.953054" lon="140.872493"><ele>16.4</ele><time>2026-09-21T14:05:53Z</time></trkpt>
<trkpt lat="36.953036" lon="140.872760"><ele>16.2</ele><time>2026-09-21T14:05:56Z</time></trkpt>
<trkpt lat="36.953022" lon="140.872922"><ele>16.4</ele><time>2026-09-21T14:05:58Z</time></trkpt>
<trkpt lat="36.953012" lon="140.873100"><ele>16.0</ele><time>2026-09-21T14:06:00Z</time></trkpt>
<trkpt lat="36.952983" lon="140.873495"><ele>15.8</ele><time>2026-09-21T14:06:05Z</time></trkpt>
<trkpt lat="36.952982" lon="140.873566"><ele>15.8</ele><time>2026-09-21T14:06:06Z</time></trkpt>
<trkpt lat="36.952968" lon="140.873725"><ele>15.8</ele><time>2026-09-21T14:06:08Z</time></trkpt>
<trkpt lat="36.952958" lon="140.873805"><ele>15.8</ele><time>2026-09-21T14:06:09Z</time></trkpt>
<trkpt lat="36.952946" lon="140.873948"><ele>15.8</ele><time>2026-09-21T14:06:11Z</time></trkpt>
<trkpt lat="36.952940" lon="140.874046"><ele>16.0</ele><time>2026-09-21T14:06:12Z</time></trkpt>
<trkpt lat="36.952934" lon="140.874206"><ele>16.4</ele><time>2026-09-21T14:06:14Z</time></trkpt>
<trkpt lat="36.952923" lon="140.874355"><ele>16.6</ele><time>2026-09-21T14:06:16Z</time></trkpt>
<trkpt lat="36.952913" lon="140.874531"><ele>16.6</ele><time>2026-09-21T14:06:18Z</time></trkpt>
<trkpt lat="36.952895" lon="140.874666"><ele>16.6</ele><time>2026-09-21T14:06:20Z</time></trkpt>
<trkpt lat="36.952872" lon="140.874895"><ele>16.6</ele><time>2026-09-21T14:06:23Z</time></trkpt>
<trkpt lat="36.952866" lon="140.874974"><ele>16.8</ele><time>2026-09-21T14:06:24Z</time></trkpt>
<trkpt lat="36.952835" lon="140.875216"><ele>16.8</ele><time>2026-09-21T14:06:27Z</time></trkpt>
<trkpt lat="36.952808" lon="140.875359"><ele>16.8</ele><time>2026-09-21T14:06:29Z</time></trkpt>
<trkpt lat="36.952773" lon="140.875513"><ele>16.8</ele><time>2026-09-21T14:06:31Z</time></trkpt>
<trkpt lat="36.952716" lon="140.875720"><ele>16.8</ele><time>2026-09-21T14:06:34Z</time></trkpt>
<trkpt lat="36.952693" lon="140.875789"><ele>16.8</ele><time>2026-09-21T14:06:35Z</time></trkpt>
<trkpt lat="36.952665" lon="140.875862"><ele>16.8</ele><time>2026-09-21T14:06:36Z</time></trkpt>
<trkpt lat="36.952582" lon="140.876044"><ele>17.0</ele><time>2026-09-21T14:06:39Z</time></trkpt>
<trkpt lat="36.952524" lon="140.876163"><ele>17.6</ele><time>2026-09-21T14:06:41Z</time></trkpt>
<trkpt lat="36.952309" lon="140.876560"><ele>18.4</ele><time>2026-09-21T14:06:48Z</time></trkpt>
<trkpt lat="36.952285" lon="140.876610"><ele>18.6</ele><time>2026-09-21T14:06:49Z</time></trkpt>
<trkpt lat="36.952148" lon="140.876858"><ele>20.0</ele><time>2026-09-21T14:06:54Z</time></trkpt>
<trkpt lat="36.951962" lon="140.877211"><ele>21.4</ele><time>2026-09-21T14:07:01Z</time></trkpt>
<trkpt lat="36.951926" lon="140.877273"><ele>21.8</ele><time>2026-09-21T14:07:02Z</time></trkpt>
<trkpt lat="36.951844" lon="140.877427"><ele>22.0</ele><time>2026-09-21T14:07:05Z</time></trkpt>
<trkpt lat="36.951716" lon="140.877655"><ele>22.2</ele><time>2026-09-21T14:07:09Z</time></trkpt>
<trkpt lat="36.951587" lon="140.877892"><ele>22.6</ele><time>2026-09-21T14:07:13Z</time></trkpt>
<trkpt lat="36.951448" lon="140.878139"><ele>22.8</ele><time>2026-09-21T14:07:17Z</time></trkpt>
<trkpt lat="36.951299" lon="140.878391"><ele>22.4</ele><time>2026-09-21T14:07:21Z</time></trkpt>
<trkpt lat="36.951227" lon="140.878519"><ele>21.8</ele><time>2026-09-21T14:07:23Z</time></trkpt>
<trkpt lat="36.951143" lon="140.878656"><ele>21.6</ele><time>2026-09-21T14:07:25Z</time></trkpt>
<trkpt lat="36.951070" lon="140.878781"><ele>21.4</ele><time>2026-09-21T14:07:27Z</time></trkpt>
<trkpt lat="36.950812" lon="140.879261"><ele>21.4</ele><time>2026-09-21T14:07:35Z</time></trkpt>
<trkpt lat="36.950734" lon="140.879397"><ele>21.6</ele><time>2026-09-21T14:07:37Z</time></trkpt>
<trkpt lat="36.950479" lon="140.879882"><ele>22.8</ele><time>2026-09-21T14:07:45Z</time></trkpt>
<trkpt lat="36.950422" lon="140.879999"><ele>23.2</ele><time>2026-09-21T14:07:47Z</time></trkpt>
<trkpt lat="36.950374" lon="140.880110"><ele>23.8</ele><time>2026-09-21T14:07:49Z</time></trkpt>
<trkpt lat="36.950296" lon="140.880317"><ele>24.8</ele><time>2026-09-21T14:07:52Z</time></trkpt>
<trkpt lat="36.950181" lon="140.880639"><ele>25.0</ele><time>2026-09-21T14:07:57Z</time></trkpt>
<trkpt lat="36.949989" lon="140.881162"><ele>23.8</ele><time>2026-09-21T14:08:04Z</time></trkpt>
<trkpt lat="36.949940" lon="140.881303"><ele>23.4</ele><time>2026-09-21T14:08:06Z</time></trkpt>
<trkpt lat="36.949857" lon="140.881567"><ele>23.0</ele><time>2026-09-21T14:08:09Z</time></trkpt>
<trkpt lat="36.949790" lon="140.881824"><ele>22.2</ele><time>2026-09-21T14:08:12Z</time></trkpt>
<trkpt lat="36.949661" lon="140.882346"><ele>21.4</ele><time>2026-09-21T14:08:18Z</time></trkpt>
<trkpt lat="36.949600" lon="140.882584"><ele>20.8</ele><time>2026-09-21T14:08:21Z</time></trkpt>
<trkpt lat="36.949529" lon="140.882839"><ele>20.6</ele><time>2026-09-21T14:08:24Z</time></trkpt>
<trkpt lat="36.949481" lon="140.883024"><ele>20.4</ele><time>2026-09-21T14:08:26Z</time></trkpt>
<trkpt lat="36.949307" lon="140.883726"><ele>19.6</ele><time>2026-09-21T14:08:34Z</time></trkpt>
<trkpt lat="36.949193" lon="140.884157"><ele>18.8</ele><time>2026-09-21T14:08:39Z</time></trkpt>
<trkpt lat="36.949061" lon="140.884712"><ele>17.6</ele><time>2026-09-21T14:08:46Z</time></trkpt>
<trkpt lat="36.948959" lon="140.885108"><ele>17.8</ele><time>2026-09-21T14:08:51Z</time></trkpt>
<trkpt lat="36.948936" lon="140.885206"><ele>18.0</ele><time>2026-09-21T14:08:52Z</time></trkpt>
<trkpt lat="36.948904" lon="140.885372"><ele>18.0</ele><time>2026-09-21T14:08:54Z</time></trkpt>
<trkpt lat="36.948887" lon="140.885520"><ele>18.0</ele><time>2026-09-21T14:08:56Z</time></trkpt>
<trkpt lat="36.948880" lon="140.885703"><ele>17.8</ele><time>2026-09-21T14:08:58Z</time></trkpt>
<trkpt lat="36.948885" lon="140.885868"><ele>17.8</ele><time>2026-09-21T14:09:00Z</time></trkpt>
<trkpt lat="36.948892" lon="140.885947"><ele>17.8</ele><time>2026-09-21T14:09:01Z</time></trkpt>
<trkpt lat="36.948934" lon="140.886169"><ele>17.8</ele><time>2026-09-21T14:09:04Z</time></trkpt>
<trkpt lat="36.949011" lon="140.886495"><ele>17.8</ele><time>2026-09-21T14:09:08Z</time></trkpt>
<trkpt lat="36.949052" lon="140.886646"><ele>17.8</ele><time>2026-09-21T14:09:10Z</time></trkpt>
<trkpt lat="36.949108" lon="140.886869"><ele>18.2</ele><time>2026-09-21T14:09:13Z</time></trkpt>
<trkpt lat="36.949125" lon="140.886927"><ele>18.2</ele><time>2026-09-21T14:09:14Z</time></trkpt>
<trkpt lat="36.949173" lon="140.887073"><ele>18.2</ele><time>2026-09-21T14:09:16Z</time></trkpt>
<trkpt lat="36.949203" lon="140.887201"><ele>18.2</ele><time>2026-09-21T14:09:18Z</time></trkpt>
<trkpt lat="36.949237" lon="140.887363"><ele>18.4</ele><time>2026-09-21T14:09:21Z</time></trkpt>
<trkpt lat="36.949264" lon="140.887468"><ele>18.4</ele><time>2026-09-21T14:09:23Z</time></trkpt>
<trkpt lat="36.949295" lon="140.887566"><ele>18.4</ele><time>2026-09-21T14:09:25Z</time></trkpt>
<trkpt lat="36.949330" lon="140.887722"><ele>18.6</ele><time>2026-09-21T14:09:28Z</time></trkpt>
<trkpt lat="36.949348" lon="140.887831"><ele>18.8</ele><time>2026-09-21T14:09:30Z</time></trkpt>
<trkpt lat="36.949371" lon="140.887928"><ele>18.8</ele><time>2026-09-21T14:09:32Z</time></trkpt>
<trkpt lat="36.949378" lon="140.887994"><ele>18.8</ele><time>2026-09-21T14:09:33Z</time></trkpt>
<trkpt lat="36.949374" lon="140.888124"><ele>18.8</ele><time>2026-09-21T14:09:35Z</time></trkpt>
<trkpt lat="36.949379" lon="140.888305"><ele>18.6</ele><time>2026-09-21T14:09:38Z</time></trkpt>
<trkpt lat="36.949348" lon="140.888599"><ele>18.4</ele><time>2026-09-21T14:09:42Z</time></trkpt>
<trkpt lat="36.949308" lon="140.888805"><ele>18.4</ele><time>2026-09-21T14:09:45Z</time></trkpt>
<trkpt lat="36.949285" lon="140.888895"><ele>18.4</ele><time>2026-09-21T14:09:46Z</time></trkpt>
<trkpt lat="36.949253" lon="140.889045"><ele>18.4</ele><time>2026-09-21T14:09:48Z</time></trkpt>
<trkpt lat="36.949227" lon="140.889190"><ele>18.4</ele><time>2026-09-21T14:09:50Z</time></trkpt>
<trkpt lat="36.949191" lon="140.889475"><ele>18.4</ele><time>2026-09-21T14:09:54Z</time></trkpt>
<trkpt lat="36.949119" lon="140.889878"><ele>19.0</ele><time>2026-09-21T14:09:59Z</time></trkpt>
<trkpt lat="36.949093" lon="140.890035"><ele>19.2</ele><time>2026-09-21T14:10:01Z</time></trkpt>
<trkpt lat="36.949084" lon="140.890110"><ele>19.4</ele><time>2026-09-21T14:10:02Z</time></trkpt>
<trkpt lat="36.949044" lon="140.890338"><ele>19.2</ele><time>2026-09-21T14:10:05Z</time></trkpt>
<trkpt lat="36.949007" lon="140.890568"><ele>19.2</ele><time>2026-09-21T14:10:08Z</time></trkpt>
<trkpt lat="36.948978" lon="140.890722"><ele>19.2</ele><time>2026-09-21T14:10:10Z</time></trkpt>
<trkpt lat="36.948955" lon="140.890860"><ele>19.2</ele><time>2026-09-21T14:10:12Z</time></trkpt>
<trkpt lat="36.948941" lon="140.890957"><ele>19.0</ele><time>2026-09-21T14:10:13Z</time></trkpt>
<trkpt lat="36.948914" lon="140.891177"><ele>18.8</ele><time>2026-09-21T14:10:16Z</time></trkpt>
<trkpt lat="36.948908" lon="140.891269"><ele>18.8</ele><time>2026-09-21T14:10:17Z</time></trkpt>
<trkpt lat="36.948904" lon="140.891496"><ele>18.8</ele><time>2026-09-21T14:10:20Z</time></trkpt>
<trkpt lat="36.948907" lon="140.891642"><ele>18.6</ele><time>2026-09-21T14:10:22Z</time></trkpt>
<trkpt lat="36.948912" lon="140.891714"><ele>18.6</ele><time>2026-09-21T14:10:23Z</time></trkpt>
<trkpt lat="36.948931" lon="140.891868"><ele>18.4</ele><time>2026-09-21T14:10:25Z</time></trkpt>
<trkpt lat="36.948949" lon="140.892091"><ele>18.2</ele><time>2026-09-21T14:10:28Z</time></trkpt>
<trkpt lat="36.948960" lon="140.892166"><ele>18.2</ele><time>2026-09-21T14:10:29Z</time></trkpt>
<trkpt lat="36.948974" lon="140.892225"><ele>18.2</ele><time>2026-09-21T14:10:30Z</time></trkpt>
<trkpt lat="36.949007" lon="140.892387"><ele>18.2</ele><time>2026-09-21T14:10:32Z</time></trkpt>
<trkpt lat="36.949025" lon="140.892460"><ele>18.0</ele><time>2026-09-21T14:10:33Z</time></trkpt>
<trkpt lat="36.949121" lon="140.892892"><ele>18.2</ele><time>2026-09-21T14:10:39Z</time></trkpt>
<trkpt lat="36.949162" lon="140.893050"><ele>18.4</ele><time>2026-09-21T14:10:41Z</time></trkpt>
<trkpt lat="36.949213" lon="140.893273"><ele>18.4</ele><time>2026-09-21T14:10:44Z</time></trkpt>
<trkpt lat="36.949255" lon="140.893477"><ele>18.4</ele><time>2026-09-21T14:10:47Z</time></trkpt>
<trkpt lat="36.949292" lon="140.893634"><ele>18.4</ele><time>2026-09-21T14:10:49Z</time></trkpt>
<trkpt lat="36.949307" lon="140.893706"><ele>18.2</ele><time>2026-09-21T14:10:50Z</time></trkpt>
<trkpt lat="36.949344" lon="140.893927"><ele>18.2</ele><time>2026-09-21T14:10:53Z</time></trkpt>
<trkpt lat="36.949356" lon="140.893983"><ele>18.2</ele><time>2026-09-21T14:10:54Z</time></trkpt>
<trkpt lat="36.949371" lon="140.894071"><ele>18.2</ele><time>2026-09-21T14:10:55Z</time></trkpt>
<trkpt lat="36.949391" lon="140.894206"><ele>18.2</ele><time>2026-09-21T14:10:57Z</time></trkpt>
<trkpt lat="36.949444" lon="140.894511"><ele>18.2</ele><time>2026-09-21T14:11:01Z</time></trkpt>
<trkpt lat="36.949453" lon="140.894585"><ele>18.4</ele><time>2026-09-21T14:11:02Z</time></trkpt>
<trkpt lat="36.949459" lon="140.894659"><ele>18.4</ele><time>2026-09-21T14:11:03Z</time></trkpt>
<trkpt lat="36.949464" lon="140.894737"><ele>18.4</ele><time>2026-09-21T14:11:04Z</time></trkpt>
<trkpt lat="36.949464" lon="140.894799"><ele>18.4</ele><time>2026-09-21T14:11:05Z</time></trkpt>
<trkpt lat="36.949467" lon="140.894877"><ele>18.4</ele><time>2026-09-21T14:11:06Z</time></trkpt>
<trkpt lat="36.949482" lon="140.895176"><ele>18.6</ele><time>2026-09-21T14:11:10Z</time></trkpt>
<trkpt lat="36.949482" lon="140.895264"><ele>18.8</ele><time>2026-09-21T14:11:11Z</time></trkpt>
<trkpt lat="36.949459" lon="140.895724"><ele>19.0</ele><time>2026-09-21T14:11:17Z</time></trkpt>
<trkpt lat="36.949441" lon="140.895953"><ele>18.8</ele><time>2026-09-21T14:11:20Z</time></trkpt>
<trkpt lat="36.949423" lon="140.896107"><ele>18.8</ele><time>2026-09-21T14:11:22Z</time></trkpt>
<trkpt lat="36.949403" lon="140.896330"><ele>18.6</ele><time>2026-09-21T14:11:25Z</time></trkpt>
<trkpt lat="36.949386" lon="140.896565"><ele>18.4</ele><time>2026-09-21T14:11:28Z</time></trkpt>
<trkpt lat="36.949369" lon="140.896736"><ele>18.4</ele><time>2026-09-21T14:11:30Z</time></trkpt>
<trkpt lat="36.949359" lon="140.896870"><ele>18.2</ele><time>2026-09-21T14:11:32Z</time></trkpt>
<trkpt lat="36.949342" lon="140.897022"><ele>18.2</ele><time>2026-09-21T14:11:34Z</time></trkpt>
<trkpt lat="36.949318" lon="140.897340"><ele>18.4</ele><time>2026-09-21T14:11:38Z</time></trkpt>
<trkpt lat="36.949301" lon="140.897474"><ele>19.0</ele><time>2026-09-21T14:11:40Z</time></trkpt>
<trkpt lat="36.949289" lon="140.897529"><ele>19.2</ele><time>2026-09-21T14:11:41Z</time></trkpt>
<trkpt lat="36.949271" lon="140.897567"><ele>19.4</ele><time>2026-09-21T14:11:42Z</time></trkpt>
<trkpt lat="36.949233" lon="140.897615"><ele>19.4</ele><time>2026-09-21T14:11:43Z</time></trkpt>
<trkpt lat="36.949198" lon="140.897644"><ele>19.6</ele><time>2026-09-21T14:11:44Z</time></trkpt>
<trkpt lat="36.949044" lon="140.897757"><ele>19.8</ele><time>2026-09-21T14:11:48Z</time></trkpt>
<trkpt lat="36.948918" lon="140.897829"><ele>20.0</ele><time>2026-09-21T14:11:51Z</time></trkpt>
<trkpt lat="36.948863" lon="140.897864"><ele>20.2</ele><time>2026-09-21T14:11:52Z</time></trkpt>
<trkpt lat="36.948770" lon="140.897926"><ele>20.2</ele><time>2026-09-21T14:11:54Z</time></trkpt>
<trkpt lat="36.948629" lon="140.898029"><ele>20.2</ele><time>2026-09-21T14:11:57Z</time></trkpt>
<trkpt lat="36.948584" lon="140.898066"><ele>20.2</ele><time>2026-09-21T14:11:58Z</time></trkpt>
<trkpt lat="36.948540" lon="140.898109"><ele>20.2</ele><time>2026-09-21T14:11:59Z</time></trkpt>
<trkpt lat="36.948457" lon="140.898202"><ele>20.2</ele><time>2026-09-21T14:12:01Z</time></trkpt>
<trkpt lat="36.948380" lon="140.898294"><ele>20.2</ele><time>2026-09-21T14:12:03Z</time></trkpt>
<trkpt lat="36.948306" lon="140.898388"><ele>20.0</ele><time>2026-09-21T14:12:05Z</time></trkpt>
<trkpt lat="36.948231" lon="140.898496"><ele>20.2</ele><time>2026-09-21T14:12:07Z</time></trkpt>
<trkpt lat="36.948168" lon="140.898593"><ele>20.2</ele><time>2026-09-21T14:12:09Z</time></trkpt>
<trkpt lat="36.948124" lon="140.898655"><ele>20.2</ele><time>2026-09-21T14:12:10Z</time></trkpt>
<trkpt lat="36.948053" lon="140.898762"><ele>20.2</ele><time>2026-09-21T14:12:12Z</time></trkpt>
<trkpt lat="36.947905" lon="140.898967"><ele>21.0</ele><time>2026-09-21T14:12:16Z</time></trkpt>
<trkpt lat="36.947834" lon="140.899077"><ele>21.0</ele><time>2026-09-21T14:12:18Z</time></trkpt>
<trkpt lat="36.947722" lon="140.899244"><ele>21.2</ele><time>2026-09-21T14:12:21Z</time></trkpt>
<trkpt lat="36.947623" lon="140.899418"><ele>21.2</ele><time>2026-09-21T14:12:24Z</time></trkpt>
<trkpt lat="36.947564" lon="140.899554"><ele>21.2</ele><time>2026-09-21T14:12:26Z</time></trkpt>
<trkpt lat="36.947531" lon="140.899639"><ele>21.2</ele><time>2026-09-21T14:12:27Z</time></trkpt>
<trkpt lat="36.947508" lon="140.899710"><ele>21.2</ele><time>2026-09-21T14:12:28Z</time></trkpt>
<trkpt lat="36.947471" lon="140.899853"><ele>21.0</ele><time>2026-09-21T14:12:30Z</time></trkpt>
<trkpt lat="36.947459" lon="140.899912"><ele>21.0</ele><time>2026-09-21T14:12:31Z</time></trkpt>
<trkpt lat="36.947445" lon="140.899998"><ele>20.8</ele><time>2026-09-21T14:12:32Z</time></trkpt>
<trkpt lat="36.947438" lon="140.900072"><ele>20.8</ele><time>2026-09-21T14:12:33Z</time></trkpt>
<trkpt lat="36.947420" lon="140.900358"><ele>19.8</ele><time>2026-09-21T14:12:37Z</time></trkpt>
<trkpt lat="36.947414" lon="140.900587"><ele>19.4</ele><time>2026-09-21T14:12:40Z</time></trkpt>
<trkpt lat="36.947414" lon="140.900661"><ele>19.4</ele><time>2026-09-21T14:12:41Z</time></trkpt>
<trkpt lat="36.947408" lon="140.900808"><ele>19.4</ele><time>2026-09-21T14:12:43Z</time></trkpt>
<trkpt lat="36.947411" lon="140.900961"><ele>20.0</ele><time>2026-09-21T14:12:45Z</time></trkpt>
<trkpt lat="36.947403" lon="140.901266"><ele>20.4</ele><time>2026-09-21T14:12:50Z</time></trkpt>
<trkpt lat="36.947393" lon="140.901364"><ele>20.4</ele><time>2026-09-21T14:12:54Z</time></trkpt>
<trkpt lat="36.947396" lon="140.901391"><ele>22.0</ele><time>2026-09-21T14:13:12Z</time></trkpt>
<trkpt lat="36.947403" lon="140.901420"><ele>22.0</ele><time>2026-09-21T14:13:13Z</time></trkpt>
<trkpt lat="36.947417" lon="140.901446"><ele>22.0</ele><time>2026-09-21T14:13:14Z</time></trkpt>
<trkpt lat="36.947436" lon="140.901470"><ele>22.0</ele><time>2026-09-21T14:13:15Z</time></trkpt>
<trkpt lat="36.947458" lon="140.901492"><ele>22.2</ele><time>2026-09-21T14:13:16Z</time></trkpt>
<trkpt lat="36.947486" lon="140.901508"><ele>22.2</ele><time>2026-09-21T14:13:17Z</time></trkpt>
<trkpt lat="36.947517" lon="140.901521"><ele>22.4</ele><time>2026-09-21T14:13:18Z</time></trkpt>
<trkpt lat="36.947554" lon="140.901531"><ele>22.6</ele><time>2026-09-21T14:13:19Z</time></trkpt>
<trkpt lat="36.947596" lon="140.901537"><ele>22.8</ele><time>2026-09-21T14:13:20Z</time></trkpt>
<trkpt lat="36.948188" lon="140.901584"><ele>19.0</ele><time>2026-09-21T14:13:33Z</time></trkpt>
<trkpt lat="36.948439" lon="140.901595"><ele>18.8</ele><time>2026-09-21T14:13:38Z</time></trkpt>
<trkpt lat="36.948533" lon="140.901596"><ele>18.6</ele><time>2026-09-21T14:13:40Z</time></trkpt>
<trkpt lat="36.948665" lon="140.901605"><ele>18.4</ele><time>2026-09-21T14:13:43Z</time></trkpt>
<trkpt lat="36.948820" lon="140.901630"><ele>18.8</ele><time>2026-09-21T14:13:47Z</time></trkpt>
<trkpt lat="36.948945" lon="140.901626"><ele>19.4</ele><time>2026-09-21T14:13:50Z</time></trkpt>
<trkpt lat="36.949019" lon="140.901628"><ele>19.4</ele><time>2026-09-21T14:13:52Z</time></trkpt>
<trkpt lat="36.949093" lon="140.901637"><ele>19.6</ele><time>2026-09-21T14:13:54Z</time></trkpt>
<trkpt lat="36.949242" lon="140.901650"><ele>19.6</ele><time>2026-09-21T14:13:58Z</time></trkpt>
<trkpt lat="36.949320" lon="140.901654"><ele>19.6</ele><time>2026-09-21T14:14:00Z</time></trkpt>
<trkpt lat="36.949437" lon="140.901655"><ele>19.6</ele><time>2026-09-21T14:14:03Z</time></trkpt>
<trkpt lat="36.949514" lon="140.901663"><ele>19.8</ele><time>2026-09-21T14:14:05Z</time></trkpt>
<trkpt lat="36.949788" lon="140.901676"><ele>20.2</ele><time>2026-09-21T14:14:12Z</time></trkpt>
<trkpt lat="36.949866" lon="140.901675"><ele>20.2</ele><time>2026-09-21T14:14:14Z</time></trkpt>
<trkpt lat="36.949977" lon="140.901686"><ele>20.2</ele><time>2026-09-21T14:14:17Z</time></trkpt>
<trkpt lat="36.950015" lon="140.901687"><ele>20.2</ele><time>2026-09-21T14:14:18Z</time></trkpt>
<trkpt lat="36.950052" lon="140.901692"><ele>20.2</ele><time>2026-09-21T14:14:19Z</time></trkpt>
<trkpt lat="36.950095" lon="140.901691"><ele>20.2</ele><time>2026-09-21T14:14:20Z</time></trkpt>
<trkpt lat="36.950290" lon="140.901716"><ele>20.2</ele><time>2026-09-21T14:14:25Z</time></trkpt>
<trkpt lat="36.950358" lon="140.901731"><ele>20.4</ele><time>2026-09-21T14:14:27Z</time></trkpt>
<trkpt lat="36.950478" lon="140.901747"><ele>20.4</ele><time>2026-09-21T14:14:30Z</time></trkpt>
<trkpt lat="36.950562" lon="140.901761"><ele>20.2</ele><time>2026-09-21T14:14:32Z</time></trkpt>
<trkpt lat="36.950608" lon="140.901755"><ele>20.0</ele><time>2026-09-21T14:14:33Z</time></trkpt>
<trkpt lat="36.950652" lon="140.901760"><ele>19.6</ele><time>2026-09-21T14:14:34Z</time></trkpt>
<trkpt lat="36.950734" lon="140.901776"><ele>19.6</ele><time>2026-09-21T14:14:36Z</time></trkpt>
<trkpt lat="36.950808" lon="140.901794"><ele>19.4</ele><time>2026-09-21T14:14:38Z</time></trkpt>
<trkpt lat="36.950884" lon="140.901803"><ele>19.2</ele><time>2026-09-21T14:14:40Z</time></trkpt>
<trkpt lat="36.951055" lon="140.901842"><ele>19.4</ele><time>2026-09-21T14:14:44Z</time></trkpt>
<trkpt lat="36.951096" lon="140.901853"><ele>19.2</ele><time>2026-09-21T14:14:45Z</time></trkpt>
<trkpt lat="36.951181" lon="140.901881"><ele>19.0</ele><time>2026-09-21T14:14:47Z</time></trkpt>
<trkpt lat="36.951340" lon="140.901938"><ele>18.4</ele><time>2026-09-21T14:14:51Z</time></trkpt>
<trkpt lat="36.951386" lon="140.901950"><ele>18.0</ele><time>2026-09-21T14:14:52Z</time></trkpt>
<trkpt lat="36.951497" lon="140.901999"><ele>17.8</ele><time>2026-09-21T14:14:55Z</time></trkpt>
<trkpt lat="36.951583" lon="140.902023"><ele>18.0</ele><time>2026-09-21T14:14:57Z</time></trkpt>
<trkpt lat="36.951668" lon="140.902051"><ele>18.8</ele><time>2026-09-21T14:14:59Z</time></trkpt>
<trkpt lat="36.951747" lon="140.902081"><ele>19.6</ele><time>2026-09-21T14:15:01Z</time></trkpt>
<trkpt lat="36.951832" lon="140.902109"><ele>19.8</ele><time>2026-09-21T14:15:03Z</time></trkpt>
<trkpt lat="36.951955" lon="140.902158"><ele>19.8</ele><time>2026-09-21T14:15:06Z</time></trkpt>
<trkpt lat="36.952002" lon="140.902167"><ele>20.0</ele><time>2026-09-21T14:15:07Z</time></trkpt>
<trkpt lat="36.952128" lon="140.902211"><ele>20.0</ele><time>2026-09-21T14:15:10Z</time></trkpt>
<trkpt lat="36.952238" lon="140.902264"><ele>20.0</ele><time>2026-09-21T14:15:13Z</time></trkpt>
<trkpt lat="36.952317" lon="140.902299"><ele>20.2</ele><time>2026-09-21T14:15:15Z</time></trkpt>
<trkpt lat="36.952359" lon="140.902314"><ele>20.2</ele><time>2026-09-21T14:15:16Z</time></trkpt>
<trkpt lat="36.952483" lon="140.902366"><ele>20.2</ele><time>2026-09-21T14:15:19Z</time></trkpt>
<trkpt lat="36.952565" lon="140.902396"><ele>20.0</ele><time>2026-09-21T14:15:21Z</time></trkpt>
<trkpt lat="36.952642" lon="140.902434"><ele>20.0</ele><time>2026-09-21T14:15:23Z</time></trkpt>
<trkpt lat="36.952761" lon="140.902486"><ele>20.0</ele><time>2026-09-21T14:15:26Z</time></trkpt>
<trkpt lat="36.952796" lon="140.902508"><ele>19.8</ele><time>2026-09-21T14:15:27Z</time></trkpt>
<trkpt lat="36.952832" lon="140.902527"><ele>19.6</ele><time>2026-09-21T14:15:28Z</time></trkpt>
<trkpt lat="36.952871" lon="140.902540"><ele>19.6</ele><time>2026-09-21T14:15:29Z</time></trkpt>
<trkpt lat="36.952991" lon="140.902588"><ele>19.2</ele><time>2026-09-21T14:15:32Z</time></trkpt>
<trkpt lat="36.953074" lon="140.902618"><ele>19.0</ele><time>2026-09-21T14:15:34Z</time></trkpt>
<trkpt lat="36.953114" lon="140.902637"><ele>19.0</ele><time>2026-09-21T14:15:35Z</time></trkpt>
<trkpt lat="36.953236" lon="140.902682"><ele>18.8</ele><time>2026-09-21T14:15:38Z</time></trkpt>
<trkpt lat="36.953349" lon="140.902737"><ele>18.4</ele><time>2026-09-21T14:15:41Z</time></trkpt>
<trkpt lat="36.953427" lon="140.902772"><ele>18.4</ele><time>2026-09-21T14:15:43Z</time></trkpt>
<trkpt lat="36.953587" lon="140.902837"><ele>18.4</ele><time>2026-09-21T14:15:47Z</time></trkpt>
<trkpt lat="36.953668" lon="140.902867"><ele>18.4</ele><time>2026-09-21T14:15:49Z</time></trkpt>
<trkpt lat="36.953746" lon="140.902903"><ele>18.4</ele><time>2026-09-21T14:15:51Z</time></trkpt>
<trkpt lat="36.953830" lon="140.902932"><ele>18.4</ele><time>2026-09-21T14:15:53Z</time></trkpt>
<trkpt lat="36.953906" lon="140.902968"><ele>18.4</ele><time>2026-09-21T14:15:55Z</time></trkpt>
<trkpt lat="36.953980" lon="140.903000"><ele>18.2</ele><time>2026-09-21T14:15:57Z</time></trkpt>
<trkpt lat="36.954056" lon="140.903028"><ele>18.2</ele><time>2026-09-21T14:15:59Z</time></trkpt>
<trkpt lat="36.954135" lon="140.903065"><ele>18.2</ele><time>2026-09-21T14:16:01Z</time></trkpt>
<trkpt lat="36.954315" lon="140.903132"><ele>18.8</ele><time>2026-09-21T14:16:05Z</time></trkpt>
<trkpt lat="36.954410" lon="140.903162"><ele>19.2</ele><time>2026-09-21T14:16:07Z</time></trkpt>
<trkpt lat="36.954551" lon="140.903213"><ele>19.6</ele><time>2026-09-21T14:16:10Z</time></trkpt>
<trkpt lat="36.954603" lon="140.903218"><ele>19.6</ele><time>2026-09-21T14:16:11Z</time></trkpt>
<trkpt lat="36.954652" lon="140.903218"><ele>19.6</ele><time>2026-09-21T14:16:12Z</time></trkpt>
<trkpt lat="36.954700" lon="140.903213"><ele>19.4</ele><time>2026-09-21T14:16:13Z</time></trkpt>
<trkpt lat="36.954742" lon="140.903199"><ele>19.2</ele><time>2026-09-21T14:16:14Z</time></trkpt>
<trkpt lat="36.954780" lon="140.903175"><ele>19.2</ele><time>2026-09-21T14:16:15Z</time></trkpt>
<trkpt lat="36.954814" lon="140.903146"><ele>19.0</ele><time>2026-09-21T14:16:16Z</time></trkpt>
<trkpt lat="36.954848" lon="140.903110"><ele>19.0</ele><time>2026-09-21T14:16:17Z</time></trkpt>
<trkpt lat="36.954878" lon="140.903072"><ele>19.0</ele><time>2026-09-21T14:16:18Z</time></trkpt>
<trkpt lat="36.955044" lon="140.902877"><ele>19.0</ele><time>2026-09-21T14:16:23Z</time></trkpt>
<trkpt lat="36.955106" lon="140.902798"><ele>19.4</ele><time>2026-09-21T14:16:25Z</time></trkpt>
<trkpt lat="36.955162" lon="140.902717"><ele>19.6</ele><time>2026-09-21T14:16:27Z</time></trkpt>
<trkpt lat="36.955263" lon="140.902600"><ele>20.2</ele><time>2026-09-21T14:16:30Z</time></trkpt>
<trkpt lat="36.955411" lon="140.902441"><ele>20.4</ele><time>2026-09-21T14:16:34Z</time></trkpt>
<trkpt lat="36.955443" lon="140.902400"><ele>20.4</ele><time>2026-09-21T14:16:35Z</time></trkpt>
<trkpt lat="36.955515" lon="140.902317"><ele>20.6</ele><time>2026-09-21T14:16:37Z</time></trkpt>
<trkpt lat="36.955589" lon="140.902239"><ele>20.6</ele><time>2026-09-21T14:16:39Z</time></trkpt>
<trkpt lat="36.955666" lon="140.902153"><ele>20.6</ele><time>2026-09-21T14:16:41Z</time></trkpt>
<trkpt lat="36.955893" lon="140.901921"><ele>20.4</ele><time>2026-09-21T14:16:47Z</time></trkpt>
<trkpt lat="36.956115" lon="140.901689"><ele>20.2</ele><time>2026-09-21T14:16:53Z</time></trkpt>
<trkpt lat="36.956262" lon="140.901543"><ele>21.0</ele><time>2026-09-21T14:16:57Z</time></trkpt>
<trkpt lat="36.956452" lon="140.901336"><ele>21.4</ele><time>2026-09-21T14:17:02Z</time></trkpt>
<trkpt lat="36.956563" lon="140.901223"><ele>21.2</ele><time>2026-09-21T14:17:05Z</time></trkpt>
<trkpt lat="36.956641" lon="140.901149"><ele>21.0</ele><time>2026-09-21T14:17:07Z</time></trkpt>
<trkpt lat="36.956791" lon="140.901000"><ele>21.0</ele><time>2026-09-21T14:17:11Z</time></trkpt>
<trkpt lat="36.956937" lon="140.900847"><ele>21.2</ele><time>2026-09-21T14:17:15Z</time></trkpt>
<trkpt lat="36.957125" lon="140.900659"><ele>21.6</ele><time>2026-09-21T14:17:20Z</time></trkpt>
<trkpt lat="36.957200" lon="140.900589"><ele>21.6</ele><time>2026-09-21T14:17:22Z</time></trkpt>
<trkpt lat="36.957458" lon="140.900324"><ele>20.8</ele><time>2026-09-21T14:17:29Z</time></trkpt>
<trkpt lat="36.957495" lon="140.900291"><ele>20.8</ele><time>2026-09-21T14:17:30Z</time></trkpt>
<trkpt lat="36.957648" lon="140.900139"><ele>20.8</ele><time>2026-09-21T14:17:34Z</time></trkpt>
<trkpt lat="36.957761" lon="140.900018"><ele>21.0</ele><time>2026-09-21T14:17:37Z</time></trkpt>
<trkpt lat="36.957833" lon="140.899935"><ele>21.0</ele><time>2026-09-21T14:17:39Z</time></trkpt>
<trkpt lat="36.957910" lon="140.899851"><ele>21.0</ele><time>2026-09-21T14:17:41Z</time></trkpt>
<trkpt lat="36.957990" lon="140.899774"><ele>21.0</ele><time>2026-09-21T14:17:43Z</time></trkpt>
<trkpt lat="36.958245" lon="140.899509"><ele>21.2</ele><time>2026-09-21T14:17:50Z</time></trkpt>
<trkpt lat="36.958282" lon="140.899476"><ele>21.2</ele><time>2026-09-21T14:17:51Z</time></trkpt>
<trkpt lat="36.958368" lon="140.899412"><ele>21.4</ele><time>2026-09-21T14:17:53Z</time></trkpt>
<trkpt lat="36.958409" lon="140.899374"><ele>21.4</ele><time>2026-09-21T14:17:54Z</time></trkpt>
<trkpt lat="36.958525" lon="140.899258"><ele>21.8</ele><time>2026-09-21T14:17:57Z</time></trkpt>
<trkpt lat="36.958692" lon="140.899098"><ele>21.6</ele><time>2026-09-21T14:18:01Z</time></trkpt>
<trkpt lat="36.958737" lon="140.899052"><ele>21.6</ele><time>2026-09-21T14:18:02Z</time></trkpt>
<trkpt lat="36.958991" lon="140.898810"><ele>21.4</ele><time>2026-09-21T14:18:08Z</time></trkpt>
<trkpt lat="36.959235" lon="140.898566"><ele>21.4</ele><time>2026-09-21T14:18:14Z</time></trkpt>
<trkpt lat="36.959357" lon="140.898452"><ele>21.2</ele><time>2026-09-21T14:18:17Z</time></trkpt>
<trkpt lat="36.959556" lon="140.898251"><ele>21.0</ele><time>2026-09-21T14:18:22Z</time></trkpt>
<trkpt lat="36.959598" lon="140.898212"><ele>21.0</ele><time>2026-09-21T14:18:23Z</time></trkpt>
<trkpt lat="36.959795" lon="140.898016"><ele>21.0</ele><time>2026-09-21T14:18:28Z</time></trkpt>
<trkpt lat="36.959872" lon="140.897935"><ele>20.8</ele><time>2026-09-21T14:18:30Z</time></trkpt>
<trkpt lat="36.959953" lon="140.897845"><ele>21.0</ele><time>2026-09-21T14:18:32Z</time></trkpt>
<trkpt lat="36.960031" lon="140.897768"><ele>21.0</ele><time>2026-09-21T14:18:34Z</time></trkpt>
<trkpt lat="36.960192" lon="140.897620"><ele>21.0</ele><time>2026-09-21T14:18:38Z</time></trkpt>
<trkpt lat="36.960271" lon="140.897538"><ele>21.2</ele><time>2026-09-21T14:18:40Z</time></trkpt>
<trkpt lat="36.960354" lon="140.897459"><ele>21.2</ele><time>2026-09-21T14:18:42Z</time></trkpt>
<trkpt lat="36.960436" lon="140.897374"><ele>21.2</ele><time>2026-09-21T14:18:44Z</time></trkpt>
<trkpt lat="36.960518" lon="140.897295"><ele>21.2</ele><time>2026-09-21T14:18:46Z</time></trkpt>
<trkpt lat="36.960825" lon="140.896987"><ele>20.8</ele><time>2026-09-21T14:18:54Z</time></trkpt>
<trkpt lat="36.960899" lon="140.896917"><ele>20.6</ele><time>2026-09-21T14:18:56Z</time></trkpt>
<trkpt lat="36.961169" lon="140.896671"><ele>20.2</ele><time>2026-09-21T14:19:03Z</time></trkpt>
<trkpt lat="36.961373" lon="140.896501"><ele>20.0</ele><time>2026-09-21T14:19:08Z</time></trkpt>
<trkpt lat="36.961616" lon="140.896289"><ele>20.2</ele><time>2026-09-21T14:19:14Z</time></trkpt>
<trkpt lat="36.961738" lon="140.896178"><ele>20.4</ele><time>2026-09-21T14:19:17Z</time></trkpt>
<trkpt lat="36.961856" lon="140.896080"><ele>20.6</ele><time>2026-09-21T14:19:20Z</time></trkpt>
<trkpt lat="36.961972" lon="140.895973"><ele>20.8</ele><time>2026-09-21T14:19:23Z</time></trkpt>
<trkpt lat="36.962078" lon="140.895871"><ele>20.8</ele><time>2026-09-21T14:19:26Z</time></trkpt>
<trkpt lat="36.962376" lon="140.895610"><ele>20.6</ele><time>2026-09-21T14:19:34Z</time></trkpt>
<trkpt lat="36.962540" lon="140.895458"><ele>20.8</ele><time>2026-09-21T14:19:38Z</time></trkpt>
<trkpt lat="36.962706" lon="140.895309"><ele>21.0</ele><time>2026-09-21T14:19:42Z</time></trkpt>
<trkpt lat="36.962827" lon="140.895202"><ele>21.4</ele><time>2026-09-21T14:19:45Z</time></trkpt>
<trkpt lat="36.962978" lon="140.895081"><ele>21.0</ele><time>2026-09-21T14:19:49Z</time></trkpt>
<trkpt lat="36.963050" lon="140.895013"><ele>20.6</ele><time>2026-09-21T14:19:51Z</time></trkpt>
<trkpt lat="36.963091" lon="140.894979"><ele>20.4</ele><time>2026-09-21T14:19:52Z</time></trkpt>
<trkpt lat="36.963264" lon="140.894816"><ele>20.0</ele><time>2026-09-21T14:19:56Z</time></trkpt>
<trkpt lat="36.963430" lon="140.894667"><ele>19.8</ele><time>2026-09-21T14:20:00Z</time></trkpt>
<trkpt lat="36.963562" lon="140.894553"><ele>19.8</ele><time>2026-09-21T14:20:03Z</time></trkpt>
<trkpt lat="36.963608" lon="140.894517"><ele>20.2</ele><time>2026-09-21T14:20:04Z</time></trkpt>
<trkpt lat="36.963920" lon="140.894242"><ele>20.8</ele><time>2026-09-21T14:20:11Z</time></trkpt>
<trkpt lat="36.964006" lon="140.894169"><ele>20.4</ele><time>2026-09-21T14:20:13Z</time></trkpt>
<trkpt lat="36.964249" lon="140.893948"><ele>20.0</ele><time>2026-09-21T14:20:19Z</time></trkpt>
<trkpt lat="36.964374" lon="140.893841"><ele>20.0</ele><time>2026-09-21T14:20:22Z</time></trkpt>
<trkpt lat="36.964494" lon="140.893733"><ele>20.8</ele><time>2026-09-21T14:20:25Z</time></trkpt>
<trkpt lat="36.964620" lon="140.893630"><ele>21.4</ele><time>2026-09-21T14:20:28Z</time></trkpt>
<trkpt lat="36.964819" lon="140.893458"><ele>21.6</ele><time>2026-09-21T14:20:33Z</time></trkpt>
<trkpt lat="36.964888" lon="140.893403"><ele>21.6</ele><time>2026-09-21T14:20:35Z</time></trkpt>
<trkpt lat="36.965039" lon="140.893269"><ele>21.6</ele><time>2026-09-21T14:20:39Z</time></trkpt>
<trkpt lat="36.965147" lon="140.893169"><ele>21.8</ele><time>2026-09-21T14:20:42Z</time></trkpt>
<trkpt lat="36.965231" lon="140.893095"><ele>22.0</ele><time>2026-09-21T14:20:44Z</time></trkpt>
<trkpt lat="36.965312" lon="140.893028"><ele>21.4</ele><time>2026-09-21T14:20:46Z</time></trkpt>
<trkpt lat="36.965354" lon="140.892989"><ele>21.2</ele><time>2026-09-21T14:20:47Z</time></trkpt>
<trkpt lat="36.965427" lon="140.892914"><ele>20.8</ele><time>2026-09-21T14:20:49Z</time></trkpt>
<trkpt lat="36.965615" lon="140.892736"><ele>20.8</ele><time>2026-09-21T14:20:54Z</time></trkpt>
<trkpt lat="36.965776" lon="140.892598"><ele>20.6</ele><time>2026-09-21T14:20:58Z</time></trkpt>
<trkpt lat="36.965899" lon="140.892485"><ele>20.8</ele><time>2026-09-21T14:21:01Z</time></trkpt>
<trkpt lat="36.966098" lon="140.892313"><ele>20.6</ele><time>2026-09-21T14:21:06Z</time></trkpt>
<trkpt lat="36.966214" lon="140.892206"><ele>20.4</ele><time>2026-09-21T14:21:09Z</time></trkpt>
<trkpt lat="36.966383" lon="140.892056"><ele>20.0</ele><time>2026-09-21T14:21:13Z</time></trkpt>
<trkpt lat="36.966637" lon="140.891839"><ele>20.4</ele><time>2026-09-21T14:21:20Z</time></trkpt>
<trkpt lat="36.966669" lon="140.891817"><ele>20.8</ele><time>2026-09-21T14:21:21Z</time></trkpt>
<trkpt lat="36.966743" lon="140.891785"><ele>21.0</ele><time>2026-09-21T14:21:23Z</time></trkpt>
<trkpt lat="36.966782" lon="140.891772"><ele>21.0</ele><time>2026-09-21T14:21:24Z</time></trkpt>
<trkpt lat="36.967035" lon="140.891717"><ele>20.6</ele><time>2026-09-21T14:21:30Z</time></trkpt>
<trkpt lat="36.967113" lon="140.891707"><ele>20.4</ele><time>2026-09-21T14:21:32Z</time></trkpt>
<trkpt lat="36.967272" lon="140.891676"><ele>20.6</ele><time>2026-09-21T14:21:36Z</time></trkpt>
<trkpt lat="36.967435" lon="140.891653"><ele>21.0</ele><time>2026-09-21T14:21:40Z</time></trkpt>
<trkpt lat="36.967658" lon="140.891609"><ele>21.2</ele><time>2026-09-21T14:21:45Z</time></trkpt>
<trkpt lat="36.967909" lon="140.891573"><ele>20.8</ele><time>2026-09-21T14:21:51Z</time></trkpt>
<trkpt lat="36.967988" lon="140.891558"><ele>20.8</ele><time>2026-09-21T14:21:53Z</time></trkpt>
<trkpt lat="36.968174" lon="140.891537"><ele>20.6</ele><time>2026-09-21T14:21:58Z</time></trkpt>
<trkpt lat="36.968206" lon="140.891528"><ele>20.6</ele><time>2026-09-21T14:21:59Z</time></trkpt>
<trkpt lat="36.968229" lon="140.891511"><ele>20.6</ele><time>2026-09-21T14:22:00Z</time></trkpt>
<trkpt lat="36.968274" lon="140.891458"><ele>20.8</ele><time>2026-09-21T14:22:02Z</time></trkpt>
<trkpt lat="36.968291" lon="140.891435"><ele>21.2</ele><time>2026-09-21T14:22:03Z</time></trkpt>
<trkpt lat="36.968304" lon="140.891411"><ele>21.8</ele><time>2026-09-21T14:22:05Z</time></trkpt>
<trkpt lat="36.968291" lon="140.891424"><ele>20.4</ele><time>2026-09-21T14:25:42Z</time></trkpt>
<trkpt lat="36.968251" lon="140.891494"><ele>20.4</ele><time>2026-09-21T14:25:45Z</time></trkpt>
<trkpt lat="36.968233" lon="140.891515"><ele>20.4</ele><time>2026-09-21T14:25:46Z</time></trkpt>
<trkpt lat="36.968210" lon="140.891536"><ele>20.4</ele><time>2026-09-21T14:25:47Z</time></trkpt>
<trkpt lat="36.968180" lon="140.891556"><ele>20.2</ele><time>2026-09-21T14:25:48Z</time></trkpt>
<trkpt lat="36.968146" lon="140.891573"><ele>20.2</ele><time>2026-09-21T14:25:49Z</time></trkpt>
<trkpt lat="36.968106" lon="140.891587"><ele>20.2</ele><time>2026-09-21T14:25:50Z</time></trkpt>
<trkpt lat="36.968023" lon="140.891605"><ele>20.0</ele><time>2026-09-21T14:25:52Z</time></trkpt>
<trkpt lat="36.967882" lon="140.891625"><ele>20.0</ele><time>2026-09-21T14:25:55Z</time></trkpt>
<trkpt lat="36.967830" lon="140.891636"><ele>20.0</ele><time>2026-09-21T14:25:56Z</time></trkpt>
<trkpt lat="36.967724" lon="140.891652"><ele>20.2</ele><time>2026-09-21T14:25:58Z</time></trkpt>
<trkpt lat="36.967555" lon="140.891675"><ele>20.8</ele><time>2026-09-21T14:26:01Z</time></trkpt>
<trkpt lat="36.967335" lon="140.891715"><ele>21.2</ele><time>2026-09-21T14:26:05Z</time></trkpt>
<trkpt lat="36.967117" lon="140.891744"><ele>21.0</ele><time>2026-09-21T14:26:09Z</time></trkpt>
<trkpt lat="36.966896" lon="140.891787"><ele>20.4</ele><time>2026-09-21T14:26:14Z</time></trkpt>
<trkpt lat="36.966850" lon="140.891798"><ele>20.0</ele><time>2026-09-21T14:26:16Z</time></trkpt>
<trkpt lat="36.966825" lon="140.891810"><ele>19.6</ele><time>2026-09-21T14:26:18Z</time></trkpt>
<trkpt lat="36.966792" lon="140.891812"><ele>20.6</ele><time>2026-09-21T14:26:41Z</time></trkpt>
<trkpt lat="36.966756" lon="140.891819"><ele>20.6</ele><time>2026-09-21T14:26:42Z</time></trkpt>
<trkpt lat="36.966617" lon="140.891833"><ele>20.2</ele><time>2026-09-21T14:26:45Z</time></trkpt>
<trkpt lat="36.966124" lon="140.891890"><ele>19.4</ele><time>2026-09-21T14:26:54Z</time></trkpt>
<trkpt lat="36.965700" lon="140.891930"><ele>19.2</ele><time>2026-09-21T14:27:01Z</time></trkpt>
<trkpt lat="36.965580" lon="140.891945"><ele>19.0</ele><time>2026-09-21T14:27:03Z</time></trkpt>
<trkpt lat="36.965334" lon="140.891963"><ele>19.2</ele><time>2026-09-21T14:27:07Z</time></trkpt>
<trkpt lat="36.965150" lon="140.891980"><ele>19.4</ele><time>2026-09-21T14:27:10Z</time></trkpt>
<trkpt lat="36.964711" lon="140.892005"><ele>18.8</ele><time>2026-09-21T14:27:17Z</time></trkpt>
<trkpt lat="36.964304" lon="140.892035"><ele>18.6</ele><time>2026-09-21T14:27:23Z</time></trkpt>
<trkpt lat="36.963952" lon="140.892055"><ele>18.6</ele><time>2026-09-21T14:27:28Z</time></trkpt>
<trkpt lat="36.963810" lon="140.892067"><ele>18.6</ele><time>2026-09-21T14:27:30Z</time></trkpt>
<trkpt lat="36.963531" lon="140.892083"><ele>18.8</ele><time>2026-09-21T14:27:34Z</time></trkpt>
<trkpt lat="36.963391" lon="140.892086"><ele>19.0</ele><time>2026-09-21T14:27:36Z</time></trkpt>
<trkpt lat="36.962961" lon="140.892116"><ele>18.8</ele><time>2026-09-21T14:27:42Z</time></trkpt>
<trkpt lat="36.962748" lon="140.892127"><ele>18.8</ele><time>2026-09-21T14:27:45Z</time></trkpt>
<trkpt lat="36.962675" lon="140.892134"><ele>18.8</ele><time>2026-09-21T14:27:46Z</time></trkpt>
<trkpt lat="36.962532" lon="140.892137"><ele>18.8</ele><time>2026-09-21T14:27:48Z</time></trkpt>
<trkpt lat="36.962253" lon="140.892164"><ele>18.8</ele><time>2026-09-21T14:27:52Z</time></trkpt>
<trkpt lat="36.962053" lon="140.892177"><ele>18.6</ele><time>2026-09-21T14:27:55Z</time></trkpt>
<trkpt lat="36.961855" lon="140.892184"><ele>18.6</ele><time>2026-09-21T14:27:58Z</time></trkpt>
<trkpt lat="36.961655" lon="140.892198"><ele>18.6</ele><time>2026-09-21T14:28:01Z</time></trkpt>
<trkpt lat="36.961378" lon="140.892218"><ele>18.6</ele><time>2026-09-21T14:28:05Z</time></trkpt>
<trkpt lat="36.961239" lon="140.892231"><ele>18.4</ele><time>2026-09-21T14:28:07Z</time></trkpt>
<trkpt lat="36.961097" lon="140.892239"><ele>18.4</ele><time>2026-09-21T14:28:09Z</time></trkpt>
<trkpt lat="36.961028" lon="140.892246"><ele>18.4</ele><time>2026-09-21T14:28:10Z</time></trkpt>
<trkpt lat="36.960892" lon="140.892255"><ele>18.2</ele><time>2026-09-21T14:28:12Z</time></trkpt>
<trkpt lat="36.960822" lon="140.892263"><ele>18.2</ele><time>2026-09-21T14:28:13Z</time></trkpt>
<trkpt lat="36.960682" lon="140.892271"><ele>18.2</ele><time>2026-09-21T14:28:15Z</time></trkpt>
<trkpt lat="36.960612" lon="140.892279"><ele>18.2</ele><time>2026-09-21T14:28:16Z</time></trkpt>
<trkpt lat="36.960410" lon="140.892288"><ele>18.4</ele><time>2026-09-21T14:28:19Z</time></trkpt>
<trkpt lat="36.960273" lon="140.892303"><ele>18.6</ele><time>2026-09-21T14:28:21Z</time></trkpt>
<trkpt lat="36.960063" lon="140.892316"><ele>19.0</ele><time>2026-09-21T14:28:24Z</time></trkpt>
<trkpt lat="36.959858" lon="140.892333"><ele>18.8</ele><time>2026-09-21T14:28:27Z</time></trkpt>
<trkpt lat="36.959322" lon="140.892361"><ele>18.6</ele><time>2026-09-21T14:28:35Z</time></trkpt>
<trkpt lat="36.959125" lon="140.892378"><ele>18.6</ele><time>2026-09-21T14:28:38Z</time></trkpt>
<trkpt lat="36.958998" lon="140.892383"><ele>18.6</ele><time>2026-09-21T14:28:40Z</time></trkpt>
<trkpt lat="36.958758" lon="140.892402"><ele>18.6</ele><time>2026-09-21T14:28:44Z</time></trkpt>
<trkpt lat="36.958644" lon="140.892407"><ele>18.6</ele><time>2026-09-21T14:28:46Z</time></trkpt>
<trkpt lat="36.958535" lon="140.892408"><ele>18.6</ele><time>2026-09-21T14:28:48Z</time></trkpt>
<trkpt lat="36.958437" lon="140.892413"><ele>18.6</ele><time>2026-09-21T14:28:50Z</time></trkpt>
<trkpt lat="36.958320" lon="140.892423"><ele>18.6</ele><time>2026-09-21T14:28:53Z</time></trkpt>
<trkpt lat="36.958285" lon="140.892428"><ele>18.8</ele><time>2026-09-21T14:28:54Z</time></trkpt>
<trkpt lat="36.958252" lon="140.892437"><ele>18.8</ele><time>2026-09-21T14:28:55Z</time></trkpt>
<trkpt lat="36.958198" lon="140.892445"><ele>18.8</ele><time>2026-09-21T14:28:57Z</time></trkpt>
<trkpt lat="36.958124" lon="140.892444"><ele>19.0</ele><time>2026-09-21T14:29:01Z</time></trkpt>
<trkpt lat="36.958025" lon="140.892459"><ele>19.0</ele><time>2026-09-21T14:29:04Z</time></trkpt>
<trkpt lat="36.957890" lon="140.892471"><ele>19.0</ele><time>2026-09-21T14:29:07Z</time></trkpt>
<trkpt lat="36.957730" lon="140.892481"><ele>19.0</ele><time>2026-09-21T14:29:10Z</time></trkpt>
<trkpt lat="36.957619" lon="140.892492"><ele>19.2</ele><time>2026-09-21T14:29:12Z</time></trkpt>
<trkpt lat="36.957391" lon="140.892502"><ele>19.4</ele><time>2026-09-21T14:29:16Z</time></trkpt>
<trkpt lat="36.957271" lon="140.892518"><ele>19.4</ele><time>2026-09-21T14:29:18Z</time></trkpt>
<trkpt lat="36.957154" lon="140.892523"><ele>19.4</ele><time>2026-09-21T14:29:20Z</time></trkpt>
<trkpt lat="36.956968" lon="140.892536"><ele>19.4</ele><time>2026-09-21T14:29:23Z</time></trkpt>
<trkpt lat="36.956549" lon="140.892556"><ele>19.6</ele><time>2026-09-21T14:29:30Z</time></trkpt>
<trkpt lat="36.956168" lon="140.892590"><ele>20.0</ele><time>2026-09-21T14:29:36Z</time></trkpt>
<trkpt lat="36.956026" lon="140.892598"><ele>20.0</ele><time>2026-09-21T14:29:38Z</time></trkpt>
<trkpt lat="36.955669" lon="140.892630"><ele>19.6</ele><time>2026-09-21T14:29:43Z</time></trkpt>
<trkpt lat="36.955527" lon="140.892636"><ele>19.4</ele><time>2026-09-21T14:29:45Z</time></trkpt>
<trkpt lat="36.955313" lon="140.892661"><ele>19.0</ele><time>2026-09-21T14:29:48Z</time></trkpt>
<trkpt lat="36.955176" lon="140.892670"><ele>18.8</ele><time>2026-09-21T14:29:50Z</time></trkpt>
<trkpt lat="36.954903" lon="140.892699"><ele>18.6</ele><time>2026-09-21T14:29:54Z</time></trkpt>
<trkpt lat="36.954635" lon="140.892711"><ele>18.6</ele><time>2026-09-21T14:29:58Z</time></trkpt>
<trkpt lat="36.954357" lon="140.892732"><ele>18.8</ele><time>2026-09-21T14:30:02Z</time></trkpt>
<trkpt lat="36.954216" lon="140.892736"><ele>19.0</ele><time>2026-09-21T14:30:04Z</time></trkpt>
<trkpt lat="36.953810" lon="140.892774"><ele>19.2</ele><time>2026-09-21T14:30:10Z</time></trkpt>
<trkpt lat="36.953677" lon="140.892781"><ele>19.2</ele><time>2026-09-21T14:30:12Z</time></trkpt>
<trkpt lat="36.953402" lon="140.892802"><ele>19.0</ele><time>2026-09-21T14:30:16Z</time></trkpt>
<trkpt lat="36.953280" lon="140.892806"><ele>19.0</ele><time>2026-09-21T14:30:18Z</time></trkpt>
<trkpt lat="36.953060" lon="140.892828"><ele>18.8</ele><time>2026-09-21T14:30:21Z</time></trkpt>
<trkpt lat="36.952794" lon="140.892837"><ele>18.8</ele><time>2026-09-21T14:30:25Z</time></trkpt>
<trkpt lat="36.952602" lon="140.892850"><ele>18.6</ele><time>2026-09-21T14:30:28Z</time></trkpt>
<trkpt lat="36.952404" lon="140.892855"><ele>18.6</ele><time>2026-09-21T14:30:31Z</time></trkpt>
<trkpt lat="36.952130" lon="140.892868"><ele>18.8</ele><time>2026-09-21T14:30:35Z</time></trkpt>
<trkpt lat="36.951845" lon="140.892885"><ele>19.0</ele><time>2026-09-21T14:30:39Z</time></trkpt>
<trkpt lat="36.951433" lon="140.892918"><ele>19.4</ele><time>2026-09-21T14:30:45Z</time></trkpt>
<trkpt lat="36.951244" lon="140.892927"><ele>19.6</ele><time>2026-09-21T14:30:48Z</time></trkpt>
<trkpt lat="36.951128" lon="140.892928"><ele>19.8</ele><time>2026-09-21T14:30:50Z</time></trkpt>
<trkpt lat="36.951068" lon="140.892931"><ele>19.8</ele><time>2026-09-21T14:30:51Z</time></trkpt>
<trkpt lat="36.950885" lon="140.892951"><ele>20.0</ele><time>2026-09-21T14:30:54Z</time></trkpt>
<trkpt lat="36.950712" lon="140.892963"><ele>20.2</ele><time>2026-09-21T14:30:57Z</time></trkpt>
<trkpt lat="36.950621" lon="140.892977"><ele>20.2</ele><time>2026-09-21T14:30:59Z</time></trkpt>
<trkpt lat="36.950556" lon="140.892984"><ele>20.2</ele><time>2026-09-21T14:31:01Z</time></trkpt>
<trkpt lat="36.950523" lon="140.892980"><ele>20.2</ele><time>2026-09-21T14:31:02Z</time></trkpt>
<trkpt lat="36.950504" lon="140.892963"><ele>20.2</ele><time>2026-09-21T14:31:03Z</time></trkpt>
<trkpt lat="36.950490" lon="140.892942"><ele>20.2</ele><time>2026-09-21T14:31:04Z</time></trkpt>
<trkpt lat="36.950479" lon="140.892920"><ele>20.2</ele><time>2026-09-21T14:31:05Z</time></trkpt>
<trkpt lat="36.950452" lon="140.892855"><ele>20.0</ele><time>2026-09-21T14:31:08Z</time></trkpt>
<trkpt lat="36.950426" lon="140.892823"><ele>20.0</ele><time>2026-09-21T14:31:10Z</time></trkpt>
<trkpt lat="36.950409" lon="140.892790"><ele>20.0</ele><time>2026-09-21T14:31:11Z</time></trkpt>
<trkpt lat="36.950398" lon="140.892749"><ele>19.8</ele><time>2026-09-21T14:31:12Z</time></trkpt>
<trkpt lat="36.950373" lon="140.892601"><ele>19.4</ele><time>2026-09-21T14:31:15Z</time></trkpt>
<trkpt lat="36.950345" lon="140.892465"><ele>19.2</ele><time>2026-09-21T14:31:17Z</time></trkpt>
<trkpt lat="36.950311" lon="140.892265"><ele>19.0</ele><time>2026-09-21T14:31:20Z</time></trkpt>
<trkpt lat="36.950282" lon="140.892125"><ele>18.8</ele><time>2026-09-21T14:31:22Z</time></trkpt>
<trkpt lat="36.950245" lon="140.891929"><ele>19.0</ele><time>2026-09-21T14:31:25Z</time></trkpt>
<trkpt lat="36.950207" lon="140.891748"><ele>19.2</ele><time>2026-09-21T14:31:28Z</time></trkpt>
<trkpt lat="36.950158" lon="140.891460"><ele>19.2</ele><time>2026-09-21T14:31:32Z</time></trkpt>
<trkpt lat="36.950094" lon="140.891120"><ele>19.4</ele><time>2026-09-21T14:31:37Z</time></trkpt>
<trkpt lat="36.950049" lon="140.890909"><ele>19.4</ele><time>2026-09-21T14:31:40Z</time></trkpt>
<trkpt lat="36.950029" lon="140.890838"><ele>19.4</ele><time>2026-09-21T14:31:41Z</time></trkpt>
<trkpt lat="36.949861" lon="140.890030"><ele>18.4</ele><time>2026-09-21T14:31:53Z</time></trkpt>
<trkpt lat="36.949797" lon="140.889763"><ele>18.4</ele><time>2026-09-21T14:31:57Z</time></trkpt>
<trkpt lat="36.949741" lon="140.889562"><ele>18.4</ele><time>2026-09-21T14:32:00Z</time></trkpt>
<trkpt lat="36.949725" lon="140.889493"><ele>18.8</ele><time>2026-09-21T14:32:01Z</time></trkpt>
<trkpt lat="36.949709" lon="140.889438"><ele>18.8</ele><time>2026-09-21T14:32:02Z</time></trkpt>
<trkpt lat="36.949670" lon="140.889284"><ele>19.2</ele><time>2026-09-21T14:32:04Z</time></trkpt>
<trkpt lat="36.949579" lon="140.888873"><ele>19.4</ele><time>2026-09-21T14:32:10Z</time></trkpt>
<trkpt lat="36.949531" lon="140.888691"><ele>19.4</ele><time>2026-09-21T14:32:14Z</time></trkpt>
<trkpt lat="36.949511" lon="140.888583"><ele>19.4</ele><time>2026-09-21T14:32:19Z</time></trkpt>
<trkpt lat="36.949470" lon="140.888457"><ele>19.2</ele><time>2026-09-21T14:32:43Z</time></trkpt>
<trkpt lat="36.949424" lon="140.888291"><ele>19.4</ele><time>2026-09-21T14:32:46Z</time></trkpt>
<trkpt lat="36.949402" lon="140.888230"><ele>19.6</ele><time>2026-09-21T14:32:47Z</time></trkpt>
<trkpt lat="36.949363" lon="140.888110"><ele>19.6</ele><time>2026-09-21T14:32:49Z</time></trkpt>
<trkpt lat="36.949287" lon="140.887820"><ele>20.0</ele><time>2026-09-21T14:32:53Z</time></trkpt>
<trkpt lat="36.949252" lon="140.887607"><ele>20.0</ele><time>2026-09-21T14:32:56Z</time></trkpt>
<trkpt lat="36.949238" lon="140.887533"><ele>20.0</ele><time>2026-09-21T14:32:57Z</time></trkpt>
<trkpt lat="36.949187" lon="140.887317"><ele>19.4</ele><time>2026-09-21T14:33:00Z</time></trkpt>
<trkpt lat="36.949151" lon="140.887175"><ele>19.2</ele><time>2026-09-21T14:33:02Z</time></trkpt>
<trkpt lat="36.949071" lon="140.886888"><ele>19.0</ele><time>2026-09-21T14:33:05Z</time></trkpt>
<trkpt lat="36.949050" lon="140.886774"><ele>19.0</ele><time>2026-09-21T14:33:07Z</time></trkpt>
<trkpt lat="36.949012" lon="140.886590"><ele>19.0</ele><time>2026-09-21T14:33:10Z</time></trkpt>
<trkpt lat="36.948964" lon="140.886382"><ele>19.4</ele><time>2026-09-21T14:33:12Z</time></trkpt>
<trkpt lat="36.948891" lon="140.886080"><ele>19.6</ele><time>2026-09-21T14:33:17Z</time></trkpt>
<trkpt lat="36.948868" lon="140.885931"><ele>19.6</ele><time>2026-09-21T14:33:18Z</time></trkpt>
<trkpt lat="36.948859" lon="140.885855"><ele>19.6</ele><time>2026-09-21T14:33:20Z</time></trkpt>
<trkpt lat="36.948854" lon="140.885780"><ele>19.4</ele><time>2026-09-21T14:33:21Z</time></trkpt>
<trkpt lat="36.948851" lon="140.885555"><ele>19.2</ele><time>2026-09-21T14:33:23Z</time></trkpt>
<trkpt lat="36.948856" lon="140.885481"><ele>19.0</ele><time>2026-09-21T14:33:24Z</time></trkpt>
<trkpt lat="36.948872" lon="140.885335"><ele>18.8</ele><time>2026-09-21T14:33:26Z</time></trkpt>
<trkpt lat="36.948883" lon="140.885262"><ele>18.6</ele><time>2026-09-21T14:33:28Z</time></trkpt>
<trkpt lat="36.948910" lon="140.885125"><ele>18.6</ele><time>2026-09-21T14:33:29Z</time></trkpt>
<trkpt lat="36.948924" lon="140.885072"><ele>18.4</ele><time>2026-09-21T14:33:31Z</time></trkpt>
<trkpt lat="36.948939" lon="140.885003"><ele>18.0</ele><time>2026-09-21T14:33:32Z</time></trkpt>
<trkpt lat="36.948975" lon="140.884853"><ele>18.0</ele><time>2026-09-21T14:33:33Z</time></trkpt>
<trkpt lat="36.949015" lon="140.884717"><ele>17.8</ele><time>2026-09-21T14:33:35Z</time></trkpt>
<trkpt lat="36.949051" lon="140.884584"><ele>18.0</ele><time>2026-09-21T14:33:37Z</time></trkpt>
<trkpt lat="36.949084" lon="140.884449"><ele>17.8</ele><time>2026-09-21T14:33:39Z</time></trkpt>
<trkpt lat="36.949121" lon="140.884318"><ele>17.8</ele><time>2026-09-21T14:33:41Z</time></trkpt>
<trkpt lat="36.949172" lon="140.884116"><ele>18.0</ele><time>2026-09-21T14:33:44Z</time></trkpt>
<trkpt lat="36.949226" lon="140.883859"><ele>18.2</ele><time>2026-09-21T14:33:48Z</time></trkpt>
<trkpt lat="36.949280" lon="140.883673"><ele>18.2</ele><time>2026-09-21T14:33:51Z</time></trkpt>
<trkpt lat="36.949337" lon="140.883430"><ele>18.4</ele><time>2026-09-21T14:33:56Z</time></trkpt>
<trkpt lat="36.949366" lon="140.883318"><ele>18.4</ele><time>2026-09-21T14:33:57Z</time></trkpt>
<trkpt lat="36.949433" lon="140.883092"><ele>18.4</ele><time>2026-09-21T14:34:01Z</time></trkpt>
<trkpt lat="36.949444" lon="140.883036"><ele>18.4</ele><time>2026-09-21T14:34:02Z</time></trkpt>
<trkpt lat="36.949474" lon="140.882928"><ele>18.4</ele><time>2026-09-21T14:34:04Z</time></trkpt>
<trkpt lat="36.949514" lon="140.882759"><ele>18.6</ele><time>2026-09-21T14:34:07Z</time></trkpt>
<trkpt lat="36.949556" lon="140.882600"><ele>19.0</ele><time>2026-09-21T14:34:10Z</time></trkpt>
<trkpt lat="36.949620" lon="140.882377"><ele>19.6</ele><time>2026-09-21T14:34:14Z</time></trkpt>
<trkpt lat="36.949675" lon="140.882159"><ele>20.4</ele><time>2026-09-21T14:34:18Z</time></trkpt>
<trkpt lat="36.949696" lon="140.882093"><ele>20.6</ele><time>2026-09-21T14:34:19Z</time></trkpt>
<trkpt lat="36.949725" lon="140.881982"><ele>21.0</ele><time>2026-09-21T14:34:21Z</time></trkpt>
<trkpt lat="36.949756" lon="140.881881"><ele>21.2</ele><time>2026-09-21T14:34:23Z</time></trkpt>
<trkpt lat="36.949814" lon="140.881652"><ele>21.8</ele><time>2026-09-21T14:34:27Z</time></trkpt>
<trkpt lat="36.949885" lon="140.881385"><ele>22.2</ele><time>2026-09-21T14:34:32Z</time></trkpt>
<trkpt lat="36.949919" lon="140.881291"><ele>22.4</ele><time>2026-09-21T14:34:34Z</time></trkpt>
<trkpt lat="36.949984" lon="140.881077"><ele>22.6</ele><time>2026-09-21T14:34:38Z</time></trkpt>
<trkpt lat="36.950045" lon="140.880909"><ele>23.0</ele><time>2026-09-21T14:34:41Z</time></trkpt>
<trkpt lat="36.950120" lon="140.880721"><ele>23.2</ele><time>2026-09-21T14:34:45Z</time></trkpt>
<trkpt lat="36.950237" lon="140.880398"><ele>23.4</ele><time>2026-09-21T14:34:51Z</time></trkpt>
<trkpt lat="36.950307" lon="140.880183"><ele>23.6</ele><time>2026-09-21T14:34:55Z</time></trkpt>
<trkpt lat="36.950327" lon="140.880128"><ele>23.6</ele><time>2026-09-21T14:34:56Z</time></trkpt>
<trkpt lat="36.950350" lon="140.880074"><ele>23.6</ele><time>2026-09-21T14:34:57Z</time></trkpt>
<trkpt lat="36.950368" lon="140.880021"><ele>23.6</ele><time>2026-09-21T14:34:58Z</time></trkpt>
<trkpt lat="36.950389" lon="140.879968"><ele>23.4</ele><time>2026-09-21T14:34:59Z</time></trkpt>
<trkpt lat="36.950462" lon="140.879813"><ele>23.2</ele><time>2026-09-21T14:35:02Z</time></trkpt>
<trkpt lat="36.950595" lon="140.879549"><ele>22.6</ele><time>2026-09-21T14:35:07Z</time></trkpt>
<trkpt lat="36.950803" lon="140.879175"><ele>21.4</ele><time>2026-09-21T14:35:14Z</time></trkpt>
<trkpt lat="36.950926" lon="140.878947"><ele>20.8</ele><time>2026-09-21T14:35:18Z</time></trkpt>
<trkpt lat="36.950984" lon="140.878831"><ele>20.6</ele><time>2026-09-21T14:35:20Z</time></trkpt>
<trkpt lat="36.951146" lon="140.878547"><ele>20.0</ele><time>2026-09-21T14:35:25Z</time></trkpt>
<trkpt lat="36.951247" lon="140.878381"><ele>19.8</ele><time>2026-09-21T14:35:28Z</time></trkpt>
<trkpt lat="36.951369" lon="140.878150"><ele>19.6</ele><time>2026-09-21T14:35:32Z</time></trkpt>
<trkpt lat="36.951453" lon="140.877982"><ele>19.6</ele><time>2026-09-21T14:35:35Z</time></trkpt>
<trkpt lat="36.951513" lon="140.877880"><ele>19.6</ele><time>2026-09-21T14:35:37Z</time></trkpt>
<trkpt lat="36.951605" lon="140.877715"><ele>19.6</ele><time>2026-09-21T14:35:40Z</time></trkpt>
<trkpt lat="36.951700" lon="140.877535"><ele>19.6</ele><time>2026-09-21T14:35:43Z</time></trkpt>
<trkpt lat="36.951827" lon="140.877313"><ele>20.2</ele><time>2026-09-21T14:35:47Z</time></trkpt>
<trkpt lat="36.951992" lon="140.877013"><ele>20.6</ele><time>2026-09-21T14:35:52Z</time></trkpt>
<trkpt lat="36.952265" lon="140.876547"><ele>20.6</ele><time>2026-09-21T14:35:59Z</time></trkpt>
<trkpt lat="36.952388" lon="140.876329"><ele>19.8</ele><time>2026-09-21T14:36:02Z</time></trkpt>
<trkpt lat="36.952470" lon="140.876179"><ele>18.6</ele><time>2026-09-21T14:36:04Z</time></trkpt>
<trkpt lat="36.952507" lon="140.876106"><ele>17.6</ele><time>2026-09-21T14:36:05Z</time></trkpt>
<trkpt lat="36.952576" lon="140.875964"><ele>16.0</ele><time>2026-09-21T14:36:07Z</time></trkpt>
<trkpt lat="36.952606" lon="140.875895"><ele>15.4</ele><time>2026-09-21T14:36:08Z</time></trkpt>
<trkpt lat="36.952663" lon="140.875757"><ele>14.6</ele><time>2026-09-21T14:36:10Z</time></trkpt>
<trkpt lat="36.952713" lon="140.875612"><ele>14.2</ele><time>2026-09-21T14:36:12Z</time></trkpt>
<trkpt lat="36.952756" lon="140.875464"><ele>14.2</ele><time>2026-09-21T14:36:14Z</time></trkpt>
<trkpt lat="36.952785" lon="140.875317"><ele>14.2</ele><time>2026-09-21T14:36:16Z</time></trkpt>
<trkpt lat="36.952797" lon="140.875244"><ele>14.2</ele><time>2026-09-21T14:36:17Z</time></trkpt>
<trkpt lat="36.952813" lon="140.875176"><ele>14.4</ele><time>2026-09-21T14:36:18Z</time></trkpt>
<trkpt lat="36.952826" lon="140.875105"><ele>14.8</ele><time>2026-09-21T14:36:19Z</time></trkpt>
<trkpt lat="36.952858" lon="140.874887"><ele>15.0</ele><time>2026-09-21T14:36:22Z</time></trkpt>
<trkpt lat="36.952884" lon="140.874588"><ele>16.0</ele><time>2026-09-21T14:36:26Z</time></trkpt>
<trkpt lat="36.952912" lon="140.874212"><ele>16.0</ele><time>2026-09-21T14:36:31Z</time></trkpt>
<trkpt lat="36.952937" lon="140.873837"><ele>15.6</ele><time>2026-09-21T14:36:36Z</time></trkpt>
<trkpt lat="36.952962" lon="140.873542"><ele>14.6</ele><time>2026-09-21T14:36:40Z</time></trkpt>
<trkpt lat="36.952965" lon="140.873390"><ele>14.4</ele><time>2026-09-21T14:36:42Z</time></trkpt>
<trkpt lat="36.952969" lon="140.873314"><ele>14.2</ele><time>2026-09-21T14:36:43Z</time></trkpt>
<trkpt lat="36.952982" lon="140.873160"><ele>14.2</ele><time>2026-09-21T14:36:45Z</time></trkpt>
<trkpt lat="36.953004" lon="140.872941"><ele>14.0</ele><time>2026-09-21T14:36:48Z</time></trkpt>
<trkpt lat="36.953021" lon="140.872670"><ele>14.0</ele><time>2026-09-21T14:36:52Z</time></trkpt>
<trkpt lat="36.953039" lon="140.872467"><ele>13.6</ele><time>2026-09-21T14:36:55Z</time></trkpt>
<trkpt lat="36.953049" lon="140.872269"><ele>14.4</ele><time>2026-09-21T14:36:58Z</time></trkpt>
<trkpt lat="36.953068" lon="140.872136"><ele>14.8</ele><time>2026-09-21T14:37:00Z</time></trkpt>
<trkpt lat="36.953087" lon="140.871889"><ele>14.6</ele><time>2026-09-21T14:37:04Z</time></trkpt>
<trkpt lat="36.953091" lon="140.871765"><ele>14.4</ele><time>2026-09-21T14:37:06Z</time></trkpt>
<trkpt lat="36.953101" lon="140.871587"><ele>14.0</ele><time>2026-09-21T14:37:09Z</time></trkpt>
<trkpt lat="36.953102" lon="140.871537"><ele>13.8</ele><time>2026-09-21T14:37:10Z</time></trkpt>
<trkpt lat="36.953100" lon="140.871435"><ele>13.6</ele><time>2026-09-21T14:37:12Z</time></trkpt>
<trkpt lat="36.953103" lon="140.871380"><ele>13.4</ele><time>2026-09-21T14:37:13Z</time></trkpt>
<trkpt lat="36.953135" lon="140.871241"><ele>13.4</ele><time>2026-09-21T14:37:16Z</time></trkpt>
<trkpt lat="36.953160" lon="140.871075"><ele>13.4</ele><time>2026-09-21T14:37:19Z</time></trkpt>
<trkpt lat="36.953189" lon="140.870955"><ele>13.8</ele><time>2026-09-21T14:37:21Z</time></trkpt>
<trkpt lat="36.953206" lon="140.870894"><ele>14.0</ele><time>2026-09-21T14:37:22Z</time></trkpt>
<trkpt lat="36.953244" lon="140.870773"><ele>14.6</ele><time>2026-09-21T14:37:24Z</time></trkpt>
<trkpt lat="36.953304" lon="140.870603"><ele>15.2</ele><time>2026-09-21T14:37:27Z</time></trkpt>
<trkpt lat="36.953325" lon="140.870548"><ele>15.4</ele><time>2026-09-21T14:37:28Z</time></trkpt>
<trkpt lat="36.953376" lon="140.870452"><ele>15.6</ele><time>2026-09-21T14:37:30Z</time></trkpt>
<trkpt lat="36.953399" lon="140.870399"><ele>15.6</ele><time>2026-09-21T14:37:31Z</time></trkpt>
<trkpt lat="36.953455" lon="140.870298"><ele>15.6</ele><time>2026-09-21T14:37:33Z</time></trkpt>
<trkpt lat="36.953480" lon="140.870247"><ele>15.6</ele><time>2026-09-21T14:37:34Z</time></trkpt>
<trkpt lat="36.953686" lon="140.869785"><ele>15.6</ele><time>2026-09-21T14:37:43Z</time></trkpt>
<trkpt lat="36.953725" lon="140.869678"><ele>15.6</ele><time>2026-09-21T14:37:45Z</time></trkpt>
<trkpt lat="36.953782" lon="140.869508"><ele>16.0</ele><time>2026-09-21T14:37:48Z</time></trkpt>
<trkpt lat="36.953803" lon="140.869452"><ele>16.0</ele><time>2026-09-21T14:37:49Z</time></trkpt>
<trkpt lat="36.953852" lon="140.869280"><ele>16.0</ele><time>2026-09-21T14:37:52Z</time></trkpt>
<trkpt lat="36.953874" lon="140.869169"><ele>16.0</ele><time>2026-09-21T14:37:54Z</time></trkpt>
<trkpt lat="36.953902" lon="140.869005"><ele>15.0</ele><time>2026-09-21T14:37:57Z</time></trkpt>
<trkpt lat="36.953931" lon="140.868774"><ele>14.8</ele><time>2026-09-21T14:38:01Z</time></trkpt>
<trkpt lat="36.953955" lon="140.868401"><ele>15.8</ele><time>2026-09-21T14:38:07Z</time></trkpt>
<trkpt lat="36.954003" lon="140.867825"><ele>17.2</ele><time>2026-09-21T14:38:16Z</time></trkpt>
<trkpt lat="36.954004" lon="140.867706"><ele>16.2</ele><time>2026-09-21T14:38:18Z</time></trkpt>
<trkpt lat="36.954009" lon="140.867589"><ele>16.0</ele><time>2026-09-21T14:38:20Z</time></trkpt>
<trkpt lat="36.954018" lon="140.867472"><ele>15.4</ele><time>2026-09-21T14:38:22Z</time></trkpt>
<trkpt lat="36.954048" lon="140.866946"><ele>16.8</ele><time>2026-09-21T14:38:32Z</time></trkpt>
<trkpt lat="36.954065" lon="140.866766"><ele>17.4</ele><time>2026-09-21T14:38:36Z</time></trkpt>
<trkpt lat="36.954069" lon="140.866681"><ele>17.6</ele><time>2026-09-21T14:38:38Z</time></trkpt>
<trkpt lat="36.954077" lon="140.866602"><ele>17.6</ele><time>2026-09-21T14:38:40Z</time></trkpt>
<trkpt lat="36.954083" lon="140.866496"><ele>17.8</ele><time>2026-09-21T14:38:43Z</time></trkpt>
<trkpt lat="36.954080" lon="140.866444"><ele>17.4</ele><time>2026-09-21T14:39:24Z</time></trkpt>
<trkpt lat="36.954097" lon="140.866333"><ele>17.6</ele><time>2026-09-21T14:39:27Z</time></trkpt>
<trkpt lat="36.954135" lon="140.865929"><ele>18.2</ele><time>2026-09-21T14:39:34Z</time></trkpt>
<trkpt lat="36.954146" lon="140.865728"><ele>18.0</ele><time>2026-09-21T14:39:37Z</time></trkpt>
<trkpt lat="36.954170" lon="140.865396"><ele>17.0</ele><time>2026-09-21T14:39:42Z</time></trkpt>
<trkpt lat="36.954172" lon="140.865325"><ele>17.0</ele><time>2026-09-21T14:39:43Z</time></trkpt>
<trkpt lat="36.954178" lon="140.865259"><ele>16.8</ele><time>2026-09-21T14:39:44Z</time></trkpt>
<trkpt lat="36.954185" lon="140.865191"><ele>16.8</ele><time>2026-09-21T14:39:45Z</time></trkpt>
<trkpt lat="36.954214" lon="140.864995"><ele>16.4</ele><time>2026-09-21T14:39:48Z</time></trkpt>
<trkpt lat="36.954227" lon="140.864865"><ele>16.4</ele><time>2026-09-21T14:39:50Z</time></trkpt>
<trkpt lat="36.954243" lon="140.864665"><ele>16.4</ele><time>2026-09-21T14:39:53Z</time></trkpt>
<trkpt lat="36.954270" lon="140.864275"><ele>16.2</ele><time>2026-09-21T14:39:59Z</time></trkpt>
<trkpt lat="36.954289" lon="140.864087"><ele>15.8</ele><time>2026-09-21T14:40:02Z</time></trkpt>
<trkpt lat="36.954302" lon="140.863898"><ele>15.6</ele><time>2026-09-21T14:40:05Z</time></trkpt>
<trkpt lat="36.954307" lon="140.863714"><ele>15.4</ele><time>2026-09-21T14:40:08Z</time></trkpt>
<trkpt lat="36.954320" lon="140.863593"><ele>15.4</ele><time>2026-09-21T14:40:10Z</time></trkpt>
<trkpt lat="36.954332" lon="140.863408"><ele>15.6</ele><time>2026-09-21T14:40:13Z</time></trkpt>
<trkpt lat="36.954334" lon="140.863345"><ele>15.6</ele><time>2026-09-21T14:40:14Z</time></trkpt>
<trkpt lat="36.954342" lon="140.863281"><ele>15.6</ele><time>2026-09-21T14:40:15Z</time></trkpt>
<trkpt lat="36.954349" lon="140.863152"><ele>15.6</ele><time>2026-09-21T14:40:17Z</time></trkpt>
<trkpt lat="36.954365" lon="140.862955"><ele>15.8</ele><time>2026-09-21T14:40:20Z</time></trkpt>
<trkpt lat="36.954391" lon="140.862760"><ele>16.0</ele><time>2026-09-21T14:40:23Z</time></trkpt>
<trkpt lat="36.954417" lon="140.862480"><ele>16.0</ele><time>2026-09-21T14:40:27Z</time></trkpt>
<trkpt lat="36.954428" lon="140.862335"><ele>16.0</ele><time>2026-09-21T14:40:29Z</time></trkpt>
<trkpt lat="36.954444" lon="140.862187"><ele>15.8</ele><time>2026-09-21T14:40:31Z</time></trkpt>
<trkpt lat="36.954449" lon="140.862040"><ele>15.8</ele><time>2026-09-21T14:40:33Z</time></trkpt>
<trkpt lat="36.954467" lon="140.861827"><ele>15.8</ele><time>2026-09-21T14:40:36Z</time></trkpt>
<trkpt lat="36.954473" lon="140.861689"><ele>15.8</ele><time>2026-09-21T14:40:38Z</time></trkpt>
<trkpt lat="36.954485" lon="140.861549"><ele>15.8</ele><time>2026-09-21T14:40:40Z</time></trkpt>
<trkpt lat="36.954498" lon="140.861343"><ele>16.2</ele><time>2026-09-21T14:40:43Z</time></trkpt>
<trkpt lat="36.954498" lon="140.861274"><ele>16.2</ele><time>2026-09-21T14:40:44Z</time></trkpt>
<trkpt lat="36.954502" lon="140.861205"><ele>16.4</ele><time>2026-09-21T14:40:45Z</time></trkpt>
<trkpt lat="36.954509" lon="140.861139"><ele>16.4</ele><time>2026-09-21T14:40:46Z</time></trkpt>
<trkpt lat="36.954513" lon="140.861070"><ele>16.4</ele><time>2026-09-21T14:40:47Z</time></trkpt>
<trkpt lat="36.954536" lon="140.860791"><ele>16.4</ele><time>2026-09-21T14:40:51Z</time></trkpt>
<trkpt lat="36.954547" lon="140.860580"><ele>16.6</ele><time>2026-09-21T14:40:54Z</time></trkpt>
<trkpt lat="36.954554" lon="140.860511"><ele>16.6</ele><time>2026-09-21T14:40:55Z</time></trkpt>
<trkpt lat="36.954567" lon="140.860304"><ele>16.8</ele><time>2026-09-21T14:40:58Z</time></trkpt>
<trkpt lat="36.954582" lon="140.860168"><ele>17.0</ele><time>2026-09-21T14:41:00Z</time></trkpt>
<trkpt lat="36.954591" lon="140.860026"><ele>17.0</ele><time>2026-09-21T14:41:02Z</time></trkpt>
<trkpt lat="36.954635" lon="140.859540"><ele>16.2</ele><time>2026-09-21T14:41:09Z</time></trkpt>
<trkpt lat="36.954647" lon="140.859336"><ele>15.8</ele><time>2026-09-21T14:41:12Z</time></trkpt>
<trkpt lat="36.954671" lon="140.859053"><ele>15.8</ele><time>2026-09-21T14:41:16Z</time></trkpt>
<trkpt lat="36.954680" lon="140.858915"><ele>15.8</ele><time>2026-09-21T14:41:18Z</time></trkpt>
<trkpt lat="36.954692" lon="140.858773"><ele>16.0</ele><time>2026-09-21T14:41:20Z</time></trkpt>
<trkpt lat="36.954707" lon="140.858628"><ele>16.0</ele><time>2026-09-21T14:41:22Z</time></trkpt>
<trkpt lat="36.954724" lon="140.858496"><ele>16.0</ele><time>2026-09-21T14:41:24Z</time></trkpt>
<trkpt lat="36.954749" lon="140.858165"><ele>15.8</ele><time>2026-09-21T14:41:29Z</time></trkpt>
<trkpt lat="36.954756" lon="140.858100"><ele>15.6</ele><time>2026-09-21T14:41:30Z</time></trkpt>
<trkpt lat="36.954774" lon="140.857829"><ele>15.4</ele><time>2026-09-21T14:41:34Z</time></trkpt>
<trkpt lat="36.954790" lon="140.857695"><ele>15.4</ele><time>2026-09-21T14:41:36Z</time></trkpt>
<trkpt lat="36.954797" lon="140.857562"><ele>15.4</ele><time>2026-09-21T14:41:38Z</time></trkpt>
<trkpt lat="36.954815" lon="140.857366"><ele>15.6</ele><time>2026-09-21T14:41:41Z</time></trkpt>
<trkpt lat="36.954822" lon="140.857165"><ele>15.8</ele><time>2026-09-21T14:41:44Z</time></trkpt>
<trkpt lat="36.954852" lon="140.856804"><ele>16.2</ele><time>2026-09-21T14:41:49Z</time></trkpt>
<trkpt lat="36.954860" lon="140.856662"><ele>16.2</ele><time>2026-09-21T14:41:51Z</time></trkpt>
<trkpt lat="36.954868" lon="140.856457"><ele>16.2</ele><time>2026-09-21T14:41:54Z</time></trkpt>
<trkpt lat="36.954873" lon="140.856390"><ele>16.2</ele><time>2026-09-21T14:41:55Z</time></trkpt>
<trkpt lat="36.954882" lon="140.856322"><ele>16.2</ele><time>2026-09-21T14:41:56Z</time></trkpt>
<trkpt lat="36.954889" lon="140.856185"><ele>16.4</ele><time>2026-09-21T14:41:58Z</time></trkpt>
<trkpt lat="36.954911" lon="140.855921"><ele>16.4</ele><time>2026-09-21T14:42:02Z</time></trkpt>
<trkpt lat="36.954914" lon="140.855852"><ele>16.4</ele><time>2026-09-21T14:42:03Z</time></trkpt>
<trkpt lat="36.954940" lon="140.855513"><ele>16.2</ele><time>2026-09-21T14:42:08Z</time></trkpt>
<trkpt lat="36.954953" lon="140.855307"><ele>16.0</ele><time>2026-09-21T14:42:11Z</time></trkpt>
<trkpt lat="36.954964" lon="140.855176"><ele>16.0</ele><time>2026-09-21T14:42:13Z</time></trkpt>
<trkpt lat="36.954971" lon="140.855046"><ele>16.0</ele><time>2026-09-21T14:42:15Z</time></trkpt>
<trkpt lat="36.954986" lon="140.854847"><ele>16.4</ele><time>2026-09-21T14:42:18Z</time></trkpt>
<trkpt lat="36.954987" lon="140.854780"><ele>16.6</ele><time>2026-09-21T14:42:19Z</time></trkpt>
<trkpt lat="36.954987" lon="140.854582"><ele>16.8</ele><time>2026-09-21T14:42:22Z</time></trkpt>
<trkpt lat="36.954983" lon="140.854378"><ele>16.6</ele><time>2026-09-21T14:42:25Z</time></trkpt>
<trkpt lat="36.954980" lon="140.854050"><ele>16.4</ele><time>2026-09-21T14:42:30Z</time></trkpt>
<trkpt lat="36.954965" lon="140.853791"><ele>16.2</ele><time>2026-09-21T14:42:34Z</time></trkpt>
<trkpt lat="36.954958" lon="140.853725"><ele>16.2</ele><time>2026-09-21T14:42:35Z</time></trkpt>
<trkpt lat="36.954908" lon="140.853346"><ele>16.4</ele><time>2026-09-21T14:42:41Z</time></trkpt>
<trkpt lat="36.954907" lon="140.853293"><ele>16.4</ele><time>2026-09-21T14:42:42Z</time></trkpt>
<trkpt lat="36.954922" lon="140.853248"><ele>16.4</ele><time>2026-09-21T14:42:43Z</time></trkpt>
<trkpt lat="36.954943" lon="140.853216"><ele>16.4</ele><time>2026-09-21T14:42:44Z</time></trkpt>
<trkpt lat="36.954985" lon="140.853174"><ele>16.6</ele><time>2026-09-21T14:42:46Z</time></trkpt>
<trkpt lat="36.954990" lon="140.853151"><ele>16.6</ele><time>2026-09-21T14:42:47Z</time></trkpt>
<trkpt lat="36.954981" lon="140.853087"><ele>17.0</ele><time>2026-09-21T14:42:49Z</time></trkpt></trkseg></trk></gpx>