<?xml version="1.0" encoding="UTF-8"?><gpx xmlns="http://www.topografix.com/GPX/1/1" xmlns:xsi="http://www.w3.org/2001/XMLSchema-instance" xmlns:gpxtpx="http://www.garmin.com/xmlschemas/TrackPointExtension/v1" xmlns:gpxx="http://www.garmin.com/xmlschemas/GpxExtensions/v3" creator="StravaGPX" version="1.1" xsi:schemaLocation="http://www.topografix.com/GPX/1/1 http://www.topografix.com/GPX/1/1/gpx.xsd http://www.garmin.com/xmlschemas/GpxExtensions/v3 http://www.garmin.com/xmlschemas/GpxExtensionsv3.xsd http://www.garmin.com/xmlschemas/TrackPointExtension/v1 http://www.garmin.com/xmlschemas/TrackPointExtensionv1.xsd">
<metadata><time>2026-07-30T22:01:00Z</time></metadata>
<trk><name>SR600北関東 day 1</name><type>cycling</type><trkseg>
<trkpt lat="36.619978" lon="139.792356"><ele>219.6</ele><time>2026-07-30T22:01:00Z</time></trkpt>
<trkpt lat="36.620119" lon="139.792339"><ele>224.2</ele><time>2026-07-30T22:01:07Z</time></trkpt>
<trkpt lat="36.619378" lon="139.793719"><ele>222.0</ele><time>2026-07-30T22:01:32Z</time></trkpt>
<trkpt lat="36.618919" lon="139.794079"><ele>221.2</ele><time>2026-07-30T22:01:40Z</time></trkpt>
<trkpt lat="36.618229" lon="139.794316"><ele>219.0</ele><time>2026-07-30T22:01:50Z</time></trkpt>
<trkpt lat="36.617498" lon="139.794987"><ele>215.2</ele><time>2026-07-30T22:02:01Z</time></trkpt>
<trkpt lat="36.616806" lon="139.796695"><ele>210.4</ele><time>2026-07-30T22:02:19Z</time></trkpt>
<trkpt lat="36.616067" lon="139.797692"><ele>216.6</ele><time>2026-07-30T22:02:38Z</time></trkpt>
<trkpt lat="36.615624" lon="139.797885"><ele>216.4</ele><time>2026-07-30T22:02:44Z</time></trkpt>
<trkpt lat="36.614632" lon="139.797882"><ele>215.6</ele><time>2026-07-30T22:02:58Z</time></trkpt>
<trkpt lat="36.613650" lon="139.798252"><ele>213.6</ele><time>2026-07-30T22:03:12Z</time></trkpt>
<trkpt lat="36.613163" lon="139.799633"><ele>217.4</ele><time>2026-07-30T22:03:33Z</time></trkpt>
<trkpt lat="36.612701" lon="139.799952"><ele>215.8</ele><time>2026-07-30T22:03:40Z</time></trkpt>
<trkpt lat="36.612181" lon="139.800013"><ele>214.0</ele><time>2026-07-30T22:03:46Z</time></trkpt>
<trkpt lat="36.610388" lon="139.799386"><ele>198.0</ele><time>2026-07-30T22:04:02Z</time></trkpt>
<trkpt lat="36.609538" lon="139.798087"><ele>194.6</ele><time>2026-07-30T22:04:16Z</time></trkpt>
<trkpt lat="36.608045" lon="139.797718"><ele>193.6</ele><time>2026-07-30T22:04:34Z</time></trkpt>
<trkpt lat="36.606203" lon="139.797546"><ele>193.4</ele><time>2026-07-30T22:04:58Z</time></trkpt>
<trkpt lat="36.602744" lon="139.797720"><ele>195.6</ele><time>2026-07-30T22:05:51Z</time></trkpt>
<trkpt lat="36.598990" lon="139.799488"><ele>190.0</ele><time>2026-07-30T22:06:45Z</time></trkpt>
<trkpt lat="36.597882" lon="139.799771"><ele>177.4</ele><time>2026-07-30T22:06:54Z</time></trkpt>
<trkpt lat="36.597121" lon="139.800236"><ele>173.0</ele><time>2026-07-30T22:07:01Z</time></trkpt>
<trkpt lat="36.595560" lon="139.800176"><ele>172.2</ele><time>2026-07-30T22:08:02Z</time></trkpt>
<trkpt lat="36.597355" lon="139.794864"><ele>172.8</ele><time>2026-07-30T22:09:45Z</time></trkpt>
<trkpt lat="36.597603" lon="139.790280"><ele>181.8</ele><time>2026-07-30T22:10:51Z</time></trkpt>
<trkpt lat="36.598445" lon="139.786869"><ele>177.6</ele><time>2026-07-30T22:11:35Z</time></trkpt>
<trkpt lat="36.598481" lon="139.783303"><ele>176.4</ele><time>2026-07-30T22:12:15Z</time></trkpt>
<trkpt lat="36.598606" lon="139.782440"><ele>178.8</ele><time>2026-07-30T22:12:29Z</time></trkpt>
<trkpt lat="36.598927" lon="139.781653"><ele>182.0</ele><time>2026-07-30T22:12:45Z</time></trkpt>
<trkpt lat="36.599626" lon="139.780599"><ele>186.0</ele><time>2026-07-30T22:13:09Z</time></trkpt>
<trkpt lat="36.602213" lon="139.777939"><ele>185.4</ele><time>2026-07-30T22:14:08Z</time></trkpt>
<trkpt lat="36.604402" lon="139.773160"><ele>190.4</ele><time>2026-07-30T22:15:30Z</time></trkpt>
<trkpt lat="36.606235" lon="139.768456"><ele>195.6</ele><time>2026-07-30T22:16:47Z</time></trkpt>
<trkpt lat="36.606362" lon="139.765189"><ele>205.0</ele><time>2026-07-30T22:17:47Z</time></trkpt>
<trkpt lat="36.607283" lon="139.761325"><ele>211.4</ele><time>2026-07-30T22:18:54Z</time></trkpt>
<trkpt lat="36.607873" lon="139.760062"><ele>212.6</ele><time>2026-07-30T22:19:16Z</time></trkpt>
<trkpt lat="36.609204" lon="139.758015"><ele>214.0</ele><time>2026-07-30T22:19:53Z</time></trkpt>
<trkpt lat="36.612716" lon="139.754315"><ele>209.8</ele><time>2026-07-30T22:21:03Z</time></trkpt>
<trkpt lat="36.615422" lon="139.751015"><ele>216.4</ele><time>2026-07-30T22:22:18Z</time></trkpt>
<trkpt lat="36.616846" lon="139.749955"><ele>216.8</ele><time>2026-07-30T22:22:46Z</time></trkpt>
<trkpt lat="36.618632" lon="139.748052"><ele>219.4</ele><time>2026-07-30T22:23:29Z</time></trkpt>
<trkpt lat="36.620212" lon="139.746715"><ele>215.4</ele><time>2026-07-30T22:23:57Z</time></trkpt>
<trkpt lat="36.623789" lon="139.744858"><ele>216.6</ele><time>2026-07-30T22:24:59Z</time></trkpt>
<trkpt lat="36.628510" lon="139.738782"><ele>223.6</ele><time>2026-07-30T22:27:04Z</time></trkpt>
<trkpt lat="36.630937" lon="139.736271"><ele>227.0</ele><time>2026-07-30T22:28:03Z</time></trkpt>
<trkpt lat="36.632826" lon="139.735428"><ele>228.0</ele><time>2026-07-30T22:28:39Z</time></trkpt>
<trkpt lat="36.634462" lon="139.734355"><ele>229.4</ele><time>2026-07-30T22:29:13Z</time></trkpt>
<trkpt lat="36.635333" lon="139.733214"><ele>228.0</ele><time>2026-07-30T22:29:32Z</time></trkpt>
<trkpt lat="36.636148" lon="139.731665"><ele>225.4</ele><time>2026-07-30T22:29:54Z</time></trkpt>
<trkpt lat="36.637106" lon="139.731153"><ele>229.4</ele><time>2026-07-30T22:30:18Z</time></trkpt>
<trkpt lat="36.637427" lon="139.730824"><ele>231.2</ele><time>2026-07-30T22:30:27Z</time></trkpt>
<trkpt lat="36.638415" lon="139.728464"><ele>240.0</ele><time>2026-07-30T22:31:25Z</time></trkpt>
<trkpt lat="36.638899" lon="139.726782"><ele>245.8</ele><time>2026-07-30T22:32:19Z</time></trkpt>
<trkpt lat="36.640585" lon="139.725963"><ele>245.0</ele><time>2026-07-30T22:33:16Z</time></trkpt>
<trkpt lat="36.640833" lon="139.724783"><ele>246.2</ele><time>2026-07-30T22:33:35Z</time></trkpt>
<trkpt lat="36.641370" lon="139.723772"><ele>246.4</ele><time>2026-07-30T22:33:52Z</time></trkpt>
<trkpt lat="36.641903" lon="139.723181"><ele>244.6</ele><time>2026-07-30T22:34:02Z</time></trkpt>
<trkpt lat="36.642495" lon="139.722831"><ele>242.6</ele><time>2026-07-30T22:35:07Z</time></trkpt>
<trkpt lat="36.642977" lon="139.722023"><ele>240.0</ele><time>2026-07-30T22:35:20Z</time></trkpt>
<trkpt lat="36.643859" lon="139.721075"><ele>236.8</ele><time>2026-07-30T22:35:37Z</time></trkpt>
<trkpt lat="36.644496" lon="139.718835"><ele>234.0</ele><time>2026-07-30T22:36:05Z</time></trkpt>
<trkpt lat="36.644718" lon="139.715808"><ele>230.0</ele><time>2026-07-30T22:36:40Z</time></trkpt>
<trkpt lat="36.645156" lon="139.714981"><ele>230.4</ele><time>2026-07-30T22:36:54Z</time></trkpt>
<trkpt lat="36.644855" lon="139.714700"><ele>230.8</ele><time>2026-07-30T22:37:02Z</time></trkpt>
<trkpt lat="36.643814" lon="139.714599"><ele>233.4</ele><time>2026-07-30T22:37:25Z</time></trkpt>
<trkpt lat="36.642933" lon="139.714172"><ele>240.8</ele><time>2026-07-30T22:37:57Z</time></trkpt>
<trkpt lat="36.642280" lon="139.714562"><ele>247.4</ele><time>2026-07-30T22:38:24Z</time></trkpt>
<trkpt lat="36.641985" lon="139.714467"><ele>249.8</ele><time>2026-07-30T22:38:36Z</time></trkpt>
<trkpt lat="36.641920" lon="139.714106"><ele>251.8</ele><time>2026-07-30T22:38:47Z</time></trkpt>
<trkpt lat="36.642255" lon="139.712898"><ele>258.2</ele><time>2026-07-30T22:39:20Z</time></trkpt>
<trkpt lat="36.642270" lon="139.712114"><ele>259.6</ele><time>2026-07-30T22:39:36Z</time></trkpt>
<trkpt lat="36.640606" lon="139.708882"><ele>247.6</ele><time>2026-07-30T22:40:17Z</time></trkpt>
<trkpt lat="36.640740" lon="139.708013"><ele>246.6</ele><time>2026-07-30T22:40:25Z</time></trkpt>
<trkpt lat="36.641400" lon="139.705974"><ele>242.4</ele><time>2026-07-30T22:40:47Z</time></trkpt>
<trkpt lat="36.642244" lon="139.705261"><ele>246.2</ele><time>2026-07-30T22:41:07Z</time></trkpt>
<trkpt lat="36.642427" lon="139.704921"><ele>246.6</ele><time>2026-07-30T22:41:13Z</time></trkpt>
<trkpt lat="36.642633" lon="139.701455"><ele>244.8</ele><time>2026-07-30T22:41:56Z</time></trkpt>
<trkpt lat="36.642160" lon="139.699817"><ele>240.4</ele><time>2026-07-30T22:42:13Z</time></trkpt>
<trkpt lat="36.642056" lon="139.696911"><ele>238.2</ele><time>2026-07-30T22:42:45Z</time></trkpt>
<trkpt lat="36.641934" lon="139.696679"><ele>238.8</ele><time>2026-07-30T22:42:52Z</time></trkpt>
<trkpt lat="36.641965" lon="139.695762"><ele>239.0</ele><time>2026-07-30T22:46:08Z</time></trkpt>
<trkpt lat="36.641554" lon="139.692144"><ele>238.4</ele><time>2026-07-30T22:47:00Z</time></trkpt>
<trkpt lat="36.641549" lon="139.691192"><ele>238.6</ele><time>2026-07-30T22:47:13Z</time></trkpt>
<trkpt lat="36.641787" lon="139.689886"><ele>239.0</ele><time>2026-07-30T22:47:32Z</time></trkpt>
<trkpt lat="36.641785" lon="139.688201"><ele>239.4</ele><time>2026-07-30T22:47:57Z</time></trkpt>
<trkpt lat="36.640663" lon="139.678261"><ele>245.2</ele><time>2026-07-30T22:50:19Z</time></trkpt>
<trkpt lat="36.641276" lon="139.673919"><ele>248.6</ele><time>2026-07-30T22:51:22Z</time></trkpt>
<trkpt lat="36.641571" lon="139.673074"><ele>249.0</ele><time>2026-07-30T22:51:35Z</time></trkpt>
<trkpt lat="36.642675" lon="139.670851"><ele>252.0</ele><time>2026-07-30T22:52:14Z</time></trkpt>
<trkpt lat="36.642602" lon="139.669970"><ele>253.6</ele><time>2026-07-30T22:52:30Z</time></trkpt>
<trkpt lat="36.642694" lon="139.669041"><ele>254.8</ele><time>2026-07-30T22:52:43Z</time></trkpt>
<trkpt lat="36.643538" lon="139.665692"><ele>257.0</ele><time>2026-07-30T22:55:56Z</time></trkpt>
<trkpt lat="36.643948" lon="139.663081"><ele>260.0</ele><time>2026-07-30T22:56:44Z</time></trkpt>
<trkpt lat="36.643995" lon="139.658186"><ele>269.4</ele><time>2026-07-30T23:02:39Z</time></trkpt>
<trkpt lat="36.643368" lon="139.656626"><ele>273.4</ele><time>2026-07-30T23:03:13Z</time></trkpt>
<trkpt lat="36.643305" lon="139.655934"><ele>274.8</ele><time>2026-07-30T23:03:26Z</time></trkpt>
<trkpt lat="36.643550" lon="139.655255"><ele>274.8</ele><time>2026-07-30T23:03:39Z</time></trkpt>
<trkpt lat="36.643890" lon="139.654936"><ele>275.0</ele><time>2026-07-30T23:03:48Z</time></trkpt>
<trkpt lat="36.645074" lon="139.654436"><ele>274.8</ele><time>2026-07-30T23:04:13Z</time></trkpt>
<trkpt lat="36.646233" lon="139.654308"><ele>274.2</ele><time>2026-07-30T23:04:33Z</time></trkpt>
<trkpt lat="36.646696" lon="139.653759"><ele>274.2</ele><time>2026-07-30T23:04:44Z</time></trkpt>
<trkpt lat="36.647016" lon="139.652868"><ele>275.6</ele><time>2026-07-30T23:04:59Z</time></trkpt>
<trkpt lat="36.646676" lon="139.651807"><ele>277.2</ele><time>2026-07-30T23:05:17Z</time></trkpt>
<trkpt lat="36.646214" lon="139.651213"><ele>278.6</ele><time>2026-07-30T23:05:31Z</time></trkpt>
<trkpt lat="36.646043" lon="139.650725"><ele>280.2</ele><time>2026-07-30T23:05:41Z</time></trkpt>
<trkpt lat="36.646139" lon="139.650101"><ele>281.2</ele><time>2026-07-30T23:05:53Z</time></trkpt>
<trkpt lat="36.646655" lon="139.649341"><ele>283.6</ele><time>2026-07-30T23:06:12Z</time></trkpt>
<trkpt lat="36.646727" lon="139.648959"><ele>284.0</ele><time>2026-07-30T23:06:19Z</time></trkpt>
<trkpt lat="36.646626" lon="139.647930"><ele>285.4</ele><time>2026-07-30T23:06:38Z</time></trkpt>
<trkpt lat="36.646228" lon="139.647131"><ele>286.6</ele><time>2026-07-30T23:06:55Z</time></trkpt>
<trkpt lat="36.646145" lon="139.646672"><ele>288.0</ele><time>2026-07-30T23:07:04Z</time></trkpt>
<trkpt lat="36.646200" lon="139.646237"><ele>289.0</ele><time>2026-07-30T23:07:12Z</time></trkpt>
<trkpt lat="36.646684" lon="139.644995"><ele>290.6</ele><time>2026-07-30T23:07:36Z</time></trkpt>
<trkpt lat="36.646781" lon="139.644285"><ele>291.6</ele><time>2026-07-30T23:07:49Z</time></trkpt>
<trkpt lat="36.646280" lon="139.643167"><ele>293.8</ele><time>2026-07-30T23:08:12Z</time></trkpt>
<trkpt lat="36.646170" lon="139.641775"><ele>296.2</ele><time>2026-07-30T23:08:37Z</time></trkpt>
<trkpt lat="36.646400" lon="139.640896"><ele>296.6</ele><time>2026-07-30T23:08:55Z</time></trkpt>
<trkpt lat="36.647063" lon="139.640108"><ele>296.4</ele><time>2026-07-30T23:09:11Z</time></trkpt>
<trkpt lat="36.647444" lon="139.639511"><ele>298.0</ele><time>2026-07-30T23:09:24Z</time></trkpt>
<trkpt lat="36.647495" lon="139.639209"><ele>298.6</ele><time>2026-07-30T23:09:30Z</time></trkpt>
<trkpt lat="36.647290" lon="139.638847"><ele>300.0</ele><time>2026-07-30T23:09:39Z</time></trkpt>
<trkpt lat="36.646769" lon="139.638492"><ele>301.6</ele><time>2026-07-30T23:09:53Z</time></trkpt>
<trkpt lat="36.645509" lon="139.636823"><ele>304.0</ele><time>2026-07-30T23:10:36Z</time></trkpt>
<trkpt lat="36.644831" lon="139.635523"><ele>305.2</ele><time>2026-07-30T23:11:02Z</time></trkpt>
<trkpt lat="36.644505" lon="139.633955"><ele>308.0</ele><time>2026-07-30T23:11:34Z</time></trkpt>
<trkpt lat="36.644501" lon="139.632751"><ele>309.8</ele><time>2026-07-30T23:11:54Z</time></trkpt>
<trkpt lat="36.644566" lon="139.632209"><ele>310.4</ele><time>2026-07-30T23:12:02Z</time></trkpt>
<trkpt lat="36.644934" lon="139.631372"><ele>310.6</ele><time>2026-07-30T23:12:17Z</time></trkpt>
<trkpt lat="36.646163" lon="139.630559"><ele>311.6</ele><time>2026-07-30T23:12:45Z</time></trkpt>
<trkpt lat="36.646932" lon="139.630487"><ele>312.0</ele><time>2026-07-30T23:12:59Z</time></trkpt>
<trkpt lat="36.647427" lon="139.630225"><ele>312.8</ele><time>2026-07-30T23:13:09Z</time></trkpt>
<trkpt lat="36.648083" lon="139.629202"><ele>314.8</ele><time>2026-07-30T23:13:30Z</time></trkpt>
<trkpt lat="36.649991" lon="139.627915"><ele>315.4</ele><time>2026-07-30T23:14:11Z</time></trkpt>
<trkpt lat="36.650684" lon="139.626915"><ele>316.2</ele><time>2026-07-30T23:14:30Z</time></trkpt>
<trkpt lat="36.651087" lon="139.626933"><ele>316.6</ele><time>2026-07-30T23:14:37Z</time></trkpt>
<trkpt lat="36.652432" lon="139.627627"><ele>314.4</ele><time>2026-07-30T23:15:01Z</time></trkpt>
<trkpt lat="36.653250" lon="139.627830"><ele>315.8</ele><time>2026-07-30T23:15:16Z</time></trkpt>
<trkpt lat="36.655013" lon="139.628043"><ele>320.8</ele><time>2026-07-30T23:15:54Z</time></trkpt>
<trkpt lat="36.656338" lon="139.627836"><ele>325.0</ele><time>2026-07-30T23:16:25Z</time></trkpt>
<trkpt lat="36.659841" lon="139.625926"><ele>326.0</ele><time>2026-07-30T23:17:39Z</time></trkpt>
<trkpt lat="36.660676" lon="139.624207"><ele>332.8</ele><time>2026-07-30T23:18:21Z</time></trkpt>
<trkpt lat="36.662522" lon="139.623645"><ele>340.8</ele><time>2026-07-30T23:19:13Z</time></trkpt>
<trkpt lat="36.663763" lon="139.622733"><ele>342.4</ele><time>2026-07-30T23:19:53Z</time></trkpt>
<trkpt lat="36.665605" lon="139.621845"><ele>342.6</ele><time>2026-07-30T23:20:31Z</time></trkpt>
<trkpt lat="36.666406" lon="139.620592"><ele>342.2</ele><time>2026-07-30T23:20:54Z</time></trkpt>
<trkpt lat="36.667489" lon="139.617916"><ele>342.8</ele><time>2026-07-30T23:21:37Z</time></trkpt>
<trkpt lat="36.668877" lon="139.616365"><ele>343.6</ele><time>2026-07-30T23:22:12Z</time></trkpt>
<trkpt lat="36.670290" lon="139.615180"><ele>345.0</ele><time>2026-07-30T23:22:47Z</time></trkpt>
<trkpt lat="36.671551" lon="139.613720"><ele>348.6</ele><time>2026-07-30T23:23:21Z</time></trkpt>
<trkpt lat="36.672379" lon="139.612348"><ele>350.0</ele><time>2026-07-30T23:23:50Z</time></trkpt>
<trkpt lat="36.672831" lon="139.612206"><ele>351.8</ele><time>2026-07-30T23:24:00Z</time></trkpt>
<trkpt lat="36.673708" lon="139.612714"><ele>351.8</ele><time>2026-07-30T23:24:19Z</time></trkpt>
<trkpt lat="36.674392" lon="139.612610"><ele>351.8</ele><time>2026-07-30T23:24:32Z</time></trkpt>
<trkpt lat="36.675004" lon="139.612278"><ele>353.2</ele><time>2026-07-30T23:24:46Z</time></trkpt>
<trkpt lat="36.675868" lon="139.611324"><ele>354.6</ele><time>2026-07-30T23:25:11Z</time></trkpt>
<trkpt lat="36.676508" lon="139.611102"><ele>355.2</ele><time>2026-07-30T23:25:26Z</time></trkpt>
<trkpt lat="36.676707" lon="139.610825"><ele>357.0</ele><time>2026-07-30T23:25:34Z</time></trkpt>
<trkpt lat="36.677367" lon="139.610637"><ele>358.0</ele><time>2026-07-30T23:25:51Z</time></trkpt>
<trkpt lat="36.678245" lon="139.609494"><ele>364.0</ele><time>2026-07-30T23:26:25Z</time></trkpt>
<trkpt lat="36.678965" lon="139.609145"><ele>363.8</ele><time>2026-07-30T23:26:43Z</time></trkpt>
<trkpt lat="36.679544" lon="139.608082"><ele>365.2</ele><time>2026-07-30T23:27:05Z</time></trkpt>
<trkpt lat="36.680632" lon="139.607492"><ele>369.6</ele><time>2026-07-30T23:27:34Z</time></trkpt>
<trkpt lat="36.681455" lon="139.606792"><ele>369.0</ele><time>2026-07-30T23:27:53Z</time></trkpt>
<trkpt lat="36.682238" lon="139.605868"><ele>375.6</ele><time>2026-07-30T23:28:25Z</time></trkpt>
<trkpt lat="36.683244" lon="139.605580"><ele>380.2</ele><time>2026-07-30T23:28:59Z</time></trkpt>
<trkpt lat="36.684317" lon="139.604163"><ele>383.0</ele><time>2026-07-30T23:29:35Z</time></trkpt>
<trkpt lat="36.684656" lon="139.603407"><ele>385.2</ele><time>2026-07-30T23:29:56Z</time></trkpt>
<trkpt lat="36.685356" lon="139.603080"><ele>383.6</ele><time>2026-07-30T23:30:06Z</time></trkpt>
<trkpt lat="36.685564" lon="139.602698"><ele>384.8</ele><time>2026-07-30T23:30:17Z</time></trkpt>
<trkpt lat="36.686015" lon="139.602342"><ele>387.6</ele><time>2026-07-30T23:30:32Z</time></trkpt>
<trkpt lat="36.686843" lon="139.601915"><ele>388.2</ele><time>2026-07-30T23:30:52Z</time></trkpt>
<trkpt lat="36.686959" lon="139.601412"><ele>388.8</ele><time>2026-07-30T23:31:03Z</time></trkpt>
<trkpt lat="36.686684" lon="139.600669"><ele>394.2</ele><time>2026-07-30T23:31:28Z</time></trkpt>
<trkpt lat="36.687415" lon="139.599019"><ele>406.6</ele><time>2026-07-30T23:32:30Z</time></trkpt>
<trkpt lat="36.686980" lon="139.598027"><ele>412.4</ele><time>2026-07-30T23:33:04Z</time></trkpt>
<trkpt lat="36.687146" lon="139.597097"><ele>416.8</ele><time>2026-07-30T23:33:31Z</time></trkpt>
<trkpt lat="36.686671" lon="139.594953"><ele>419.2</ele><time>2026-07-30T23:34:14Z</time></trkpt>
<trkpt lat="36.686740" lon="139.594556"><ele>419.0</ele><time>2026-07-30T23:34:21Z</time></trkpt>
<trkpt lat="36.686995" lon="139.594289"><ele>418.2</ele><time>2026-07-30T23:34:27Z</time></trkpt>
<trkpt lat="36.687945" lon="139.594006"><ele>417.2</ele><time>2026-07-30T23:34:46Z</time></trkpt>
<trkpt lat="36.689022" lon="139.593990"><ele>422.4</ele><time>2026-07-30T23:35:20Z</time></trkpt>
<trkpt lat="36.689353" lon="139.593857"><ele>424.4</ele><time>2026-07-30T23:35:31Z</time></trkpt>
<trkpt lat="36.690284" lon="139.594331"><ele>429.6</ele><time>2026-07-30T23:36:05Z</time></trkpt>
<trkpt lat="36.691229" lon="139.593966"><ele>428.2</ele><time>2026-07-30T23:36:28Z</time></trkpt>
<trkpt lat="36.692801" lon="139.592788"><ele>434.6</ele><time>2026-07-30T23:37:21Z</time></trkpt>
<trkpt lat="36.693717" lon="139.592524"><ele>438.8</ele><time>2026-07-30T23:37:50Z</time></trkpt>
<trkpt lat="36.694219" lon="139.592049"><ele>441.6</ele><time>2026-07-30T23:38:09Z</time></trkpt>
<trkpt lat="36.694997" lon="139.591773"><ele>445.0</ele><time>2026-07-30T23:38:35Z</time></trkpt>
<trkpt lat="36.695849" lon="139.590903"><ele>449.6</ele><time>2026-07-30T23:39:09Z</time></trkpt>
<trkpt lat="36.696437" lon="139.590721"><ele>449.6</ele><time>2026-07-30T23:39:22Z</time></trkpt>
<trkpt lat="36.696682" lon="139.590887"><ele>450.0</ele><time>2026-07-30T23:39:28Z</time></trkpt>
<trkpt lat="36.698124" lon="139.590563"><ele>457.2</ele><time>2026-07-30T23:40:17Z</time></trkpt>
<trkpt lat="36.698340" lon="139.590225"><ele>459.0</ele><time>2026-07-30T23:40:29Z</time></trkpt>
<trkpt lat="36.698370" lon="139.589516"><ele>458.8</ele><time>2026-07-30T23:40:47Z</time></trkpt>
<trkpt lat="36.699849" lon="139.588525"><ele>460.0</ele><time>2026-07-30T23:41:23Z</time></trkpt>
<trkpt lat="36.700261" lon="139.588641"><ele>461.4</ele><time>2026-07-30T23:41:35Z</time></trkpt>
<trkpt lat="36.701320" lon="139.590044"><ele>467.8</ele><time>2026-07-30T23:42:27Z</time></trkpt>
<trkpt lat="36.701769" lon="139.590383"><ele>471.0</ele><time>2026-07-30T23:42:46Z</time></trkpt>
<trkpt lat="36.702034" lon="139.590412"><ele>472.2</ele><time>2026-07-30T23:42:55Z</time></trkpt>
<trkpt lat="36.702440" lon="139.590205"><ele>472.4</ele><time>2026-07-30T23:43:05Z</time></trkpt>
<trkpt lat="36.702900" lon="139.590243"><ele>472.2</ele><time>2026-07-30T23:43:14Z</time></trkpt>
<trkpt lat="36.703615" lon="139.589876"><ele>472.6</ele><time>2026-07-30T23:43:31Z</time></trkpt>
<trkpt lat="36.704895" lon="139.590026"><ele>476.0</ele><time>2026-07-30T23:44:04Z</time></trkpt>
<trkpt lat="36.705866" lon="139.590569"><ele>479.6</ele><time>2026-07-30T23:44:33Z</time></trkpt>
<trkpt lat="36.706624" lon="139.590412"><ele>480.6</ele><time>2026-07-30T23:44:52Z</time></trkpt>
<trkpt lat="36.707792" lon="139.590461"><ele>485.2</ele><time>2026-07-30T23:45:28Z</time></trkpt>
<trkpt lat="36.708757" lon="139.590296"><ele>487.2</ele><time>2026-07-30T23:45:54Z</time></trkpt>
<trkpt lat="36.709234" lon="139.590062"><ele>491.2</ele><time>2026-07-30T23:46:17Z</time></trkpt>
<trkpt lat="36.709367" lon="139.589840"><ele>492.4</ele><time>2026-07-30T23:46:23Z</time></trkpt>
<trkpt lat="36.710024" lon="139.589833"><ele>498.8</ele><time>2026-07-30T23:46:52Z</time></trkpt>
<trkpt lat="36.710299" lon="139.589663"><ele>500.2</ele><time>2026-07-30T23:47:00Z</time></trkpt>
<trkpt lat="36.710831" lon="139.590142"><ele>507.2</ele><time>2026-07-30T23:47:30Z</time></trkpt>
<trkpt lat="36.711312" lon="139.589687"><ele>512.0</ele><time>2026-07-30T23:47:57Z</time></trkpt>
<trkpt lat="36.712775" lon="139.589698"><ele>514.4</ele><time>2026-07-30T23:48:37Z</time></trkpt>
<trkpt lat="36.713418" lon="139.589952"><ele>513.4</ele><time>2026-07-30T23:48:48Z</time></trkpt>
<trkpt lat="36.713905" lon="139.590529"><ele>515.0</ele><time>2026-07-30T23:49:05Z</time></trkpt>
<trkpt lat="36.714487" lon="139.590038"><ele>521.0</ele><time>2026-07-30T23:49:30Z</time></trkpt>
<trkpt lat="36.715541" lon="139.589879"><ele>526.4</ele><time>2026-07-30T23:50:03Z</time></trkpt>
<trkpt lat="36.715955" lon="139.589480"><ele>531.4</ele><time>2026-07-30T23:50:26Z</time></trkpt>
<trkpt lat="36.716898" lon="139.589740"><ele>537.8</ele><time>2026-07-30T23:51:05Z</time></trkpt>
<trkpt lat="36.717404" lon="139.589430"><ele>539.0</ele><time>2026-07-30T23:51:21Z</time></trkpt>
<trkpt lat="36.718377" lon="139.589723"><ele>545.4</ele><time>2026-07-30T23:52:01Z</time></trkpt>
<trkpt lat="36.719158" lon="139.589735"><ele>549.0</ele><time>2026-07-30T23:52:27Z</time></trkpt>
<trkpt lat="36.720093" lon="139.590060"><ele>556.2</ele><time>2026-07-30T23:53:08Z</time></trkpt>
<trkpt lat="36.720425" lon="139.589892"><ele>558.4</ele><time>2026-07-30T23:53:25Z</time></trkpt>
<trkpt lat="36.721033" lon="139.589009"><ele>566.2</ele><time>2026-07-30T23:54:04Z</time></trkpt>
<trkpt lat="36.721613" lon="139.588979"><ele>572.6</ele><time>2026-07-30T23:54:38Z</time></trkpt>
<trkpt lat="36.722175" lon="139.588717"><ele>579.0</ele><time>2026-07-30T23:55:06Z</time></trkpt>
<trkpt lat="36.722732" lon="139.587707"><ele>590.2</ele><time>2026-07-30T23:55:58Z</time></trkpt>
<trkpt lat="36.722853" lon="139.587739"><ele>593.2</ele><time>2026-07-30T23:56:11Z</time></trkpt>
<trkpt lat="36.722927" lon="139.588101"><ele>597.2</ele><time>2026-07-30T23:56:30Z</time></trkpt>
<trkpt lat="36.723113" lon="139.588057"><ele>599.8</ele><time>2026-07-30T23:56:41Z</time></trkpt>
<trkpt lat="36.723944" lon="139.587197"><ele>609.8</ele><time>2026-07-30T23:57:33Z</time></trkpt>
<trkpt lat="36.723922" lon="139.586746"><ele>612.4</ele><time>2026-07-30T23:57:49Z</time></trkpt>
<trkpt lat="36.724052" lon="139.586350"><ele>617.2</ele><time>2026-07-30T23:58:11Z</time></trkpt>
<trkpt lat="36.724191" lon="139.586403"><ele>620.6</ele><time>2026-07-30T23:58:23Z</time></trkpt>
<trkpt lat="36.724267" lon="139.586848"><ele>625.0</ele><time>2026-07-30T23:58:47Z</time></trkpt>
<trkpt lat="36.724372" lon="139.586842"><ele>626.6</ele><time>2026-07-30T23:58:54Z</time></trkpt>
<trkpt lat="36.724759" lon="139.585807"><ele>638.0</ele><time>2026-07-30T23:59:48Z</time></trkpt>
<trkpt lat="36.725471" lon="139.585224"><ele>646.0</ele><time>2026-07-31T00:00:31Z</time></trkpt>
<trkpt lat="36.725845" lon="139.584465"><ele>655.4</ele><time>2026-07-31T00:01:18Z</time></trkpt>
<trkpt lat="36.726285" lon="139.583968"><ele>663.0</ele><time>2026-07-31T00:01:50Z</time></trkpt>
<trkpt lat="36.726550" lon="139.583329"><ele>671.8</ele><time>2026-07-31T00:02:27Z</time></trkpt>
<trkpt lat="36.725667" lon="139.583450"><ele>679.0</ele><time>2026-07-31T00:03:12Z</time></trkpt>
<trkpt lat="36.725229" lon="139.583864"><ele>681.8</ele><time>2026-07-31T00:03:38Z</time></trkpt>
<trkpt lat="36.725707" lon="139.583119"><ele>690.2</ele><time>2026-07-31T00:04:18Z</time></trkpt>
<trkpt lat="36.726672" lon="139.582720"><ele>702.0</ele><time>2026-07-31T00:05:17Z</time></trkpt>
<trkpt lat="36.727228" lon="139.582121"><ele>709.2</ele><time>2026-07-31T00:05:51Z</time></trkpt>
<trkpt lat="36.727911" lon="139.581822"><ele>720.8</ele><time>2026-07-31T00:06:46Z</time></trkpt>
<trkpt lat="36.727993" lon="139.581597"><ele>723.8</ele><time>2026-07-31T00:06:58Z</time></trkpt>
<trkpt lat="36.727424" lon="139.581813"><ele>733.0</ele><time>2026-07-31T00:07:39Z</time></trkpt>
<trkpt lat="36.728459" lon="139.581161"><ele>748.4</ele><time>2026-07-31T00:08:52Z</time></trkpt>
<trkpt lat="36.728987" lon="139.580507"><ele>757.0</ele><time>2026-07-31T00:09:32Z</time></trkpt>
<trkpt lat="36.729081" lon="139.580474"><ele>759.0</ele><time>2026-07-31T00:09:42Z</time></trkpt>
<trkpt lat="36.728990" lon="139.580763"><ele>763.0</ele><time>2026-07-31T00:10:05Z</time></trkpt>
<trkpt lat="36.729147" lon="139.580917"><ele>766.4</ele><time>2026-07-31T00:10:21Z</time></trkpt>
<trkpt lat="36.729392" lon="139.580796"><ele>770.0</ele><time>2026-07-31T00:10:37Z</time></trkpt>
<trkpt lat="36.729216" lon="139.580781"><ele>773.2</ele><time>2026-07-31T00:10:49Z</time></trkpt>
<trkpt lat="36.729320" lon="139.580618"><ele>775.4</ele><time>2026-07-31T00:11:01Z</time></trkpt>
<trkpt lat="36.729997" lon="139.580979"><ele>786.0</ele><time>2026-07-31T00:11:49Z</time></trkpt>
<trkpt lat="36.729821" lon="139.580602"><ele>792.4</ele><time>2026-07-31T00:12:15Z</time></trkpt>
<trkpt lat="36.729582" lon="139.580425"><ele>795.8</ele><time>2026-07-31T00:12:30Z</time></trkpt>
<trkpt lat="36.729830" lon="139.580190"><ele>800.4</ele><time>2026-07-31T00:12:54Z</time></trkpt>
<trkpt lat="36.729934" lon="139.579828"><ele>808.0</ele><time>2026-07-31T00:13:41Z</time></trkpt>
<trkpt lat="36.730236" lon="139.579898"><ele>807.2</ele><time>2026-07-31T00:19:05Z</time></trkpt>
<trkpt lat="36.730669" lon="139.580318"><ele>804.0</ele><time>2026-07-31T00:19:18Z</time></trkpt>
<trkpt lat="36.731559" lon="139.580068"><ele>798.6</ele><time>2026-07-31T00:19:34Z</time></trkpt>
<trkpt lat="36.732161" lon="139.580756"><ele>793.0</ele><time>2026-07-31T00:19:50Z</time></trkpt>
<trkpt lat="36.732212" lon="139.580617"><ele>792.0</ele><time>2026-07-31T00:19:53Z</time></trkpt>
<trkpt lat="36.731975" lon="139.580315"><ele>787.6</ele><time>2026-07-31T00:20:00Z</time></trkpt>
<trkpt lat="36.731848" lon="139.579827"><ele>783.0</ele><time>2026-07-31T00:20:09Z</time></trkpt>
<trkpt lat="36.731921" lon="139.579768"><ele>781.6</ele><time>2026-07-31T00:20:12Z</time></trkpt>
<trkpt lat="36.732193" lon="139.580389"><ele>776.4</ele><time>2026-07-31T00:20:25Z</time></trkpt>
<trkpt lat="36.732373" lon="139.580442"><ele>774.2</ele><time>2026-07-31T00:20:29Z</time></trkpt>
<trkpt lat="36.732181" lon="139.580052"><ele>770.8</ele><time>2026-07-31T00:20:39Z</time></trkpt>
<trkpt lat="36.732173" lon="139.579500"><ele>767.6</ele><time>2026-07-31T00:20:50Z</time></trkpt>
<trkpt lat="36.733299" lon="139.578049"><ele>751.0</ele><time>2026-07-31T00:21:20Z</time></trkpt>
<trkpt lat="36.733755" lon="139.578531"><ele>745.4</ele><time>2026-07-31T00:21:31Z</time></trkpt>
<trkpt lat="36.733422" lon="139.579826"><ele>732.4</ele><time>2026-07-31T00:21:51Z</time></trkpt>
<trkpt lat="36.733473" lon="139.580011"><ele>731.0</ele><time>2026-07-31T00:21:55Z</time></trkpt>
<trkpt lat="36.733901" lon="139.579818"><ele>729.2</ele><time>2026-07-31T00:22:05Z</time></trkpt>
<trkpt lat="36.734858" lon="139.579896"><ele>722.8</ele><time>2026-07-31T00:22:25Z</time></trkpt>
<trkpt lat="36.735081" lon="139.579981"><ele>722.2</ele><time>2026-07-31T00:22:28Z</time></trkpt>
<trkpt lat="36.735425" lon="139.580435"><ele>718.8</ele><time>2026-07-31T00:22:37Z</time></trkpt>
<trkpt lat="36.735486" lon="139.580304"><ele>717.8</ele><time>2026-07-31T00:22:41Z</time></trkpt>
<trkpt lat="36.735337" lon="139.579950"><ele>715.6</ele><time>2026-07-31T00:22:46Z</time></trkpt>
<trkpt lat="36.734851" lon="139.579463"><ele>710.0</ele><time>2026-07-31T00:22:56Z</time></trkpt>
<trkpt lat="36.735027" lon="139.579117"><ele>708.0</ele><time>2026-07-31T00:23:02Z</time></trkpt>
<trkpt lat="36.735986" lon="139.578804"><ele>700.4</ele><time>2026-07-31T00:23:15Z</time></trkpt>
<trkpt lat="36.737603" lon="139.579285"><ele>683.6</ele><time>2026-07-31T00:23:36Z</time></trkpt>
<trkpt lat="36.738159" lon="139.578737"><ele>679.4</ele><time>2026-07-31T00:23:48Z</time></trkpt>
<trkpt lat="36.739035" lon="139.578438"><ele>673.8</ele><time>2026-07-31T00:24:01Z</time></trkpt>
<trkpt lat="36.740118" lon="139.578463"><ele>667.6</ele><time>2026-07-31T00:24:15Z</time></trkpt>
<trkpt lat="36.740819" lon="139.578129"><ele>663.8</ele><time>2026-07-31T00:24:26Z</time></trkpt>
<trkpt lat="36.740995" lon="139.577744"><ele>660.8</ele><time>2026-07-31T00:24:34Z</time></trkpt>
<trkpt lat="36.743451" lon="139.576687"><ele>651.8</ele><time>2026-07-31T00:25:09Z</time></trkpt>
<trkpt lat="36.743544" lon="139.576443"><ele>651.0</ele><time>2026-07-31T00:25:13Z</time></trkpt>
<trkpt lat="36.742871" lon="139.574822"><ele>654.6</ele><time>2026-07-31T00:25:44Z</time></trkpt>
<trkpt lat="36.742679" lon="139.573186"><ele>653.8</ele><time>2026-07-31T00:26:11Z</time></trkpt>
<trkpt lat="36.742229" lon="139.571416"><ele>655.2</ele><time>2026-07-31T00:26:41Z</time></trkpt>
<trkpt lat="36.742368" lon="139.570645"><ele>658.0</ele><time>2026-07-31T00:26:56Z</time></trkpt>
<trkpt lat="36.742990" lon="139.568964"><ele>660.8</ele><time>2026-07-31T00:27:31Z</time></trkpt>
<trkpt lat="36.743119" lon="139.566641"><ele>666.2</ele><time>2026-07-31T00:28:18Z</time></trkpt>
<trkpt lat="36.743019" lon="139.566358"><ele>667.2</ele><time>2026-07-31T00:28:26Z</time></trkpt>
<trkpt lat="36.742422" lon="139.565541"><ele>668.8</ele><time>2026-07-31T00:28:51Z</time></trkpt>
<trkpt lat="36.742257" lon="139.565055"><ele>671.8</ele><time>2026-07-31T00:29:07Z</time></trkpt>
<trkpt lat="36.742280" lon="139.564683"><ele>674.8</ele><time>2026-07-31T00:29:20Z</time></trkpt>
<trkpt lat="36.740786" lon="139.562996"><ele>676.8</ele><time>2026-07-31T00:30:06Z</time></trkpt>
<trkpt lat="36.737883" lon="139.558681"><ele>690.2</ele><time>2026-07-31T00:31:54Z</time></trkpt>
<trkpt lat="36.737200" lon="139.557235"><ele>692.6</ele><time>2026-07-31T00:32:26Z</time></trkpt>
<trkpt lat="36.736556" lon="139.556533"><ele>694.6</ele><time>2026-07-31T00:33:26Z</time></trkpt>
<trkpt lat="36.735894" lon="139.557520"><ele>693.8</ele><time>2026-07-31T00:33:47Z</time></trkpt>
<trkpt lat="36.734935" lon="139.558386"><ele>692.6</ele><time>2026-07-31T00:34:10Z</time></trkpt>
<trkpt lat="36.735459" lon="139.559755"><ele>688.4</ele><time>2026-07-31T00:34:29Z</time></trkpt>
<trkpt lat="36.736542" lon="139.561533"><ele>681.8</ele><time>2026-07-31T00:34:54Z</time></trkpt>
<trkpt lat="36.735992" lon="139.562545"><ele>681.0</ele><time>2026-07-31T00:35:15Z</time></trkpt>
<trkpt lat="36.736006" lon="139.562760"><ele>681.2</ele><time>2026-07-31T00:35:20Z</time></trkpt>
<trkpt lat="36.736301" lon="139.562999"><ele>681.4</ele><time>2026-07-31T00:35:27Z</time></trkpt>
<trkpt lat="36.736502" lon="139.562948"><ele>681.0</ele><time>2026-07-31T00:35:32Z</time></trkpt>
<trkpt lat="36.736472" lon="139.562719"><ele>681.4</ele><time>2026-07-31T00:45:35Z</time></trkpt>
<trkpt lat="36.736885" lon="139.562280"><ele>681.2</ele><time>2026-07-31T00:45:52Z</time></trkpt>
<trkpt lat="36.736548" lon="139.561419"><ele>682.6</ele><time>2026-07-31T00:46:14Z</time></trkpt>
<trkpt lat="36.737813" lon="139.558603"><ele>694.4</ele><time>2026-07-31T00:47:20Z</time></trkpt>
<trkpt lat="36.737128" lon="139.557141"><ele>695.8</ele><time>2026-07-31T00:47:50Z</time></trkpt>
<trkpt lat="36.735244" lon="139.555176"><ele>702.8</ele><time>2026-07-31T00:48:54Z</time></trkpt>
<trkpt lat="36.734893" lon="139.554857"><ele>703.8</ele><time>2026-07-31T00:49:03Z</time></trkpt>
<trkpt lat="36.734052" lon="139.554609"><ele>705.4</ele><time>2026-07-31T00:49:21Z</time></trkpt>
<trkpt lat="36.733362" lon="139.554151"><ele>708.6</ele><time>2026-07-31T00:49:40Z</time></trkpt>
<trkpt lat="36.733135" lon="139.551313"><ele>719.8</ele><time>2026-07-31T00:50:46Z</time></trkpt>
<trkpt lat="36.733008" lon="139.550992"><ele>721.4</ele><time>2026-07-31T00:50:55Z</time></trkpt>
<trkpt lat="36.732479" lon="139.550642"><ele>722.4</ele><time>2026-07-31T00:51:17Z</time></trkpt>
<trkpt lat="36.733098" lon="139.549379"><ele>728.0</ele><time>2026-07-31T00:52:24Z</time></trkpt>
<trkpt lat="36.734955" lon="139.546983"><ele>742.0</ele><time>2026-07-31T00:53:45Z</time></trkpt>
<trkpt lat="36.736680" lon="139.541672"><ele>765.0</ele><time>2026-07-31T00:56:03Z</time></trkpt>
<trkpt lat="36.739075" lon="139.536253"><ele>791.0</ele><time>2026-07-31T00:58:37Z</time></trkpt>
<trkpt lat="36.739009" lon="139.532652"><ele>802.4</ele><time>2026-07-31T01:00:01Z</time></trkpt>
<trkpt lat="36.738227" lon="139.531063"><ele>810.6</ele><time>2026-07-31T01:00:50Z</time></trkpt>
<trkpt lat="36.737949" lon="139.528949"><ele>823.2</ele><time>2026-07-31T01:01:55Z</time></trkpt>
<trkpt lat="36.738585" lon="139.527257"><ele>836.8</ele><time>2026-07-31T01:05:07Z</time></trkpt>
<trkpt lat="36.739268" lon="139.526478"><ele>842.2</ele><time>2026-07-31T01:05:44Z</time></trkpt>
<trkpt lat="36.739373" lon="139.525949"><ele>844.2</ele><time>2026-07-31T01:05:59Z</time></trkpt>
<trkpt lat="36.739231" lon="139.525653"><ele>845.4</ele><time>2026-07-31T01:06:08Z</time></trkpt>
<trkpt lat="36.738919" lon="139.525449"><ele>847.4</ele><time>2026-07-31T01:06:20Z</time></trkpt>
<trkpt lat="36.738608" lon="139.525449"><ele>848.0</ele><time>2026-07-31T01:06:28Z</time></trkpt>
<trkpt lat="36.738293" lon="139.525653"><ele>847.6</ele><time>2026-07-31T01:06:36Z</time></trkpt>
<trkpt lat="36.737617" lon="139.526381"><ele>844.6</ele><time>2026-07-31T01:06:49Z</time></trkpt>
<trkpt lat="36.737237" lon="139.527086"><ele>841.4</ele><time>2026-07-31T01:06:57Z</time></trkpt>
<trkpt lat="36.736825" lon="139.528359"><ele>842.8</ele><time>2026-07-31T01:07:17Z</time></trkpt>
<trkpt lat="36.736305" lon="139.529423"><ele>849.0</ele><time>2026-07-31T01:07:48Z</time></trkpt>
<trkpt lat="36.736333" lon="139.530203"><ele>854.8</ele><time>2026-07-31T01:08:15Z</time></trkpt>
<trkpt lat="36.736099" lon="139.530325"><ele>856.6</ele><time>2026-07-31T01:08:25Z</time></trkpt>
<trkpt lat="36.735628" lon="139.529671"><ele>861.0</ele><time>2026-07-31T01:08:55Z</time></trkpt>
<trkpt lat="36.735482" lon="139.529741"><ele>862.0</ele><time>2026-07-31T01:09:03Z</time></trkpt>
<trkpt lat="36.736070" lon="139.530613"><ele>869.0</ele><time>2026-07-31T01:09:42Z</time></trkpt>
<trkpt lat="36.736368" lon="139.531793"><ele>877.6</ele><time>2026-07-31T01:10:24Z</time></trkpt>
<trkpt lat="36.736234" lon="139.532788"><ele>884.6</ele><time>2026-07-31T01:10:58Z</time></trkpt>
<trkpt lat="36.736067" lon="139.533028"><ele>886.2</ele><time>2026-07-31T01:11:08Z</time></trkpt>
<trkpt lat="36.735897" lon="139.533027"><ele>887.2</ele><time>2026-07-31T01:11:15Z</time></trkpt>
<trkpt lat="36.735775" lon="139.532740"><ele>889.4</ele><time>2026-07-31T01:11:27Z</time></trkpt>
<trkpt lat="36.736058" lon="139.531789"><ele>895.2</ele><time>2026-07-31T01:12:02Z</time></trkpt>
<trkpt lat="36.735007" lon="139.530494"><ele>909.8</ele><time>2026-07-31T01:13:15Z</time></trkpt>
<trkpt lat="36.734439" lon="139.530063"><ele>914.2</ele><time>2026-07-31T01:13:40Z</time></trkpt>
<trkpt lat="36.733803" lon="139.529225"><ele>922.8</ele><time>2026-07-31T01:14:23Z</time></trkpt>
<trkpt lat="36.732936" lon="139.528546"><ele>932.8</ele><time>2026-07-31T01:15:16Z</time></trkpt>
<trkpt lat="36.732664" lon="139.528525"><ele>934.6</ele><time>2026-07-31T01:15:27Z</time></trkpt>
<trkpt lat="36.732627" lon="139.528723"><ele>938.0</ele><time>2026-07-31T01:15:40Z</time></trkpt>
<trkpt lat="36.733101" lon="139.528932"><ele>942.4</ele><time>2026-07-31T01:16:03Z</time></trkpt>
<trkpt lat="36.733673" lon="139.529543"><ele>947.2</ele><time>2026-07-31T01:16:31Z</time></trkpt>
<trkpt lat="36.734110" lon="139.530411"><ele>953.6</ele><time>2026-07-31T01:17:05Z</time></trkpt>
<trkpt lat="36.734038" lon="139.530649"><ele>955.2</ele><time>2026-07-31T01:17:14Z</time></trkpt>
<trkpt lat="36.733896" lon="139.530697"><ele>956.6</ele><time>2026-07-31T01:17:21Z</time></trkpt>
<trkpt lat="36.733183" lon="139.529627"><ele>964.4</ele><time>2026-07-31T01:18:07Z</time></trkpt>
<trkpt lat="36.732386" lon="139.529219"><ele>972.6</ele><time>2026-07-31T01:18:51Z</time></trkpt>
<trkpt lat="36.731049" lon="139.527394"><ele>988.6</ele><time>2026-07-31T01:20:21Z</time></trkpt>
<trkpt lat="36.730270" lon="139.526665"><ele>995.4</ele><time>2026-07-31T01:21:00Z</time></trkpt>
<trkpt lat="36.730071" lon="139.525304"><ele>1004.0</ele><time>2026-07-31T01:21:48Z</time></trkpt>
<trkpt lat="36.730346" lon="139.524194"><ele>1010.0</ele><time>2026-07-31T01:22:29Z</time></trkpt>
<trkpt lat="36.730034" lon="139.524282"><ele>1012.8</ele><time>2026-07-31T01:22:45Z</time></trkpt>
<trkpt lat="36.729968" lon="139.524892"><ele>1015.4</ele><time>2026-07-31T01:23:04Z</time></trkpt>
<trkpt lat="36.729796" lon="139.525257"><ele>1017.6</ele><time>2026-07-31T01:23:18Z</time></trkpt>
<trkpt lat="36.729290" lon="139.525593"><ele>1020.0</ele><time>2026-07-31T01:23:38Z</time></trkpt>
<trkpt lat="36.729050" lon="139.525551"><ele>1021.2</ele><time>2026-07-31T01:23:47Z</time></trkpt>
<trkpt lat="36.729002" lon="139.525326"><ele>1022.2</ele><time>2026-07-31T01:23:56Z</time></trkpt>
<trkpt lat="36.729461" lon="139.524655"><ele>1025.2</ele><time>2026-07-31T01:24:22Z</time></trkpt>
<trkpt lat="36.729683" lon="139.523790"><ele>1030.2</ele><time>2026-07-31T01:24:50Z</time></trkpt>
<trkpt lat="36.729906" lon="139.523435"><ele>1031.6</ele><time>2026-07-31T01:25:03Z</time></trkpt>
<trkpt lat="36.729880" lon="139.523065"><ele>1033.6</ele><time>2026-07-31T01:25:14Z</time></trkpt>
<trkpt lat="36.729658" lon="139.523174"><ele>1035.6</ele><time>2026-07-31T01:25:24Z</time></trkpt>
<trkpt lat="36.729530" lon="139.523731"><ele>1037.6</ele><time>2026-07-31T01:25:39Z</time></trkpt>
<trkpt lat="36.729278" lon="139.524077"><ele>1039.0</ele><time>2026-07-31T01:25:50Z</time></trkpt>
<trkpt lat="36.728852" lon="139.524343"><ele>1041.2</ele><time>2026-07-31T01:26:07Z</time></trkpt>
<trkpt lat="36.728656" lon="139.524079"><ele>1042.8</ele><time>2026-07-31T01:26:21Z</time></trkpt>
<trkpt lat="36.729410" lon="139.523032"><ele>1050.4</ele><time>2026-07-31T01:27:11Z</time></trkpt>
<trkpt lat="36.729639" lon="139.522282"><ele>1054.0</ele><time>2026-07-31T01:27:34Z</time></trkpt>
<trkpt lat="36.729487" lon="139.522234"><ele>1055.8</ele><time>2026-07-31T01:27:42Z</time></trkpt>
<trkpt lat="36.729323" lon="139.522421"><ele>1057.4</ele><time>2026-07-31T01:27:52Z</time></trkpt>
<trkpt lat="36.729085" lon="139.523060"><ele>1061.2</ele><time>2026-07-31T01:28:15Z</time></trkpt>
<trkpt lat="36.728849" lon="139.523085"><ele>1062.8</ele><time>2026-07-31T01:28:27Z</time></trkpt>
<trkpt lat="36.728801" lon="139.522708"><ele>1065.2</ele><time>2026-07-31T01:28:43Z</time></trkpt>
<trkpt lat="36.729326" lon="139.521485"><ele>1074.4</ele><time>2026-07-31T01:29:32Z</time></trkpt>
<trkpt lat="36.729246" lon="139.521256"><ele>1076.0</ele><time>2026-07-31T01:29:42Z</time></trkpt>
<trkpt lat="36.729090" lon="139.521273"><ele>1078.0</ele><time>2026-07-31T01:29:50Z</time></trkpt>
<trkpt lat="36.728986" lon="139.521956"><ele>1082.4</ele><time>2026-07-31T01:30:14Z</time></trkpt>
<trkpt lat="36.728691" lon="139.522013"><ele>1084.6</ele><time>2026-07-31T01:30:28Z</time></trkpt>
<trkpt lat="36.728950" lon="139.520800"><ele>1092.6</ele><time>2026-07-31T01:31:12Z</time></trkpt>
<trkpt lat="36.728924" lon="139.520318"><ele>1096.2</ele><time>2026-07-31T01:31:31Z</time></trkpt>
<trkpt lat="36.728684" lon="139.520398"><ele>1098.8</ele><time>2026-07-31T01:31:46Z</time></trkpt>
<trkpt lat="36.728561" lon="139.521237"><ele>1104.2</ele><time>2026-07-31T01:32:16Z</time></trkpt>
<trkpt lat="36.728237" lon="139.521817"><ele>1108.2</ele><time>2026-07-31T01:32:41Z</time></trkpt>
<trkpt lat="36.728091" lon="139.521748"><ele>1109.2</ele><time>2026-07-31T01:32:48Z</time></trkpt>
<trkpt lat="36.728030" lon="139.521503"><ele>1110.8</ele><time>2026-07-31T01:32:57Z</time></trkpt>
<trkpt lat="36.728331" lon="139.521082"><ele>1113.8</ele><time>2026-07-31T01:33:17Z</time></trkpt>
<trkpt lat="36.728422" lon="139.520708"><ele>1116.8</ele><time>2026-07-31T01:33:31Z</time></trkpt>
<trkpt lat="36.728181" lon="139.520104"><ele>1120.6</ele><time>2026-07-31T01:33:53Z</time></trkpt>
<trkpt lat="36.727956" lon="139.520095"><ele>1123.0</ele><time>2026-07-31T01:34:05Z</time></trkpt>
<trkpt lat="36.728240" lon="139.520743"><ele>1127.6</ele><time>2026-07-31T01:34:30Z</time></trkpt>
<trkpt lat="36.728011" lon="139.521062"><ele>1129.8</ele><time>2026-07-31T01:34:45Z</time></trkpt>
<trkpt lat="36.727613" lon="139.521021"><ele>1132.8</ele><time>2026-07-31T01:35:03Z</time></trkpt>
<trkpt lat="36.727377" lon="139.520456"><ele>1137.4</ele><time>2026-07-31T01:35:28Z</time></trkpt>
<trkpt lat="36.727588" lon="139.519941"><ele>1141.0</ele><time>2026-07-31T01:35:48Z</time></trkpt>
<trkpt lat="36.728365" lon="139.519283"><ele>1145.2</ele><time>2026-07-31T01:36:22Z</time></trkpt>
<trkpt lat="36.728408" lon="139.518955"><ele>1146.2</ele><time>2026-07-31T01:36:30Z</time></trkpt>
<trkpt lat="36.728070" lon="139.518174"><ele>1148.8</ele><time>2026-07-31T01:36:53Z</time></trkpt>
<trkpt lat="36.728394" lon="139.517572"><ele>1151.4</ele><time>2026-07-31T01:37:12Z</time></trkpt>
<trkpt lat="36.729035" lon="139.517983"><ele>1153.6</ele><time>2026-07-31T01:37:35Z</time></trkpt>
<trkpt lat="36.729495" lon="139.517895"><ele>1155.0</ele><time>2026-07-31T01:37:48Z</time></trkpt>
<trkpt lat="36.729702" lon="139.517467"><ele>1156.6</ele><time>2026-07-31T01:38:00Z</time></trkpt>
<trkpt lat="36.729676" lon="139.516776"><ele>1158.6</ele><time>2026-07-31T01:38:17Z</time></trkpt>
<trkpt lat="36.729902" lon="139.516408"><ele>1160.8</ele><time>2026-07-31T01:38:30Z</time></trkpt>
<trkpt lat="36.730146" lon="139.516817"><ele>1163.4</ele><time>2026-07-31T01:38:48Z</time></trkpt>
<trkpt lat="36.730448" lon="139.516962"><ele>1164.4</ele><time>2026-07-31T01:38:57Z</time></trkpt>
<trkpt lat="36.730795" lon="139.516386"><ele>1168.8</ele><time>2026-07-31T01:39:22Z</time></trkpt>
<trkpt lat="36.730984" lon="139.516394"><ele>1170.0</ele><time>2026-07-31T01:39:30Z</time></trkpt>
<trkpt lat="36.731264" lon="139.516810"><ele>1172.6</ele><time>2026-07-31T01:39:46Z</time></trkpt>
<trkpt lat="36.731193" lon="139.517775"><ele>1178.8</ele><time>2026-07-31T01:40:25Z</time></trkpt>
<trkpt lat="36.731369" lon="139.518338"><ele>1181.8</ele><time>2026-07-31T01:40:43Z</time></trkpt>
<trkpt lat="36.731744" lon="139.518128"><ele>1185.2</ele><time>2026-07-31T01:41:03Z</time></trkpt>
<trkpt lat="36.732217" lon="139.518116"><ele>1188.6</ele><time>2026-07-31T01:41:23Z</time></trkpt>
<trkpt lat="36.732632" lon="139.517350"><ele>1194.4</ele><time>2026-07-31T01:41:54Z</time></trkpt>
<trkpt lat="36.733059" lon="139.516910"><ele>1198.4</ele><time>2026-07-31T01:42:19Z</time></trkpt>
<trkpt lat="36.733130" lon="139.515661"><ele>1203.2</ele><time>2026-07-31T01:42:55Z</time></trkpt>
<trkpt lat="36.733323" lon="139.514847"><ele>1206.8</ele><time>2026-07-31T01:43:20Z</time></trkpt>
<trkpt lat="36.733537" lon="139.514624"><ele>1208.6</ele><time>2026-07-31T01:43:31Z</time></trkpt>
<trkpt lat="36.733901" lon="139.514738"><ele>1211.6</ele><time>2026-07-31T01:43:46Z</time></trkpt>
<trkpt lat="36.734024" lon="139.514953"><ele>1212.4</ele><time>2026-07-31T01:43:54Z</time></trkpt>
<trkpt lat="36.734721" lon="139.515112"><ele>1216.2</ele><time>2026-07-31T01:44:16Z</time></trkpt>
<trkpt lat="36.734890" lon="139.515083"><ele>1217.2</ele><time>2026-07-31T01:44:21Z</time></trkpt>
<trkpt lat="36.735038" lon="139.514811"><ele>1219.0</ele><time>2026-07-31T01:44:31Z</time></trkpt>
<trkpt lat="36.735472" lon="139.514880"><ele>1222.4</ele><time>2026-07-31T01:44:47Z</time></trkpt>
<trkpt lat="36.735638" lon="139.515390"><ele>1226.0</ele><time>2026-07-31T01:45:11Z</time></trkpt>
<trkpt lat="36.736352" lon="139.515230"><ele>1229.2</ele><time>2026-07-31T01:45:35Z</time></trkpt>
<trkpt lat="36.736656" lon="139.515825"><ele>1229.0</ele><time>2026-07-31T01:45:50Z</time></trkpt>
<trkpt lat="36.736722" lon="139.516869"><ele>1228.6</ele><time>2026-07-31T01:46:06Z</time></trkpt>
<trkpt lat="36.736847" lon="139.517005"><ele>1228.4</ele><time>2026-07-31T01:46:09Z</time></trkpt>
<trkpt lat="36.736974" lon="139.516907"><ele>1228.4</ele><time>2026-07-31T01:46:12Z</time></trkpt>
<trkpt lat="36.736813" lon="139.516006"><ele>1231.0</ele><time>2026-07-31T01:46:33Z</time></trkpt>
<trkpt lat="36.736437" lon="139.515040"><ele>1235.6</ele><time>2026-07-31T01:47:03Z</time></trkpt>
<trkpt lat="36.735386" lon="139.514347"><ele>1241.2</ele><time>2026-07-31T01:47:40Z</time></trkpt>
<trkpt lat="36.734539" lon="139.503922"><ele>1260.0</ele><time>2026-07-31T01:50:34Z</time></trkpt>
<trkpt lat="36.735406" lon="139.502928"><ele>1256.8</ele><time>2026-07-31T01:50:53Z</time></trkpt>
<trkpt lat="36.735696" lon="139.499758"><ele>1246.4</ele><time>2026-07-31T01:51:20Z</time></trkpt>
<trkpt lat="36.735929" lon="139.499256"><ele>1243.8</ele><time>2026-07-31T01:51:25Z</time></trkpt>
<trkpt lat="36.736265" lon="139.499047"><ele>1243.2</ele><time>2026-07-31T01:51:29Z</time></trkpt>
<trkpt lat="36.737293" lon="139.499085"><ele>1240.0</ele><time>2026-07-31T01:51:39Z</time></trkpt>
<trkpt lat="36.738297" lon="139.498680"><ele>1236.4</ele><time>2026-07-31T01:51:50Z</time></trkpt>
<trkpt lat="36.739272" lon="139.498567"><ele>1233.2</ele><time>2026-07-31T01:52:06Z</time></trkpt>
<trkpt lat="36.739310" lon="139.496905"><ele>1229.6</ele><time>2026-07-31T01:52:32Z</time></trkpt>
<trkpt lat="36.739654" lon="139.495701"><ele>1227.4</ele><time>2026-07-31T01:53:34Z</time></trkpt>
<trkpt lat="36.739674" lon="139.493866"><ele>1227.8</ele><time>2026-07-31T01:54:02Z</time></trkpt>
<trkpt lat="36.740335" lon="139.491301"><ele>1229.4</ele><time>2026-07-31T01:54:48Z</time></trkpt>
<trkpt lat="36.741228" lon="139.488870"><ele>1227.8</ele><time>2026-07-31T01:55:30Z</time></trkpt>
<trkpt lat="36.740853" lon="139.486808"><ele>1225.2</ele><time>2026-07-31T01:55:58Z</time></trkpt>
<trkpt lat="36.740771" lon="139.485463"><ele>1229.8</ele><time>2026-07-31T01:56:23Z</time></trkpt>
<trkpt lat="36.740794" lon="139.483727"><ele>1231.8</ele><time>2026-07-31T01:56:53Z</time></trkpt>
<trkpt lat="36.741266" lon="139.480516"><ele>1228.4</ele><time>2026-07-31T01:57:35Z</time></trkpt>
<trkpt lat="36.741683" lon="139.479294"><ele>1228.4</ele><time>2026-07-31T01:57:59Z</time></trkpt>
<trkpt lat="36.742548" lon="139.478123"><ele>1225.4</ele><time>2026-07-31T01:58:13Z</time></trkpt>
<trkpt lat="36.742785" lon="139.477598"><ele>1225.0</ele><time>2026-07-31T01:58:20Z</time></trkpt>
<trkpt lat="36.743203" lon="139.475561"><ele>1229.6</ele><time>2026-07-31T01:58:46Z</time></trkpt>
<trkpt lat="36.743570" lon="139.474494"><ele>1230.2</ele><time>2026-07-31T01:58:59Z</time></trkpt>
<trkpt lat="36.746473" lon="139.469721"><ele>1228.6</ele><time>2026-07-31T02:00:12Z</time></trkpt>
<trkpt lat="36.748030" lon="139.467890"><ele>1228.6</ele><time>2026-07-31T02:00:45Z</time></trkpt>
<trkpt lat="36.749221" lon="139.463970"><ele>1234.4</ele><time>2026-07-31T02:01:41Z</time></trkpt>
<trkpt lat="36.749517" lon="139.463381"><ele>1234.8</ele><time>2026-07-31T02:01:51Z</time></trkpt>
<trkpt lat="36.750686" lon="139.462820"><ele>1234.0</ele><time>2026-07-31T02:02:11Z</time></trkpt>
<trkpt lat="36.752819" lon="139.462388"><ele>1233.4</ele><time>2026-07-31T02:02:44Z</time></trkpt>
<trkpt lat="36.753341" lon="139.462050"><ele>1232.0</ele><time>2026-07-31T02:02:53Z</time></trkpt>
<trkpt lat="36.753649" lon="139.461504"><ele>1231.8</ele><time>2026-07-31T02:03:01Z</time></trkpt>
<trkpt lat="36.753731" lon="139.460306"><ele>1232.4</ele><time>2026-07-31T02:03:16Z</time></trkpt>
<trkpt lat="36.753150" lon="139.457099"><ele>1234.4</ele><time>2026-07-31T02:04:00Z</time></trkpt>
<trkpt lat="36.752919" lon="139.456410"><ele>1236.4</ele><time>2026-07-31T02:04:12Z</time></trkpt>
<trkpt lat="36.752011" lon="139.455617"><ele>1239.0</ele><time>2026-07-31T02:04:36Z</time></trkpt>
<trkpt lat="36.751986" lon="139.455206"><ele>1237.6</ele><time>2026-07-31T02:04:42Z</time></trkpt>
<trkpt lat="36.753788" lon="139.452744"><ele>1230.0</ele><time>2026-07-31T02:05:20Z</time></trkpt>
<trkpt lat="36.755175" lon="139.452054"><ele>1235.8</ele><time>2026-07-31T02:05:53Z</time></trkpt>
<trkpt lat="36.756809" lon="139.451738"><ele>1243.8</ele><time>2026-07-31T02:06:39Z</time></trkpt>
<trkpt lat="36.757053" lon="139.451450"><ele>1245.2</ele><time>2026-07-31T02:06:47Z</time></trkpt>
<trkpt lat="36.757171" lon="139.450711"><ele>1248.6</ele><time>2026-07-31T02:07:04Z</time></trkpt>
<trkpt lat="36.756744" lon="139.449384"><ele>1256.2</ele><time>2026-07-31T02:07:43Z</time></trkpt>
<trkpt lat="36.756424" lon="139.448723"><ele>1259.4</ele><time>2026-07-31T02:08:02Z</time></trkpt>
<trkpt lat="36.755774" lon="139.448075"><ele>1262.4</ele><time>2026-07-31T02:08:26Z</time></trkpt>
<trkpt lat="36.755792" lon="139.447708"><ele>1263.8</ele><time>2026-07-31T02:08:35Z</time></trkpt>
<trkpt lat="36.756000" lon="139.447530"><ele>1265.0</ele><time>2026-07-31T02:08:43Z</time></trkpt>
<trkpt lat="36.756298" lon="139.447708"><ele>1266.6</ele><time>2026-07-31T02:08:53Z</time></trkpt>
<trkpt lat="36.756543" lon="139.448441"><ele>1269.8</ele><time>2026-07-31T02:09:13Z</time></trkpt>
<trkpt lat="36.756954" lon="139.449042"><ele>1273.6</ele><time>2026-07-31T02:09:33Z</time></trkpt>
<trkpt lat="36.758021" lon="139.449174"><ele>1279.2</ele><time>2026-07-31T02:10:08Z</time></trkpt>
<trkpt lat="36.758006" lon="139.450040"><ele>1283.6</ele><time>2026-07-31T02:10:33Z</time></trkpt>
<trkpt lat="36.758280" lon="139.450470"><ele>1285.8</ele><time>2026-07-31T02:10:47Z</time></trkpt>
<trkpt lat="36.759127" lon="139.450712"><ele>1292.2</ele><time>2026-07-31T02:11:18Z</time></trkpt>
<trkpt lat="36.759540" lon="139.450298"><ele>1297.8</ele><time>2026-07-31T02:11:44Z</time></trkpt>
<trkpt lat="36.760013" lon="139.450227"><ele>1302.0</ele><time>2026-07-31T02:12:05Z</time></trkpt>
<trkpt lat="36.760199" lon="139.450507"><ele>1304.0</ele><time>2026-07-31T02:12:15Z</time></trkpt>
<trkpt lat="36.760498" lon="139.451733"><ele>1306.2</ele><time>2026-07-31T02:12:43Z</time></trkpt>
<trkpt lat="36.760801" lon="139.452294"><ele>1309.0</ele><time>2026-07-31T02:13:02Z</time></trkpt>
<trkpt lat="36.761226" lon="139.452539"><ele>1313.0</ele><time>2026-07-31T02:13:21Z</time></trkpt>
<trkpt lat="36.762570" lon="139.452868"><ele>1322.0</ele><time>2026-07-31T02:14:06Z</time></trkpt>
<trkpt lat="36.765184" lon="139.452851"><ele>1335.0</ele><time>2026-07-31T02:15:25Z</time></trkpt>
<trkpt lat="36.766574" lon="139.453252"><ele>1342.0</ele><time>2026-07-31T02:16:09Z</time></trkpt>
<trkpt lat="36.768332" lon="139.452654"><ele>1344.6</ele><time>2026-07-31T02:16:51Z</time></trkpt>
<trkpt lat="36.769592" lon="139.451931"><ele>1341.0</ele><time>2026-07-31T02:17:15Z</time></trkpt>
<trkpt lat="36.770487" lon="139.451607"><ele>1341.8</ele><time>2026-07-31T02:17:30Z</time></trkpt>
<trkpt lat="36.775669" lon="139.451263"><ele>1343.0</ele><time>2026-07-31T02:19:00Z</time></trkpt>
<trkpt lat="36.777443" lon="139.450818"><ele>1344.6</ele><time>2026-07-31T02:19:37Z</time></trkpt>
<trkpt lat="36.778020" lon="139.451122"><ele>1345.6</ele><time>2026-07-31T02:20:03Z</time></trkpt>
<trkpt lat="36.777660" lon="139.451033"><ele>1397.6</ele><time>2026-07-31T02:38:20Z</time></trkpt>
<trkpt lat="36.777511" lon="139.450754"><ele>1397.4</ele><time>2026-07-31T02:38:44Z</time></trkpt>
<trkpt lat="36.784123" lon="139.445823"><ele>1401.6</ele><time>2026-07-31T02:41:00Z</time></trkpt>
<trkpt lat="36.788010" lon="139.442654"><ele>1406.8</ele><time>2026-07-31T02:42:21Z</time></trkpt>
<trkpt lat="36.790294" lon="139.439016"><ele>1416.4</ele><time>2026-07-31T02:43:43Z</time></trkpt>
<trkpt lat="36.791644" lon="139.435633"><ele>1427.0</ele><time>2026-07-31T02:45:02Z</time></trkpt>
<trkpt lat="36.794611" lon="139.432540"><ele>1451.0</ele><time>2026-07-31T02:47:17Z</time></trkpt>
<trkpt lat="36.795669" lon="139.430414"><ele>1462.8</ele><time>2026-07-31T02:48:27Z</time></trkpt>
<trkpt lat="36.795900" lon="139.429154"><ele>1471.4</ele><time>2026-07-31T02:49:08Z</time></trkpt>
<trkpt lat="36.796113" lon="139.428862"><ele>1473.4</ele><time>2026-07-31T02:49:21Z</time></trkpt>
<trkpt lat="36.796499" lon="139.428781"><ele>1475.4</ele><time>2026-07-31T02:49:36Z</time></trkpt>
<trkpt lat="36.797439" lon="139.429130"><ele>1478.4</ele><time>2026-07-31T02:50:06Z</time></trkpt>
<trkpt lat="36.797880" lon="139.429050"><ele>1479.2</ele><time>2026-07-31T02:50:19Z</time></trkpt>
<trkpt lat="36.798815" lon="139.428603"><ele>1482.6</ele><time>2026-07-31T02:50:46Z</time></trkpt>
<trkpt lat="36.800826" lon="139.427129"><ele>1478.0</ele><time>2026-07-31T02:51:25Z</time></trkpt>
<trkpt lat="36.801550" lon="139.426969"><ele>1477.2</ele><time>2026-07-31T02:51:36Z</time></trkpt>
<trkpt lat="36.802472" lon="139.426248"><ele>1480.6</ele><time>2026-07-31T02:51:59Z</time></trkpt>
<trkpt lat="36.802792" lon="139.426356"><ele>1482.6</ele><time>2026-07-31T02:52:10Z</time></trkpt>
<trkpt lat="36.803522" lon="139.427152"><ele>1490.0</ele><time>2026-07-31T02:52:47Z</time></trkpt>
<trkpt lat="36.803894" lon="139.427313"><ele>1493.2</ele><time>2026-07-31T02:53:04Z</time></trkpt>
<trkpt lat="36.805717" lon="139.426621"><ele>1512.4</ele><time>2026-07-31T02:54:38Z</time></trkpt>
<trkpt lat="36.806451" lon="139.426669"><ele>1519.8</ele><time>2026-07-31T02:55:11Z</time></trkpt>
<trkpt lat="36.807307" lon="139.426440"><ele>1527.4</ele><time>2026-07-31T02:55:48Z</time></trkpt>
<trkpt lat="36.809065" lon="139.426375"><ele>1534.6</ele><time>2026-07-31T02:56:43Z</time></trkpt>
<trkpt lat="36.809430" lon="139.426187"><ele>1536.6</ele><time>2026-07-31T02:56:55Z</time></trkpt>
<trkpt lat="36.809868" lon="139.425485"><ele>1542.0</ele><time>2026-07-31T02:57:20Z</time></trkpt>
<trkpt lat="36.810353" lon="139.423608"><ele>1553.8</ele><time>2026-07-31T02:58:19Z</time></trkpt>
<trkpt lat="36.809172" lon="139.421190"><ele>1573.6</ele><time>2026-07-31T02:59:59Z</time></trkpt>
<trkpt lat="36.808985" lon="139.420522"><ele>1579.0</ele><time>2026-07-31T03:00:23Z</time></trkpt>
<trkpt lat="36.808996" lon="139.420083"><ele>1581.2</ele><time>2026-07-31T03:00:38Z</time></trkpt>
<trkpt lat="36.809407" lon="139.418797"><ele>1590.8</ele><time>2026-07-31T03:01:29Z</time></trkpt>
<trkpt lat="36.810397" lon="139.418480"><ele>1595.8</ele><time>2026-07-31T03:02:09Z</time></trkpt>
<trkpt lat="36.810944" lon="139.417905"><ele>1599.8</ele><time>2026-07-31T03:02:34Z</time></trkpt>
<trkpt lat="36.810834" lon="139.416715"><ele>1606.8</ele><time>2026-07-31T03:03:08Z</time></trkpt>
<trkpt lat="36.810507" lon="139.415829"><ele>1611.6</ele><time>2026-07-31T03:03:39Z</time></trkpt>
<trkpt lat="36.810504" lon="139.415521"><ele>1613.8</ele><time>2026-07-31T03:03:48Z</time></trkpt>
<trkpt lat="36.810668" lon="139.415217"><ele>1615.4</ele><time>2026-07-31T03:04:00Z</time></trkpt>
<trkpt lat="36.811214" lon="139.414893"><ele>1621.8</ele><time>2026-07-31T03:04:23Z</time></trkpt>
<trkpt lat="36.811353" lon="139.414628"><ele>1623.4</ele><time>2026-07-31T03:04:33Z</time></trkpt>
<trkpt lat="36.811015" lon="139.413487"><ele>1631.0</ele><time>2026-07-31T03:05:16Z</time></trkpt>
<trkpt lat="36.811040" lon="139.413016"><ele>1632.8</ele><time>2026-07-31T03:05:33Z</time></trkpt>
<trkpt lat="36.811538" lon="139.412349"><ele>1639.8</ele><time>2026-07-31T03:06:08Z</time></trkpt>
<trkpt lat="36.812112" lon="139.410569"><ele>1653.8</ele><time>2026-07-31T03:07:19Z</time></trkpt>
<trkpt lat="36.812428" lon="139.410047"><ele>1657.2</ele><time>2026-07-31T03:08:20Z</time></trkpt>
<trkpt lat="36.812821" lon="139.408057"><ele>1671.6</ele><time>2026-07-31T03:09:20Z</time></trkpt>
<trkpt lat="36.812720" lon="139.406395"><ele>1681.6</ele><time>2026-07-31T03:10:08Z</time></trkpt>
<trkpt lat="36.813214" lon="139.403917"><ele>1693.4</ele><time>2026-07-31T03:11:21Z</time></trkpt>
<trkpt lat="36.813368" lon="139.402413"><ele>1702.6</ele><time>2026-07-31T03:12:09Z</time></trkpt>
<trkpt lat="36.813071" lon="139.401999"><ele>1707.8</ele><time>2026-07-31T03:12:32Z</time></trkpt>
<trkpt lat="36.812554" lon="139.401931"><ele>1711.8</ele><time>2026-07-31T03:12:54Z</time></trkpt>
<trkpt lat="36.812549" lon="139.401702"><ele>1712.6</ele><time>2026-07-31T03:13:08Z</time></trkpt>
<trkpt lat="36.812398" lon="139.401565"><ele>1714.2</ele><time>2026-07-31T03:13:14Z</time></trkpt>
<trkpt lat="36.812963" lon="139.401191"><ele>1717.4</ele><time>2026-07-31T03:13:39Z</time></trkpt>
<trkpt lat="36.813360" lon="139.401120"><ele>1720.4</ele><time>2026-07-31T03:13:53Z</time></trkpt>
<trkpt lat="36.813640" lon="139.401259"><ele>1722.2</ele><time>2026-07-31T03:14:04Z</time></trkpt>
<trkpt lat="36.813782" lon="139.401594"><ele>1723.8</ele><time>2026-07-31T03:14:16Z</time></trkpt>
<trkpt lat="36.813795" lon="139.403247"><ele>1731.2</ele><time>2026-07-31T03:15:00Z</time></trkpt>
<trkpt lat="36.813979" lon="139.403452"><ele>1733.4</ele><time>2026-07-31T03:15:10Z</time></trkpt>
<trkpt lat="36.814102" lon="139.403232"><ele>1735.2</ele><time>2026-07-31T03:15:19Z</time></trkpt>
<trkpt lat="36.813941" lon="139.402399"><ele>1740.4</ele><time>2026-07-31T03:15:50Z</time></trkpt>
<trkpt lat="36.814035" lon="139.401788"><ele>1744.4</ele><time>2026-07-31T03:16:12Z</time></trkpt>
<trkpt lat="36.814641" lon="139.401040"><ele>1750.2</ele><time>2026-07-31T03:16:45Z</time></trkpt>
<trkpt lat="36.814819" lon="139.400494"><ele>1754.8</ele><time>2026-07-31T03:17:04Z</time></trkpt>
<trkpt lat="36.814761" lon="139.399883"><ele>1759.4</ele><time>2026-07-31T03:17:25Z</time></trkpt>
<trkpt lat="36.814492" lon="139.399569"><ele>1762.2</ele><time>2026-07-31T03:17:42Z</time></trkpt>
<trkpt lat="36.813032" lon="139.399935"><ele>1775.0</ele><time>2026-07-31T03:18:46Z</time></trkpt>
<trkpt lat="36.812826" lon="139.399754"><ele>1776.8</ele><time>2026-07-31T03:18:57Z</time></trkpt>
<trkpt lat="36.812825" lon="139.399474"><ele>1778.2</ele><time>2026-07-31T03:19:06Z</time></trkpt>
<trkpt lat="36.813011" lon="139.399351"><ele>1779.0</ele><time>2026-07-31T03:19:14Z</time></trkpt>
<trkpt lat="36.813608" lon="139.399519"><ele>1782.4</ele><time>2026-07-31T03:19:38Z</time></trkpt>
<trkpt lat="36.814178" lon="139.398671"><ele>1791.6</ele><time>2026-07-31T03:20:20Z</time></trkpt>
<trkpt lat="36.814632" lon="139.397669"><ele>1800.6</ele><time>2026-07-31T03:20:57Z</time></trkpt>
<trkpt lat="36.814910" lon="139.397692"><ele>1802.4</ele><time>2026-07-31T03:21:08Z</time></trkpt>
<trkpt lat="36.815484" lon="139.398180"><ele>1807.2</ele><time>2026-07-31T03:21:33Z</time></trkpt>
<trkpt lat="36.816435" lon="139.398136"><ele>1817.0</ele><time>2026-07-31T03:22:11Z</time></trkpt>
<trkpt lat="36.823417" lon="139.393072"><ele>1825.4</ele><time>2026-07-31T03:28:41Z</time></trkpt>
<trkpt lat="36.825374" lon="139.392538"><ele>1814.6</ele><time>2026-07-31T03:29:05Z</time></trkpt>
<trkpt lat="36.825605" lon="139.392267"><ele>1811.0</ele><time>2026-07-31T03:29:09Z</time></trkpt>
<trkpt lat="36.825431" lon="139.390666"><ele>1803.4</ele><time>2026-07-31T03:29:22Z</time></trkpt>
<trkpt lat="36.825556" lon="139.389521"><ele>1797.6</ele><time>2026-07-31T03:29:32Z</time></trkpt>
<trkpt lat="36.825175" lon="139.389386"><ele>1794.4</ele><time>2026-07-31T03:29:37Z</time></trkpt>
<trkpt lat="36.824877" lon="139.390098"><ele>1788.8</ele><time>2026-07-31T03:29:44Z</time></trkpt>
<trkpt lat="36.824624" lon="139.390269"><ele>1786.6</ele><time>2026-07-31T03:29:47Z</time></trkpt>
<trkpt lat="36.824439" lon="139.390210"><ele>1785.2</ele><time>2026-07-31T03:29:49Z</time></trkpt>
<trkpt lat="36.824272" lon="139.389907"><ele>1782.4</ele><time>2026-07-31T03:29:52Z</time></trkpt>
<trkpt lat="36.824320" lon="139.389521"><ele>1780.2</ele><time>2026-07-31T03:29:55Z</time></trkpt>
<trkpt lat="36.824944" lon="139.389011"><ele>1775.6</ele><time>2026-07-31T03:30:02Z</time></trkpt>
<trkpt lat="36.825052" lon="139.388635"><ele>1773.0</ele><time>2026-07-31T03:30:06Z</time></trkpt>
<trkpt lat="36.824958" lon="139.388475"><ele>1771.8</ele><time>2026-07-31T03:30:08Z</time></trkpt>
<trkpt lat="36.824681" lon="139.388427"><ele>1770.0</ele><time>2026-07-31T03:30:11Z</time></trkpt>
<trkpt lat="36.824216" lon="139.388754"><ele>1765.4</ele><time>2026-07-31T03:30:17Z</time></trkpt>
<trkpt lat="36.823949" lon="139.388512"><ele>1763.0</ele><time>2026-07-31T03:30:21Z</time></trkpt>
<trkpt lat="36.824420" lon="139.387447"><ele>1757.0</ele><time>2026-07-31T03:30:31Z</time></trkpt>
<trkpt lat="36.824232" lon="139.386542"><ele>1750.4</ele><time>2026-07-31T03:30:40Z</time></trkpt>
<trkpt lat="36.824770" lon="139.386164"><ele>1745.2</ele><time>2026-07-31T03:30:47Z</time></trkpt>
<trkpt lat="36.824785" lon="139.385761"><ele>1741.6</ele><time>2026-07-31T03:30:51Z</time></trkpt>
<trkpt lat="36.822950" lon="139.382585"><ele>1723.4</ele><time>2026-07-31T03:31:22Z</time></trkpt>
<trkpt lat="36.821256" lon="139.380232"><ele>1710.8</ele><time>2026-07-31T03:31:46Z</time></trkpt>
<trkpt lat="36.821027" lon="139.379680"><ele>1710.4</ele><time>2026-07-31T03:31:53Z</time></trkpt>
<trkpt lat="36.820953" lon="139.379071"><ele>1712.2</ele><time>2026-07-31T03:32:00Z</time></trkpt>
<trkpt lat="36.821123" lon="139.378149"><ele>1712.8</ele><time>2026-07-31T03:32:12Z</time></trkpt>
<trkpt lat="36.821382" lon="139.377658"><ele>1712.8</ele><time>2026-07-31T03:32:19Z</time></trkpt>
<trkpt lat="36.821770" lon="139.377362"><ele>1712.6</ele><time>2026-07-31T03:32:27Z</time></trkpt>
<trkpt lat="36.822729" lon="139.377097"><ele>1719.8</ele><time>2026-07-31T03:32:51Z</time></trkpt>
<trkpt lat="36.823479" lon="139.376089"><ele>1723.8</ele><time>2026-07-31T03:33:18Z</time></trkpt>
<trkpt lat="36.824058" lon="139.374692"><ele>1721.4</ele><time>2026-07-31T03:33:38Z</time></trkpt>
<trkpt lat="36.824620" lon="139.372465"><ele>1715.8</ele><time>2026-07-31T03:34:02Z</time></trkpt>
<trkpt lat="36.825416" lon="139.370726"><ele>1716.6</ele><time>2026-07-31T03:34:27Z</time></trkpt>
<trkpt lat="36.825241" lon="139.369128"><ele>1717.2</ele><time>2026-07-31T03:34:48Z</time></trkpt>
<trkpt lat="36.824301" lon="139.367379"><ele>1718.4</ele><time>2026-07-31T03:35:18Z</time></trkpt>
<trkpt lat="36.823583" lon="139.365109"><ele>1720.0</ele><time>2026-07-31T03:35:50Z</time></trkpt>
<trkpt lat="36.823546" lon="139.364107"><ele>1719.0</ele><time>2026-07-31T03:36:03Z</time></trkpt>
<trkpt lat="36.824097" lon="139.362048"><ele>1719.4</ele><time>2026-07-31T03:36:32Z</time></trkpt>
<trkpt lat="36.823992" lon="139.361203"><ele>1719.6</ele><time>2026-07-31T03:36:43Z</time></trkpt>
<trkpt lat="36.824064" lon="139.360658"><ele>1721.0</ele><time>2026-07-31T03:36:54Z</time></trkpt>
<trkpt lat="36.824724" lon="139.358355"><ele>1735.4</ele><time>2026-07-31T03:37:56Z</time></trkpt>
<trkpt lat="36.824023" lon="139.356806"><ele>1738.4</ele><time>2026-07-31T03:38:31Z</time></trkpt>
<trkpt lat="36.823312" lon="139.354784"><ele>1735.4</ele><time>2026-07-31T03:39:02Z</time></trkpt>
<trkpt lat="36.822383" lon="139.353599"><ele>1729.8</ele><time>2026-07-31T03:39:18Z</time></trkpt>
<trkpt lat="36.820673" lon="139.352916"><ele>1722.8</ele><time>2026-07-31T03:39:38Z</time></trkpt>
<trkpt lat="36.819725" lon="139.353122"><ele>1721.0</ele><time>2026-07-31T03:39:49Z</time></trkpt>
<trkpt lat="36.819359" lon="139.353061"><ele>1718.8</ele><time>2026-07-31T03:39:53Z</time></trkpt>
<trkpt lat="36.818998" lon="139.352763"><ele>1716.0</ele><time>2026-07-31T03:39:57Z</time></trkpt>
<trkpt lat="36.818445" lon="139.351659"><ele>1709.4</ele><time>2026-07-31T03:40:06Z</time></trkpt>
<trkpt lat="36.817429" lon="139.351044"><ele>1700.0</ele><time>2026-07-31T03:40:15Z</time></trkpt>
<trkpt lat="36.816801" lon="139.351208"><ele>1695.0</ele><time>2026-07-31T03:40:21Z</time></trkpt>
<trkpt lat="36.816181" lon="139.352384"><ele>1689.0</ele><time>2026-07-31T03:40:31Z</time></trkpt>
<trkpt lat="36.815631" lon="139.352466"><ele>1686.8</ele><time>2026-07-31T03:40:36Z</time></trkpt>
<trkpt lat="36.815386" lon="139.352205"><ele>1686.0</ele><time>2026-07-31T03:40:39Z</time></trkpt>
<trkpt lat="36.815013" lon="139.351222"><ele>1680.2</ele><time>2026-07-31T03:40:47Z</time></trkpt>
<trkpt lat="36.813916" lon="139.350508"><ele>1671.6</ele><time>2026-07-31T03:40:58Z</time></trkpt>
<trkpt lat="36.813764" lon="139.350147"><ele>1670.4</ele><time>2026-07-31T03:41:01Z</time></trkpt>
<trkpt lat="36.813849" lon="139.349596"><ele>1667.0</ele><time>2026-07-31T03:41:05Z</time></trkpt>
<trkpt lat="36.815074" lon="139.348670"><ele>1658.8</ele><time>2026-07-31T03:41:17Z</time></trkpt>
<trkpt lat="36.815220" lon="139.347957"><ele>1656.2</ele><time>2026-07-31T03:41:22Z</time></trkpt>
<trkpt lat="36.815070" lon="139.347252"><ele>1652.4</ele><time>2026-07-31T03:41:27Z</time></trkpt>
<trkpt lat="36.814755" lon="139.346907"><ele>1649.0</ele><time>2026-07-31T03:41:32Z</time></trkpt>
<trkpt lat="36.814569" lon="139.347059"><ele>1647.4</ele><time>2026-07-31T03:41:35Z</time></trkpt>
<trkpt lat="36.814568" lon="139.347744"><ele>1644.8</ele><time>2026-07-31T03:41:40Z</time></trkpt>
<trkpt lat="36.814381" lon="139.348076"><ele>1642.4</ele><time>2026-07-31T03:41:43Z</time></trkpt>
<trkpt lat="36.813985" lon="139.348119"><ele>1640.2</ele><time>2026-07-31T03:41:47Z</time></trkpt>
<trkpt lat="36.813735" lon="139.347703"><ele>1636.4</ele><time>2026-07-31T03:41:51Z</time></trkpt>
<trkpt lat="36.814215" lon="139.346600"><ele>1629.2</ele><time>2026-07-31T03:41:59Z</time></trkpt>
<trkpt lat="36.815391" lon="139.345724"><ele>1618.0</ele><time>2026-07-31T03:42:11Z</time></trkpt>
<trkpt lat="36.815335" lon="139.345333"><ele>1614.0</ele><time>2026-07-31T03:42:15Z</time></trkpt>
<trkpt lat="36.815007" lon="139.345273"><ele>1611.4</ele><time>2026-07-31T03:42:19Z</time></trkpt>
<trkpt lat="36.814471" lon="139.345571"><ele>1608.6</ele><time>2026-07-31T03:42:26Z</time></trkpt>
<trkpt lat="36.813246" lon="139.346874"><ele>1606.2</ele><time>2026-07-31T03:42:46Z</time></trkpt>
<trkpt lat="36.812958" lon="139.346845"><ele>1605.8</ele><time>2026-07-31T03:42:50Z</time></trkpt>
<trkpt lat="36.812782" lon="139.346518"><ele>1605.8</ele><time>2026-07-31T03:42:55Z</time></trkpt>
<trkpt lat="36.812897" lon="139.346212"><ele>1605.2</ele><time>2026-07-31T03:42:59Z</time></trkpt>
<trkpt lat="36.813460" lon="139.345962"><ele>1604.2</ele><time>2026-07-31T03:43:06Z</time></trkpt>
<trkpt lat="36.813682" lon="139.345678"><ele>1602.0</ele><time>2026-07-31T03:43:09Z</time></trkpt>
<trkpt lat="36.814495" lon="139.343769"><ele>1587.0</ele><time>2026-07-31T03:43:24Z</time></trkpt>
<trkpt lat="36.814601" lon="139.342988"><ele>1582.2</ele><time>2026-07-31T03:43:32Z</time></trkpt>
<trkpt lat="36.816422" lon="139.342025"><ele>1565.6</ele><time>2026-07-31T03:43:49Z</time></trkpt>
<trkpt lat="36.817126" lon="139.341841"><ele>1558.2</ele><time>2026-07-31T03:43:55Z</time></trkpt>
<trkpt lat="36.817910" lon="139.342368"><ele>1555.0</ele><time>2026-07-31T03:44:03Z</time></trkpt>
<trkpt lat="36.818947" lon="139.343421"><ele>1545.6</ele><time>2026-07-31T03:44:14Z</time></trkpt>
<trkpt lat="36.819255" lon="139.344398"><ele>1541.0</ele><time>2026-07-31T03:44:22Z</time></trkpt>
<trkpt lat="36.818965" lon="139.346071"><ele>1534.8</ele><time>2026-07-31T03:44:37Z</time></trkpt>
<trkpt lat="36.819193" lon="139.346090"><ele>1532.4</ele><time>2026-07-31T03:44:41Z</time></trkpt>
<trkpt lat="36.819849" lon="139.345438"><ele>1526.8</ele><time>2026-07-31T03:44:49Z</time></trkpt>
<trkpt lat="36.820244" lon="139.345393"><ele>1524.2</ele><time>2026-07-31T03:44:53Z</time></trkpt>
<trkpt lat="36.821026" lon="139.345774"><ele>1518.0</ele><time>2026-07-31T03:45:00Z</time></trkpt>
<trkpt lat="36.822652" lon="139.347229"><ele>1501.2</ele><time>2026-07-31T03:45:16Z</time></trkpt>
<trkpt lat="36.822905" lon="139.347284"><ele>1498.4</ele><time>2026-07-31T03:45:20Z</time></trkpt>
<trkpt lat="36.822327" lon="139.345481"><ele>1487.6</ele><time>2026-07-31T03:45:37Z</time></trkpt>
<trkpt lat="36.821884" lon="139.344723"><ele>1482.0</ele><time>2026-07-31T03:45:43Z</time></trkpt>
<trkpt lat="36.821324" lon="139.344175"><ele>1475.6</ele><time>2026-07-31T03:45:49Z</time></trkpt>
<trkpt lat="36.820542" lon="139.344382"><ele>1469.8</ele><time>2026-07-31T03:45:57Z</time></trkpt>
<trkpt lat="36.820370" lon="139.344008"><ele>1467.0</ele><time>2026-07-31T03:46:01Z</time></trkpt>
<trkpt lat="36.821194" lon="139.341732"><ele>1455.6</ele><time>2026-07-31T03:46:19Z</time></trkpt>
<trkpt lat="36.822245" lon="139.340442"><ele>1444.4</ele><time>2026-07-31T03:46:31Z</time></trkpt>
<trkpt lat="36.822964" lon="139.338836"><ele>1436.0</ele><time>2026-07-31T03:46:43Z</time></trkpt>
<trkpt lat="36.823486" lon="139.337003"><ele>1431.4</ele><time>2026-07-31T03:46:58Z</time></trkpt>
<trkpt lat="36.823493" lon="139.336434"><ele>1430.8</ele><time>2026-07-31T03:47:03Z</time></trkpt>
<trkpt lat="36.823220" lon="139.336100"><ele>1429.8</ele><time>2026-07-31T03:47:07Z</time></trkpt>
<trkpt lat="36.822037" lon="139.335535"><ele>1428.4</ele><time>2026-07-31T03:47:21Z</time></trkpt>
<trkpt lat="36.819831" lon="139.335417"><ele>1420.8</ele><time>2026-07-31T03:47:46Z</time></trkpt>
<trkpt lat="36.819320" lon="139.335093"><ele>1419.2</ele><time>2026-07-31T03:47:52Z</time></trkpt>
<trkpt lat="36.818966" lon="139.334127"><ele>1415.8</ele><time>2026-07-31T03:48:01Z</time></trkpt>
<trkpt lat="36.818900" lon="139.331551"><ele>1408.4</ele><time>2026-07-31T03:48:23Z</time></trkpt>
<trkpt lat="36.817468" lon="139.330177"><ele>1401.2</ele><time>2026-07-31T03:48:41Z</time></trkpt>
<trkpt lat="36.816839" lon="139.327917"><ele>1390.0</ele><time>2026-07-31T03:48:59Z</time></trkpt>
<trkpt lat="36.816661" lon="139.327618"><ele>1386.6</ele><time>2026-07-31T03:49:02Z</time></trkpt>
<trkpt lat="36.816231" lon="139.327579"><ele>1382.6</ele><time>2026-07-31T03:49:07Z</time></trkpt>
<trkpt lat="36.816016" lon="139.327856"><ele>1380.8</ele><time>2026-07-31T03:49:10Z</time></trkpt>
<trkpt lat="36.815755" lon="139.328644"><ele>1376.4</ele><time>2026-07-31T03:49:17Z</time></trkpt>
<trkpt lat="36.815397" lon="139.328892"><ele>1373.2</ele><time>2026-07-31T03:49:21Z</time></trkpt>
<trkpt lat="36.813610" lon="139.328571"><ele>1359.6</ele><time>2026-07-31T03:49:37Z</time></trkpt>
<trkpt lat="36.813005" lon="139.328157"><ele>1354.0</ele><time>2026-07-31T03:49:43Z</time></trkpt>
<trkpt lat="36.812810" lon="139.327592"><ele>1349.2</ele><time>2026-07-31T03:49:47Z</time></trkpt>
<trkpt lat="36.812954" lon="139.325923"><ele>1338.4</ele><time>2026-07-31T03:49:58Z</time></trkpt>
<trkpt lat="36.812866" lon="139.325296"><ele>1334.6</ele><time>2026-07-31T03:50:02Z</time></trkpt>
<trkpt lat="36.811390" lon="139.322728"><ele>1311.0</ele><time>2026-07-31T03:50:20Z</time></trkpt>
<trkpt lat="36.811337" lon="139.321970"><ele>1306.8</ele><time>2026-07-31T03:50:25Z</time></trkpt>
<trkpt lat="36.812471" lon="139.319988"><ele>1294.8</ele><time>2026-07-31T03:50:41Z</time></trkpt>
<trkpt lat="36.812808" lon="139.319634"><ele>1292.6</ele><time>2026-07-31T03:50:45Z</time></trkpt>
<trkpt lat="36.813231" lon="139.319729"><ele>1290.4</ele><time>2026-07-31T03:50:49Z</time></trkpt>
<trkpt lat="36.814219" lon="139.320686"><ele>1282.6</ele><time>2026-07-31T03:51:03Z</time></trkpt>
<trkpt lat="36.814772" lon="139.321028"><ele>1278.6</ele><time>2026-07-31T03:51:09Z</time></trkpt>
<trkpt lat="36.814938" lon="139.321046"><ele>1277.4</ele><time>2026-07-31T03:51:11Z</time></trkpt>
<trkpt lat="36.815042" lon="139.320884"><ele>1275.8</ele><time>2026-07-31T03:51:14Z</time></trkpt>
<trkpt lat="36.814743" lon="139.320660"><ele>1272.6</ele><time>2026-07-31T03:51:22Z</time></trkpt>
<trkpt lat="36.814238" lon="139.319141"><ele>1264.6</ele><time>2026-07-31T03:51:31Z</time></trkpt>
<trkpt lat="36.814300" lon="139.318479"><ele>1261.4</ele><time>2026-07-31T03:51:36Z</time></trkpt>
<trkpt lat="36.814604" lon="139.317718"><ele>1257.2</ele><time>2026-07-31T03:51:42Z</time></trkpt>
<trkpt lat="36.814568" lon="139.317335"><ele>1255.2</ele><time>2026-07-31T03:51:45Z</time></trkpt>
<trkpt lat="36.814187" lon="139.317051"><ele>1251.6</ele><time>2026-07-31T03:51:51Z</time></trkpt>
<trkpt lat="36.813860" lon="139.317255"><ele>1249.6</ele><time>2026-07-31T03:51:54Z</time></trkpt>
<trkpt lat="36.813412" lon="139.316972"><ele>1247.0</ele><time>2026-07-31T03:51:59Z</time></trkpt>
<trkpt lat="36.813274" lon="139.316602"><ele>1244.8</ele><time>2026-07-31T03:52:02Z</time></trkpt>
<trkpt lat="36.813190" lon="139.315476"><ele>1240.4</ele><time>2026-07-31T03:52:12Z</time></trkpt>
<trkpt lat="36.812821" lon="139.315337"><ele>1239.6</ele><time>2026-07-31T03:52:14Z</time></trkpt>
<trkpt lat="36.812313" lon="139.314627"><ele>1237.2</ele><time>2026-07-31T03:52:21Z</time></trkpt>
<trkpt lat="36.812883" lon="139.311835"><ele>1224.8</ele><time>2026-07-31T03:52:51Z</time></trkpt>
<trkpt lat="36.811578" lon="139.311801"><ele>1214.4</ele><time>2026-07-31T03:53:06Z</time></trkpt>
<trkpt lat="36.810054" lon="139.312170"><ele>1203.8</ele><time>2026-07-31T03:53:18Z</time></trkpt>
<trkpt lat="36.809626" lon="139.312017"><ele>1199.8</ele><time>2026-07-31T03:53:22Z</time></trkpt>
<trkpt lat="36.809372" lon="139.311734"><ele>1197.4</ele><time>2026-07-31T03:53:25Z</time></trkpt>
<trkpt lat="36.808840" lon="139.309731"><ele>1183.0</ele><time>2026-07-31T03:53:39Z</time></trkpt>
<trkpt lat="36.808896" lon="139.309318"><ele>1181.0</ele><time>2026-07-31T03:53:42Z</time></trkpt>
<trkpt lat="36.809423" lon="139.308292"><ele>1175.0</ele><time>2026-07-31T03:53:51Z</time></trkpt>
<trkpt lat="36.809330" lon="139.305998"><ele>1163.6</ele><time>2026-07-31T03:54:07Z</time></trkpt>
<trkpt lat="36.808328" lon="139.302830"><ele>1143.6</ele><time>2026-07-31T03:54:30Z</time></trkpt>
<trkpt lat="36.808068" lon="139.302548"><ele>1140.0</ele><time>2026-07-31T03:54:34Z</time></trkpt>
<trkpt lat="36.807829" lon="139.302672"><ele>1138.8</ele><time>2026-07-31T03:54:37Z</time></trkpt>
<trkpt lat="36.807774" lon="139.303011"><ele>1136.4</ele><time>2026-07-31T03:54:40Z</time></trkpt>
<trkpt lat="36.808063" lon="139.305183"><ele>1127.2</ele><time>2026-07-31T03:54:58Z</time></trkpt>
<trkpt lat="36.807775" lon="139.305488"><ele>1125.4</ele><time>2026-07-31T03:55:03Z</time></trkpt>
<trkpt lat="36.807568" lon="139.305264"><ele>1124.2</ele><time>2026-07-31T03:55:06Z</time></trkpt>
<trkpt lat="36.806813" lon="139.302488"><ele>1110.2</ele><time>2026-07-31T03:55:28Z</time></trkpt>
<trkpt lat="36.806733" lon="139.300797"><ele>1101.4</ele><time>2026-07-31T03:55:44Z</time></trkpt>
<trkpt lat="36.805656" lon="139.299073"><ele>1091.2</ele><time>2026-07-31T03:56:03Z</time></trkpt>
<trkpt lat="36.805805" lon="139.297577"><ele>1084.8</ele><time>2026-07-31T03:56:14Z</time></trkpt>
<trkpt lat="36.805525" lon="139.296340"><ele>1077.2</ele><time>2026-07-31T03:56:22Z</time></trkpt>
<trkpt lat="36.805164" lon="139.295843"><ele>1073.4</ele><time>2026-07-31T03:56:26Z</time></trkpt>
<trkpt lat="36.804068" lon="139.295092"><ele>1064.0</ele><time>2026-07-31T03:56:35Z</time></trkpt>
<trkpt lat="36.802783" lon="139.293906"><ele>1050.6</ele><time>2026-07-31T03:56:46Z</time></trkpt>
<trkpt lat="36.802124" lon="139.293004"><ele>1041.8</ele><time>2026-07-31T03:56:53Z</time></trkpt>
<trkpt lat="36.801341" lon="139.292257"><ele>1034.2</ele><time>2026-07-31T03:57:00Z</time></trkpt>
<trkpt lat="36.800383" lon="139.289831"><ele>1021.2</ele><time>2026-07-31T03:57:16Z</time></trkpt>
<trkpt lat="36.799284" lon="139.288254"><ele>1012.0</ele><time>2026-07-31T03:57:30Z</time></trkpt>
<trkpt lat="36.799238" lon="139.287783"><ele>1010.2</ele><time>2026-07-31T03:57:35Z</time></trkpt>
<trkpt lat="36.798567" lon="139.285994"><ele>1004.2</ele><time>2026-07-31T03:57:49Z</time></trkpt>
<trkpt lat="36.798772" lon="139.285049"><ele>1000.4</ele><time>2026-07-31T03:57:57Z</time></trkpt>
<trkpt lat="36.798691" lon="139.284718"><ele>999.2</ele><time>2026-07-31T03:58:00Z</time></trkpt>
<trkpt lat="36.798227" lon="139.284372"><ele>996.6</ele><time>2026-07-31T03:58:05Z</time></trkpt>
<trkpt lat="36.796770" lon="139.284004"><ele>991.2</ele><time>2026-07-31T03:58:19Z</time></trkpt>
<trkpt lat="36.795819" lon="139.283165"><ele>986.2</ele><time>2026-07-31T03:58:30Z</time></trkpt>
<trkpt lat="36.795587" lon="139.281295"><ele>982.2</ele><time>2026-07-31T03:58:46Z</time></trkpt>
<trkpt lat="36.794633" lon="139.279398"><ele>975.8</ele><time>2026-07-31T03:59:06Z</time></trkpt>
<trkpt lat="36.793679" lon="139.275197"><ele>963.8</ele><time>2026-07-31T03:59:43Z</time></trkpt>
<trkpt lat="36.793447" lon="139.274705"><ele>962.4</ele><time>2026-07-31T03:59:48Z</time></trkpt>
<trkpt lat="36.792515" lon="139.273491"><ele>957.8</ele><time>2026-07-31T04:00:02Z</time></trkpt>
<trkpt lat="36.792574" lon="139.273003"><ele>956.8</ele><time>2026-07-31T04:00:06Z</time></trkpt>
<trkpt lat="36.792993" lon="139.272246"><ele>954.4</ele><time>2026-07-31T04:00:13Z</time></trkpt>
<trkpt lat="36.792976" lon="139.271749"><ele>952.6</ele><time>2026-07-31T04:00:17Z</time></trkpt>
<trkpt lat="36.792758" lon="139.271508"><ele>950.6</ele><time>2026-07-31T04:00:20Z</time></trkpt>
<trkpt lat="36.792100" lon="139.271217"><ele>947.2</ele><time>2026-07-31T04:00:27Z</time></trkpt>
<trkpt lat="36.791198" lon="139.270073"><ele>940.0</ele><time>2026-07-31T04:00:39Z</time></trkpt>
<trkpt lat="36.790746" lon="139.268502"><ele>935.8</ele><time>2026-07-31T04:00:52Z</time></trkpt>
<trkpt lat="36.790197" lon="139.267398"><ele>932.0</ele><time>2026-07-31T04:01:02Z</time></trkpt>
<trkpt lat="36.790274" lon="139.266814"><ele>929.4</ele><time>2026-07-31T04:01:07Z</time></trkpt>
<trkpt lat="36.791173" lon="139.266105"><ele>924.0</ele><time>2026-07-31T04:01:17Z</time></trkpt>
<trkpt lat="36.791383" lon="139.265690"><ele>922.6</ele><time>2026-07-31T04:01:21Z</time></trkpt>
<trkpt lat="36.790772" lon="139.262172"><ele>917.4</ele><time>2026-07-31T04:01:53Z</time></trkpt>
<trkpt lat="36.790778" lon="139.260601"><ele>915.2</ele><time>2026-07-31T04:02:08Z</time></trkpt>
<trkpt lat="36.790555" lon="139.260163"><ele>914.8</ele><time>2026-07-31T04:02:13Z</time></trkpt>
<trkpt lat="36.789838" lon="139.259703"><ele>913.0</ele><time>2026-07-31T04:02:22Z</time></trkpt>
<trkpt lat="36.789594" lon="139.259360"><ele>911.6</ele><time>2026-07-31T04:02:26Z</time></trkpt>
<trkpt lat="36.789475" lon="139.258202"><ele>908.0</ele><time>2026-07-31T04:02:36Z</time></trkpt>
<trkpt lat="36.788999" lon="139.257296"><ele>905.0</ele><time>2026-07-31T04:02:45Z</time></trkpt>
<trkpt lat="36.788921" lon="139.256102"><ele>901.0</ele><time>2026-07-31T04:02:54Z</time></trkpt>
<trkpt lat="36.787616" lon="139.253186"><ele>890.6</ele><time>2026-07-31T04:03:20Z</time></trkpt>
<trkpt lat="36.787335" lon="139.251617"><ele>886.4</ele><time>2026-07-31T04:03:33Z</time></trkpt>
<trkpt lat="36.786978" lon="139.250563"><ele>884.6</ele><time>2026-07-31T04:03:43Z</time></trkpt>
<trkpt lat="36.785944" lon="139.249324"><ele>883.6</ele><time>2026-07-31T04:03:59Z</time></trkpt>
<trkpt lat="36.784776" lon="139.247476"><ele>876.8</ele><time>2026-07-31T04:04:17Z</time></trkpt>
<trkpt lat="36.783162" lon="139.243200"><ele>865.6</ele><time>2026-07-31T04:04:55Z</time></trkpt>
<trkpt lat="36.781936" lon="139.241369"><ele>865.8</ele><time>2026-07-31T04:05:19Z</time></trkpt>
<trkpt lat="36.781175" lon="139.239829"><ele>863.6</ele><time>2026-07-31T04:05:37Z</time></trkpt>
<trkpt lat="36.778724" lon="139.238572"><ele>852.6</ele><time>2026-07-31T04:06:04Z</time></trkpt>
<trkpt lat="36.777021" lon="139.236674"><ele>846.6</ele><time>2026-07-31T04:06:28Z</time></trkpt>
<trkpt lat="36.776378" lon="139.235198"><ele>845.4</ele><time>2026-07-31T04:06:44Z</time></trkpt>
<trkpt lat="36.775544" lon="139.234424"><ele>844.2</ele><time>2026-07-31T04:06:57Z</time></trkpt>
<trkpt lat="36.774665" lon="139.233863"><ele>842.4</ele><time>2026-07-31T04:07:09Z</time></trkpt>
<trkpt lat="36.774072" lon="139.233038"><ele>841.0</ele><time>2026-07-31T04:07:21Z</time></trkpt>
<trkpt lat="36.773137" lon="139.230161"><ele>834.8</ele><time>2026-07-31T04:08:34Z</time></trkpt>
<trkpt lat="36.776632" lon="139.229082"><ele>832.4</ele><time>2026-07-31T04:09:39Z</time></trkpt>
<trkpt lat="36.777356" lon="139.229027"><ele>835.0</ele><time>2026-07-31T04:09:55Z</time></trkpt>
<trkpt lat="36.777343" lon="139.228839"><ele>836.0</ele><time>2026-07-31T04:10:13Z</time></trkpt>
<trkpt lat="36.780791" lon="139.231187"><ele>829.0</ele><time>2026-07-31T04:23:28Z</time></trkpt>
<trkpt lat="36.782068" lon="139.231576"><ele>827.2</ele><time>2026-07-31T04:23:46Z</time></trkpt>
<trkpt lat="36.782335" lon="139.231336"><ele>828.6</ele><time>2026-07-31T04:23:52Z</time></trkpt>
<trkpt lat="36.783075" lon="139.229835"><ele>828.8</ele><time>2026-07-31T04:24:14Z</time></trkpt>
<trkpt lat="36.784204" lon="139.228997"><ele>828.4</ele><time>2026-07-31T04:24:35Z</time></trkpt>
<trkpt lat="36.785547" lon="139.229425"><ele>832.8</ele><time>2026-07-31T04:25:04Z</time></trkpt>
<trkpt lat="36.786584" lon="139.230317"><ele>835.6</ele><time>2026-07-31T04:25:30Z</time></trkpt>
<trkpt lat="36.787121" lon="139.230589"><ele>836.4</ele><time>2026-07-31T04:25:42Z</time></trkpt>
<trkpt lat="36.789565" lon="139.231340"><ele>842.4</ele><time>2026-07-31T04:26:34Z</time></trkpt>
<trkpt lat="36.791174" lon="139.231394"><ele>853.0</ele><time>2026-07-31T04:27:19Z</time></trkpt>
<trkpt lat="36.792297" lon="139.231930"><ele>858.2</ele><time>2026-07-31T04:27:50Z</time></trkpt>
<trkpt lat="36.793131" lon="139.232593"><ele>859.4</ele><time>2026-07-31T04:28:10Z</time></trkpt>
<trkpt lat="36.794471" lon="139.232786"><ele>862.0</ele><time>2026-07-31T04:28:37Z</time></trkpt>
<trkpt lat="36.795222" lon="139.233193"><ele>863.8</ele><time>2026-07-31T04:28:54Z</time></trkpt>
<trkpt lat="36.797132" lon="139.233124"><ele>872.6</ele><time>2026-07-31T04:29:42Z</time></trkpt>
<trkpt lat="36.798408" lon="139.232899"><ele>879.0</ele><time>2026-07-31T04:30:19Z</time></trkpt>
<trkpt lat="36.800188" lon="139.233068"><ele>878.4</ele><time>2026-07-31T04:30:49Z</time></trkpt>
<trkpt lat="36.800983" lon="139.233246"><ele>880.6</ele><time>2026-07-31T04:31:02Z</time></trkpt>
<trkpt lat="36.802280" lon="139.233944"><ele>880.8</ele><time>2026-07-31T04:31:25Z</time></trkpt>
<trkpt lat="36.806279" lon="139.234665"><ele>877.2</ele><time>2026-07-31T04:32:19Z</time></trkpt>
<trkpt lat="36.807209" lon="139.235336"><ele>884.2</ele><time>2026-07-31T04:32:49Z</time></trkpt>
<trkpt lat="36.808319" lon="139.236598"><ele>887.8</ele><time>2026-07-31T04:33:22Z</time></trkpt>
<trkpt lat="36.808701" lon="139.236829"><ele>888.6</ele><time>2026-07-31T04:33:31Z</time></trkpt>
<trkpt lat="36.810258" lon="139.237145"><ele>893.8</ele><time>2026-07-31T04:34:06Z</time></trkpt>
<trkpt lat="36.811374" lon="139.237004"><ele>898.4</ele><time>2026-07-31T04:34:35Z</time></trkpt>
<trkpt lat="36.816650" lon="139.238258"><ele>898.6</ele><time>2026-07-31T04:36:03Z</time></trkpt>
<trkpt lat="36.817036" lon="139.238598"><ele>899.4</ele><time>2026-07-31T04:36:12Z</time></trkpt>
<trkpt lat="36.817280" lon="139.239051"><ele>901.4</ele><time>2026-07-31T04:36:21Z</time></trkpt>
<trkpt lat="36.817741" lon="139.241266"><ele>911.4</ele><time>2026-07-31T04:37:12Z</time></trkpt>
<trkpt lat="36.818034" lon="139.241638"><ele>912.8</ele><time>2026-07-31T04:37:24Z</time></trkpt>
<trkpt lat="36.818443" lon="139.241862"><ele>914.4</ele><time>2026-07-31T04:37:36Z</time></trkpt>
<trkpt lat="36.820359" lon="139.242084"><ele>918.4</ele><time>2026-07-31T04:38:15Z</time></trkpt>
<trkpt lat="36.822038" lon="139.241865"><ele>919.6</ele><time>2026-07-31T04:38:47Z</time></trkpt>
<trkpt lat="36.822739" lon="139.241557"><ele>921.0</ele><time>2026-07-31T04:39:04Z</time></trkpt>
<trkpt lat="36.824210" lon="139.240409"><ele>931.8</ele><time>2026-07-31T04:39:54Z</time></trkpt>
<trkpt lat="36.825017" lon="139.240316"><ele>936.2</ele><time>2026-07-31T04:40:18Z</time></trkpt>
<trkpt lat="36.825592" lon="139.240756"><ele>939.8</ele><time>2026-07-31T04:40:39Z</time></trkpt>
<trkpt lat="36.827472" lon="139.242953"><ele>954.0</ele><time>2026-07-31T04:41:59Z</time></trkpt>
<trkpt lat="36.828775" lon="139.245063"><ele>963.4</ele><time>2026-07-31T04:43:00Z</time></trkpt>
<trkpt lat="36.829423" lon="139.245681"><ele>967.8</ele><time>2026-07-31T04:43:23Z</time></trkpt>
<trkpt lat="36.830055" lon="139.245703"><ele>968.6</ele><time>2026-07-31T04:43:36Z</time></trkpt>
<trkpt lat="36.832090" lon="139.244942"><ele>966.8</ele><time>2026-07-31T04:44:11Z</time></trkpt>
<trkpt lat="36.833729" lon="139.244643"><ele>973.2</ele><time>2026-07-31T04:44:47Z</time></trkpt>
<trkpt lat="36.834063" lon="139.244733"><ele>976.4</ele><time>2026-07-31T04:44:58Z</time></trkpt>
<trkpt lat="36.834761" lon="139.245538"><ele>984.0</ele><time>2026-07-31T04:45:34Z</time></trkpt>
<trkpt lat="36.835035" lon="139.245616"><ele>986.8</ele><time>2026-07-31T04:45:47Z</time></trkpt>
<trkpt lat="36.835925" lon="139.244905"><ele>997.6</ele><time>2026-07-31T04:46:34Z</time></trkpt>
<trkpt lat="36.836545" lon="139.244818"><ele>1002.2</ele><time>2026-07-31T04:46:57Z</time></trkpt>
<trkpt lat="36.836898" lon="139.245128"><ele>1003.8</ele><time>2026-07-31T04:47:10Z</time></trkpt>
<trkpt lat="36.837447" lon="139.246575"><ele>1004.4</ele><time>2026-07-31T04:47:38Z</time></trkpt>
<trkpt lat="36.838294" lon="139.247364"><ele>1005.6</ele><time>2026-07-31T04:47:57Z</time></trkpt>
<trkpt lat="36.839291" lon="139.248712"><ele>1007.4</ele><time>2026-07-31T04:48:27Z</time></trkpt>
<trkpt lat="36.839568" lon="139.248897"><ele>1008.4</ele><time>2026-07-31T04:48:35Z</time></trkpt>
<trkpt lat="36.839622" lon="139.248663"><ele>1009.2</ele><time>2026-07-31T04:48:41Z</time></trkpt>
<trkpt lat="36.839184" lon="139.247738"><ele>1013.4</ele><time>2026-07-31T04:49:05Z</time></trkpt>
<trkpt lat="36.838716" lon="139.246280"><ele>1018.6</ele><time>2026-07-31T04:49:40Z</time></trkpt>
<trkpt lat="36.838846" lon="139.245887"><ele>1021.8</ele><time>2026-07-31T04:49:54Z</time></trkpt>
<trkpt lat="36.839331" lon="139.245244"><ele>1027.8</ele><time>2026-07-31T04:50:25Z</time></trkpt>
<trkpt lat="36.839636" lon="139.244437"><ele>1034.6</ele><time>2026-07-31T04:50:54Z</time></trkpt>
<trkpt lat="36.839675" lon="139.244067"><ele>1037.2</ele><time>2026-07-31T04:51:09Z</time></trkpt>
<trkpt lat="36.839212" lon="139.242926"><ele>1044.0</ele><time>2026-07-31T04:51:45Z</time></trkpt>
<trkpt lat="36.839924" lon="139.241108"><ele>1039.2</ele><time>2026-07-31T04:52:10Z</time></trkpt>
<trkpt lat="36.840231" lon="139.240797"><ele>1040.8</ele><time>2026-07-31T04:52:19Z</time></trkpt>
<trkpt lat="36.842703" lon="139.240269"><ele>1048.0</ele><time>2026-07-31T04:53:15Z</time></trkpt>
<trkpt lat="36.843472" lon="139.239891"><ele>1047.6</ele><time>2026-07-31T04:53:30Z</time></trkpt>
<trkpt lat="36.843919" lon="139.239309"><ele>1043.0</ele><time>2026-07-31T04:53:37Z</time></trkpt>
<trkpt lat="36.844771" lon="139.237041"><ele>1033.8</ele><time>2026-07-31T04:53:57Z</time></trkpt>
<trkpt lat="36.845615" lon="139.236859"><ele>1034.6</ele><time>2026-07-31T04:54:10Z</time></trkpt>
<trkpt lat="36.847544" lon="139.235277"><ele>1052.2</ele><time>2026-07-31T04:55:26Z</time></trkpt>
<trkpt lat="36.849333" lon="139.234119"><ele>1069.0</ele><time>2026-07-31T04:56:48Z</time></trkpt>
<trkpt lat="36.850593" lon="139.234106"><ele>1080.8</ele><time>2026-07-31T04:57:46Z</time></trkpt>
<trkpt lat="36.851273" lon="139.234344"><ele>1087.0</ele><time>2026-07-31T04:58:12Z</time></trkpt>
<trkpt lat="36.851461" lon="139.234176"><ele>1087.8</ele><time>2026-07-31T04:58:19Z</time></trkpt>
<trkpt lat="36.851614" lon="139.233265"><ele>1089.0</ele><time>2026-07-31T04:58:38Z</time></trkpt>
<trkpt lat="36.851517" lon="139.232806"><ele>1089.4</ele><time>2026-07-31T04:58:46Z</time></trkpt>
<trkpt lat="36.851618" lon="139.232333"><ele>1090.4</ele><time>2026-07-31T04:58:57Z</time></trkpt>
<trkpt lat="36.851562" lon="139.231663"><ele>1091.4</ele><time>2026-07-31T04:59:09Z</time></trkpt>
<trkpt lat="36.851734" lon="139.230746"><ele>1091.0</ele><time>2026-07-31T04:59:19Z</time></trkpt>
<trkpt lat="36.851478" lon="139.229873"><ele>1089.6</ele><time>2026-07-31T04:59:36Z</time></trkpt>
<trkpt lat="36.851061" lon="139.229364"><ele>1089.6</ele><time>2026-07-31T04:59:41Z</time></trkpt>
<trkpt lat="36.850937" lon="139.228253"><ele>1088.2</ele><time>2026-07-31T04:59:54Z</time></trkpt>
<trkpt lat="36.851039" lon="139.227817"><ele>1089.6</ele><time>2026-07-31T05:00:01Z</time></trkpt>
<trkpt lat="36.851499" lon="139.227214"><ele>1090.2</ele><time>2026-07-31T05:00:14Z</time></trkpt>
<trkpt lat="36.851920" lon="139.226334"><ele>1094.4</ele><time>2026-07-31T05:00:35Z</time></trkpt>
<trkpt lat="36.852142" lon="139.225031"><ele>1105.4</ele><time>2026-07-31T05:01:24Z</time></trkpt>
<trkpt lat="36.852391" lon="139.224590"><ele>1107.0</ele><time>2026-07-31T05:01:38Z</time></trkpt>
<trkpt lat="36.853314" lon="139.224308"><ele>1105.4</ele><time>2026-07-31T05:01:57Z</time></trkpt>
<trkpt lat="36.854419" lon="139.223440"><ele>1107.6</ele><time>2026-07-31T05:02:22Z</time></trkpt>
<trkpt lat="36.854610" lon="139.222574"><ele>1112.4</ele><time>2026-07-31T05:02:42Z</time></trkpt>
<trkpt lat="36.855004" lon="139.221671"><ele>1114.8</ele><time>2026-07-31T05:03:04Z</time></trkpt>
<trkpt lat="36.856098" lon="139.220597"><ele>1118.6</ele><time>2026-07-31T05:03:39Z</time></trkpt>
<trkpt lat="36.856446" lon="139.219939"><ele>1122.2</ele><time>2026-07-31T05:03:57Z</time></trkpt>
<trkpt lat="36.857071" lon="139.217414"><ele>1137.0</ele><time>2026-07-31T05:05:14Z</time></trkpt>
<trkpt lat="36.857477" lon="139.217261"><ele>1141.0</ele><time>2026-07-31T05:05:36Z</time></trkpt>
<trkpt lat="36.858382" lon="139.217335"><ele>1149.0</ele><time>2026-07-31T05:06:13Z</time></trkpt>
<trkpt lat="36.858656" lon="139.217119"><ele>1151.4</ele><time>2026-07-31T05:06:22Z</time></trkpt>
<trkpt lat="36.859480" lon="139.217545"><ele>1155.4</ele><time>2026-07-31T05:06:50Z</time></trkpt>
<trkpt lat="36.860074" lon="139.217526"><ele>1156.6</ele><time>2026-07-31T05:08:12Z</time></trkpt>
<trkpt lat="36.860844" lon="139.217078"><ele>1160.2</ele><time>2026-07-31T05:08:34Z</time></trkpt>
<trkpt lat="36.862056" lon="139.217655"><ele>1166.4</ele><time>2026-07-31T05:09:04Z</time></trkpt>
<trkpt lat="36.862880" lon="139.217612"><ele>1171.0</ele><time>2026-07-31T05:09:30Z</time></trkpt>
<trkpt lat="36.864967" lon="139.216198"><ele>1186.0</ele><time>2026-07-31T05:10:49Z</time></trkpt>
<trkpt lat="36.865805" lon="139.215909"><ele>1188.2</ele><time>2026-07-31T05:11:15Z</time></trkpt>
<trkpt lat="36.866648" lon="139.215819"><ele>1194.4</ele><time>2026-07-31T05:11:50Z</time></trkpt>
<trkpt lat="36.867237" lon="139.215512"><ele>1199.6</ele><time>2026-07-31T05:12:13Z</time></trkpt>
<trkpt lat="36.868025" lon="139.214040"><ele>1211.2</ele><time>2026-07-31T05:13:18Z</time></trkpt>
<trkpt lat="36.869917" lon="139.213240"><ele>1224.8</ele><time>2026-07-31T05:14:43Z</time></trkpt>
<trkpt lat="36.870714" lon="139.213486"><ele>1232.0</ele><time>2026-07-31T05:15:17Z</time></trkpt>
<trkpt lat="36.871276" lon="139.213452"><ele>1236.4</ele><time>2026-07-31T05:15:39Z</time></trkpt>
<trkpt lat="36.872353" lon="139.212271"><ele>1242.4</ele><time>2026-07-31T05:16:22Z</time></trkpt>
<trkpt lat="36.872499" lon="139.211824"><ele>1244.6</ele><time>2026-07-31T05:16:36Z</time></trkpt>
<trkpt lat="36.872441" lon="139.211484"><ele>1246.4</ele><time>2026-07-31T05:16:46Z</time></trkpt>
<trkpt lat="36.871809" lon="139.210666"><ele>1251.4</ele><time>2026-07-31T05:17:16Z</time></trkpt>
<trkpt lat="36.871804" lon="139.210059"><ele>1253.8</ele><time>2026-07-31T05:17:33Z</time></trkpt>
<trkpt lat="36.872094" lon="139.209327"><ele>1258.8</ele><time>2026-07-31T05:17:59Z</time></trkpt>
<trkpt lat="36.872009" lon="139.208817"><ele>1262.8</ele><time>2026-07-31T05:18:17Z</time></trkpt>
<trkpt lat="36.870606" lon="139.207207"><ele>1270.4</ele><time>2026-07-31T05:19:22Z</time></trkpt>
<trkpt lat="36.870150" lon="139.204978"><ele>1284.0</ele><time>2026-07-31T05:20:33Z</time></trkpt>
<trkpt lat="36.869491" lon="139.204297"><ele>1291.8</ele><time>2026-07-31T05:21:16Z</time></trkpt>
<trkpt lat="36.869416" lon="139.204067"><ele>1293.4</ele><time>2026-07-31T05:21:24Z</time></trkpt>
<trkpt lat="36.869705" lon="139.202407"><ele>1300.2</ele><time>2026-07-31T05:22:12Z</time></trkpt>
<trkpt lat="36.870388" lon="139.201975"><ele>1304.4</ele><time>2026-07-31T05:22:37Z</time></trkpt>
<trkpt lat="36.870640" lon="139.200627"><ele>1312.8</ele><time>2026-07-31T05:23:22Z</time></trkpt>
<trkpt lat="36.871243" lon="139.199654"><ele>1318.0</ele><time>2026-07-31T05:24:00Z</time></trkpt>
<trkpt lat="36.871464" lon="139.199000"><ele>1321.8</ele><time>2026-07-31T05:24:21Z</time></trkpt>
<trkpt lat="36.872042" lon="139.198681"><ele>1323.8</ele><time>2026-07-31T05:24:39Z</time></trkpt>
<trkpt lat="36.872176" lon="139.198362"><ele>1323.6</ele><time>2026-07-31T05:24:46Z</time></trkpt>
<trkpt lat="36.872123" lon="139.198059"><ele>1323.4</ele><time>2026-07-31T05:24:52Z</time></trkpt>
<trkpt lat="36.871803" lon="139.197887"><ele>1323.2</ele><time>2026-07-31T05:24:59Z</time></trkpt>
<trkpt lat="36.871503" lon="139.197478"><ele>1321.6</ele><time>2026-07-31T05:25:06Z</time></trkpt>
<trkpt lat="36.870088" lon="139.193368"><ele>1333.8</ele><time>2026-07-31T05:26:45Z</time></trkpt>
<trkpt lat="36.870557" lon="139.191613"><ele>1345.4</ele><time>2026-07-31T05:27:43Z</time></trkpt>
<trkpt lat="36.870602" lon="139.190373"><ele>1353.0</ele><time>2026-07-31T05:28:26Z</time></trkpt>
<trkpt lat="36.870954" lon="139.189837"><ele>1354.8</ele><time>2026-07-31T05:28:42Z</time></trkpt>
<trkpt lat="36.870820" lon="139.188904"><ele>1358.2</ele><time>2026-07-31T05:29:09Z</time></trkpt>
<trkpt lat="36.871263" lon="139.188190"><ele>1364.0</ele><time>2026-07-31T05:29:40Z</time></trkpt>
<trkpt lat="36.871540" lon="139.187058"><ele>1372.2</ele><time>2026-07-31T05:30:20Z</time></trkpt>
<trkpt lat="36.871861" lon="139.184024"><ele>1388.4</ele><time>2026-07-31T05:31:57Z</time></trkpt>
<trkpt lat="36.872381" lon="139.182554"><ele>1395.0</ele><time>2026-07-31T05:32:38Z</time></trkpt>
<trkpt lat="36.872274" lon="139.181754"><ele>1393.4</ele><time>2026-07-31T05:32:50Z</time></trkpt>
<trkpt lat="36.872102" lon="139.181566"><ele>1392.0</ele><time>2026-07-31T05:32:54Z</time></trkpt>
<trkpt lat="36.871975" lon="139.181608"><ele>1391.8</ele><time>2026-07-31T05:32:57Z</time></trkpt>
<trkpt lat="36.871793" lon="139.181904"><ele>1392.8</ele><time>2026-07-31T05:33:05Z</time></trkpt>
<trkpt lat="36.871778" lon="139.182297"><ele>1394.2</ele><time>2026-07-31T05:33:14Z</time></trkpt>
<trkpt lat="36.871480" lon="139.182376"><ele>1395.8</ele><time>2026-07-31T05:33:23Z</time></trkpt>
<trkpt lat="36.871028" lon="139.182855"><ele>1400.8</ele><time>2026-07-31T05:33:46Z</time></trkpt>
<trkpt lat="36.870854" lon="139.182733"><ele>1402.6</ele><time>2026-07-31T05:33:55Z</time></trkpt>
<trkpt lat="36.870908" lon="139.182369"><ele>1405.6</ele><time>2026-07-31T05:34:10Z</time></trkpt>
<trkpt lat="36.870749" lon="139.182429"><ele>1407.8</ele><time>2026-07-31T05:34:18Z</time></trkpt>
<trkpt lat="36.870596" lon="139.183575"><ele>1416.4</ele><time>2026-07-31T05:34:58Z</time></trkpt>
<trkpt lat="36.870049" lon="139.183742"><ele>1418.2</ele><time>2026-07-31T05:35:19Z</time></trkpt>
<trkpt lat="36.870081" lon="139.184263"><ele>1420.0</ele><time>2026-07-31T05:35:33Z</time></trkpt>
<trkpt lat="36.869917" lon="139.184924"><ele>1422.0</ele><time>2026-07-31T05:35:50Z</time></trkpt>
<trkpt lat="36.869637" lon="139.185318"><ele>1424.4</ele><time>2026-07-31T05:36:07Z</time></trkpt>
<trkpt lat="36.869165" lon="139.185256"><ele>1427.8</ele><time>2026-07-31T05:36:26Z</time></trkpt>
<trkpt lat="36.869170" lon="139.185890"><ele>1429.8</ele><time>2026-07-31T05:36:42Z</time></trkpt>
<trkpt lat="36.868990" lon="139.186293"><ele>1430.8</ele><time>2026-07-31T05:36:52Z</time></trkpt>
<trkpt lat="36.868859" lon="139.186300"><ele>1431.2</ele><time>2026-07-31T05:36:56Z</time></trkpt>
<trkpt lat="36.868396" lon="139.185784"><ele>1434.2</ele><time>2026-07-31T05:37:16Z</time></trkpt>
<trkpt lat="36.868196" lon="139.186303"><ele>1436.0</ele><time>2026-07-31T05:37:30Z</time></trkpt>
<trkpt lat="36.867159" lon="139.186608"><ele>1440.0</ele><time>2026-07-31T05:38:01Z</time></trkpt>
<trkpt lat="36.867038" lon="139.186850"><ele>1442.0</ele><time>2026-07-31T05:38:10Z</time></trkpt>
<trkpt lat="36.866868" lon="139.186852"><ele>1443.0</ele><time>2026-07-31T05:38:16Z</time></trkpt>
<trkpt lat="36.866211" lon="139.185889"><ele>1449.6</ele><time>2026-07-31T05:38:56Z</time></trkpt>
<trkpt lat="36.865704" lon="139.185577"><ele>1453.2</ele><time>2026-07-31T05:39:18Z</time></trkpt>
<trkpt lat="36.865545" lon="139.184661"><ele>1458.2</ele><time>2026-07-31T05:39:46Z</time></trkpt>
<trkpt lat="36.865279" lon="139.184309"><ele>1459.8</ele><time>2026-07-31T05:39:59Z</time></trkpt>
<trkpt lat="36.865107" lon="139.184657"><ele>1462.0</ele><time>2026-07-31T05:40:12Z</time></trkpt>
<trkpt lat="36.865067" lon="139.185624"><ele>1467.0</ele><time>2026-07-31T05:40:42Z</time></trkpt>
<trkpt lat="36.864785" lon="139.186202"><ele>1470.0</ele><time>2026-07-31T05:41:05Z</time></trkpt>
<trkpt lat="36.864010" lon="139.186821"><ele>1476.2</ele><time>2026-07-31T05:41:38Z</time></trkpt>
<trkpt lat="36.863345" lon="139.186826"><ele>1480.0</ele><time>2026-07-31T05:42:01Z</time></trkpt>
<trkpt lat="36.863970" lon="139.187599"><ele>1487.0</ele><time>2026-07-31T05:42:41Z</time></trkpt>
<trkpt lat="36.864596" lon="139.187760"><ele>1490.2</ele><time>2026-07-31T05:43:04Z</time></trkpt>
<trkpt lat="36.864811" lon="139.187578"><ele>1491.6</ele><time>2026-07-31T05:43:14Z</time></trkpt>
<trkpt lat="36.865322" lon="139.187698"><ele>1494.6</ele><time>2026-07-31T05:43:34Z</time></trkpt>
<trkpt lat="36.865531" lon="139.188393"><ele>1499.0</ele><time>2026-07-31T05:44:00Z</time></trkpt>
<trkpt lat="36.866239" lon="139.189143"><ele>1504.4</ele><time>2026-07-31T05:44:35Z</time></trkpt>
<trkpt lat="36.866343" lon="139.189524"><ele>1506.6</ele><time>2026-07-31T05:44:48Z</time></trkpt>
<trkpt lat="36.866238" lon="139.189721"><ele>1508.0</ele><time>2026-07-31T05:44:56Z</time></trkpt>
<trkpt lat="36.865830" lon="139.189893"><ele>1511.0</ele><time>2026-07-31T05:45:11Z</time></trkpt>
<trkpt lat="36.865231" lon="139.189750"><ele>1515.4</ele><time>2026-07-31T05:45:36Z</time></trkpt>
<trkpt lat="36.864640" lon="139.190078"><ele>1518.8</ele><time>2026-07-31T05:45:57Z</time></trkpt>
<trkpt lat="36.863705" lon="139.188873"><ele>1530.0</ele><time>2026-07-31T05:46:57Z</time></trkpt>
<trkpt lat="36.862860" lon="139.188336"><ele>1537.4</ele><time>2026-07-31T05:47:36Z</time></trkpt>
<trkpt lat="36.862197" lon="139.188325"><ele>1542.6</ele><time>2026-07-31T05:48:06Z</time></trkpt>
<trkpt lat="36.861608" lon="139.187648"><ele>1549.0</ele><time>2026-07-31T05:48:43Z</time></trkpt>
<trkpt lat="36.861546" lon="139.187766"><ele>1550.6</ele><time>2026-07-31T05:48:49Z</time></trkpt>
<trkpt lat="36.861803" lon="139.188126"><ele>1553.2</ele><time>2026-07-31T05:49:06Z</time></trkpt>
<trkpt lat="36.862014" lon="139.188969"><ele>1555.4</ele><time>2026-07-31T05:49:27Z</time></trkpt>
<trkpt lat="36.862006" lon="139.189173"><ele>1556.6</ele><time>2026-07-31T05:49:34Z</time></trkpt>
<trkpt lat="36.861858" lon="139.189208"><ele>1557.6</ele><time>2026-07-31T05:49:40Z</time></trkpt>
<trkpt lat="36.861496" lon="139.188360"><ele>1562.0</ele><time>2026-07-31T05:50:09Z</time></trkpt>
<trkpt lat="36.860614" lon="139.187475"><ele>1571.4</ele><time>2026-07-31T05:50:55Z</time></trkpt>
<trkpt lat="36.860104" lon="139.186754"><ele>1577.8</ele><time>2026-07-31T05:51:29Z</time></trkpt>
<trkpt lat="36.860003" lon="139.186941"><ele>1580.6</ele><time>2026-07-31T05:51:40Z</time></trkpt>
<trkpt lat="36.860596" lon="139.188709"><ele>1588.2</ele><time>2026-07-31T05:52:34Z</time></trkpt>
<trkpt lat="36.860615" lon="139.189299"><ele>1591.6</ele><time>2026-07-31T05:52:52Z</time></trkpt>
<trkpt lat="36.860463" lon="139.189354"><ele>1594.2</ele><time>2026-07-31T05:53:00Z</time></trkpt>
<trkpt lat="36.860138" lon="139.188635"><ele>1599.0</ele><time>2026-07-31T05:53:29Z</time></trkpt>
<trkpt lat="36.859323" lon="139.187538"><ele>1607.6</ele><time>2026-07-31T05:54:17Z</time></trkpt>
<trkpt lat="36.859043" lon="139.186447"><ele>1614.2</ele><time>2026-07-31T05:54:58Z</time></trkpt>
<trkpt lat="36.857762" lon="139.187241"><ele>1607.2</ele><time>2026-07-31T05:56:58Z</time></trkpt>
<trkpt lat="36.857596" lon="139.187080"><ele>1604.6</ele><time>2026-07-31T05:57:02Z</time></trkpt>
<trkpt lat="36.857851" lon="139.186804"><ele>1600.6</ele><time>2026-07-31T05:57:08Z</time></trkpt>
<trkpt lat="36.857828" lon="139.186645"><ele>1598.8</ele><time>2026-07-31T05:57:11Z</time></trkpt>
<trkpt lat="36.857012" lon="139.187176"><ele>1590.2</ele><time>2026-07-31T05:57:23Z</time></trkpt>
<trkpt lat="36.856839" lon="139.187133"><ele>1588.6</ele><time>2026-07-31T05:57:26Z</time></trkpt>
<trkpt lat="36.857060" lon="139.186366"><ele>1583.6</ele><time>2026-07-31T05:57:34Z</time></trkpt>
<trkpt lat="36.857844" lon="139.185513"><ele>1577.4</ele><time>2026-07-31T05:57:46Z</time></trkpt>
<trkpt lat="36.857618" lon="139.185417"><ele>1575.8</ele><time>2026-07-31T05:57:50Z</time></trkpt>
<trkpt lat="36.856719" lon="139.185794"><ele>1568.4</ele><time>2026-07-31T05:58:01Z</time></trkpt>
<trkpt lat="36.856547" lon="139.185568"><ele>1565.6</ele><time>2026-07-31T05:58:06Z</time></trkpt>
<trkpt lat="36.857603" lon="139.184752"><ele>1557.6</ele><time>2026-07-31T05:58:22Z</time></trkpt>
<trkpt lat="36.858175" lon="139.183499"><ele>1548.6</ele><time>2026-07-31T05:58:34Z</time></trkpt>
<trkpt lat="36.858674" lon="139.182955"><ele>1543.4</ele><time>2026-07-31T05:58:42Z</time></trkpt>
<trkpt lat="36.858513" lon="139.182580"><ele>1541.2</ele><time>2026-07-31T05:58:47Z</time></trkpt>
<trkpt lat="36.858188" lon="139.182314"><ele>1539.6</ele><time>2026-07-31T05:58:52Z</time></trkpt>
<trkpt lat="36.857565" lon="139.182203"><ele>1536.6</ele><time>2026-07-31T05:58:59Z</time></trkpt>
<trkpt lat="36.856469" lon="139.181527"><ele>1528.2</ele><time>2026-07-31T05:59:11Z</time></trkpt>
<trkpt lat="36.856153" lon="139.180912"><ele>1523.4</ele><time>2026-07-31T05:59:18Z</time></trkpt>
<trkpt lat="36.856293" lon="139.180462"><ele>1521.6</ele><time>2026-07-31T05:59:23Z</time></trkpt>
<trkpt lat="36.856724" lon="139.180066"><ele>1518.6</ele><time>2026-07-31T05:59:29Z</time></trkpt>
<trkpt lat="36.856660" lon="139.179856"><ele>1518.0</ele><time>2026-07-31T05:59:32Z</time></trkpt>
<trkpt lat="36.855979" lon="139.179921"><ele>1513.0</ele><time>2026-07-31T05:59:40Z</time></trkpt>
<trkpt lat="36.855888" lon="139.179498"><ele>1508.2</ele><time>2026-07-31T05:59:46Z</time></trkpt>
<trkpt lat="36.855728" lon="139.179455"><ele>1506.8</ele><time>2026-07-31T05:59:49Z</time></trkpt>
<trkpt lat="36.855253" lon="139.179914"><ele>1501.6</ele><time>2026-07-31T05:59:57Z</time></trkpt>
<trkpt lat="36.854706" lon="139.179847"><ele>1497.8</ele><time>2026-07-31T06:00:03Z</time></trkpt>
<trkpt lat="36.854477" lon="139.180444"><ele>1492.4</ele><time>2026-07-31T06:00:09Z</time></trkpt>
<trkpt lat="36.854279" lon="139.180561"><ele>1490.8</ele><time>2026-07-31T06:00:12Z</time></trkpt>
<trkpt lat="36.854203" lon="139.180150"><ele>1489.6</ele><time>2026-07-31T06:00:17Z</time></trkpt>
<trkpt lat="36.854298" lon="139.179419"><ele>1486.2</ele><time>2026-07-31T06:00:24Z</time></trkpt>
<trkpt lat="36.854022" lon="139.178509"><ele>1479.6</ele><time>2026-07-31T06:00:32Z</time></trkpt>
<trkpt lat="36.853713" lon="139.178330"><ele>1477.2</ele><time>2026-07-31T06:00:36Z</time></trkpt>
<trkpt lat="36.853111" lon="139.178910"><ele>1472.4</ele><time>2026-07-31T06:00:45Z</time></trkpt>
<trkpt lat="36.852544" lon="139.179190"><ele>1467.4</ele><time>2026-07-31T06:00:52Z</time></trkpt>
<trkpt lat="36.852080" lon="139.179235"><ele>1464.4</ele><time>2026-07-31T06:00:57Z</time></trkpt>
<trkpt lat="36.851399" lon="139.179637"><ele>1458.4</ele><time>2026-07-31T06:01:06Z</time></trkpt>
<trkpt lat="36.851264" lon="139.178611"><ele>1453.2</ele><time>2026-07-31T06:01:16Z</time></trkpt>
<trkpt lat="36.850770" lon="139.177879"><ele>1447.8</ele><time>2026-07-31T06:01:24Z</time></trkpt>
<trkpt lat="36.850683" lon="139.177203"><ele>1444.4</ele><time>2026-07-31T06:01:30Z</time></trkpt>
<trkpt lat="36.850444" lon="139.177111"><ele>1441.6</ele><time>2026-07-31T06:01:33Z</time></trkpt>
<trkpt lat="36.849636" lon="139.177792"><ele>1434.2</ele><time>2026-07-31T06:01:42Z</time></trkpt>
<trkpt lat="36.849362" lon="139.177811"><ele>1431.4</ele><time>2026-07-31T06:01:45Z</time></trkpt>
<trkpt lat="36.848572" lon="139.176668"><ele>1421.2</ele><time>2026-07-31T06:01:57Z</time></trkpt>
<trkpt lat="36.848550" lon="139.176346"><ele>1419.0</ele><time>2026-07-31T06:02:00Z</time></trkpt>
<trkpt lat="36.848826" lon="139.175861"><ele>1415.2</ele><time>2026-07-31T06:02:08Z</time></trkpt>
<trkpt lat="36.848190" lon="139.175815"><ele>1410.2</ele><time>2026-07-31T06:02:16Z</time></trkpt>
<trkpt lat="36.847906" lon="139.175383"><ele>1406.0</ele><time>2026-07-31T06:02:21Z</time></trkpt>
<trkpt lat="36.847887" lon="139.175093"><ele>1403.4</ele><time>2026-07-31T06:02:24Z</time></trkpt>
<trkpt lat="36.848218" lon="139.174452"><ele>1399.6</ele><time>2026-07-31T06:02:31Z</time></trkpt>
<trkpt lat="36.848035" lon="139.172640"><ele>1390.2</ele><time>2026-07-31T06:02:45Z</time></trkpt>
<trkpt lat="36.848385" lon="139.171692"><ele>1384.2</ele><time>2026-07-31T06:02:53Z</time></trkpt>
<trkpt lat="36.848272" lon="139.170503"><ele>1381.8</ele><time>2026-07-31T06:03:03Z</time></trkpt>
<trkpt lat="36.848443" lon="139.169811"><ele>1381.4</ele><time>2026-07-31T06:03:10Z</time></trkpt>
<trkpt lat="36.848372" lon="139.169168"><ele>1382.8</ele><time>2026-07-31T06:03:17Z</time></trkpt>
<trkpt lat="36.848660" lon="139.168090"><ele>1381.0</ele><time>2026-07-31T06:03:29Z</time></trkpt>
<trkpt lat="36.848485" lon="139.167644"><ele>1378.8</ele><time>2026-07-31T06:03:34Z</time></trkpt>
<trkpt lat="36.847765" lon="139.167062"><ele>1372.0</ele><time>2026-07-31T06:03:44Z</time></trkpt>
<trkpt lat="36.847778" lon="139.166654"><ele>1368.8</ele><time>2026-07-31T06:03:48Z</time></trkpt>
<trkpt lat="36.848050" lon="139.166133"><ele>1364.2</ele><time>2026-07-31T06:03:53Z</time></trkpt>
<trkpt lat="36.847808" lon="139.165139"><ele>1355.8</ele><time>2026-07-31T06:04:01Z</time></trkpt>
<trkpt lat="36.847818" lon="139.164697"><ele>1352.8</ele><time>2026-07-31T06:04:04Z</time></trkpt>
<trkpt lat="36.848207" lon="139.163754"><ele>1344.8</ele><time>2026-07-31T06:04:11Z</time></trkpt>
<trkpt lat="36.848866" lon="139.163189"><ele>1340.8</ele><time>2026-07-31T06:04:18Z</time></trkpt>
<trkpt lat="36.849117" lon="139.162496"><ele>1336.8</ele><time>2026-07-31T06:04:24Z</time></trkpt>
<trkpt lat="36.849468" lon="139.162071"><ele>1334.8</ele><time>2026-07-31T06:04:29Z</time></trkpt>
<trkpt lat="36.849723" lon="139.161450"><ele>1331.8</ele><time>2026-07-31T06:04:35Z</time></trkpt>
<trkpt lat="36.849716" lon="139.160941"><ele>1330.6</ele><time>2026-07-31T06:04:40Z</time></trkpt>
<trkpt lat="36.850006" lon="139.160490"><ele>1327.8</ele><time>2026-07-31T06:04:45Z</time></trkpt>
<trkpt lat="36.850061" lon="139.160129"><ele>1326.2</ele><time>2026-07-31T06:04:48Z</time></trkpt>
<trkpt lat="36.849504" lon="139.158970"><ele>1318.6</ele><time>2026-07-31T06:04:58Z</time></trkpt>
<trkpt lat="36.848683" lon="139.158546"><ele>1312.8</ele><time>2026-07-31T06:05:06Z</time></trkpt>
<trkpt lat="36.848189" lon="139.158481"><ele>1307.4</ele><time>2026-07-31T06:05:11Z</time></trkpt>
<trkpt lat="36.847992" lon="139.158273"><ele>1304.6</ele><time>2026-07-31T06:05:14Z</time></trkpt>
<trkpt lat="36.848122" lon="139.156947"><ele>1293.4</ele><time>2026-07-31T06:05:24Z</time></trkpt>
<trkpt lat="36.847601" lon="139.155542"><ele>1282.6</ele><time>2026-07-31T06:05:35Z</time></trkpt>
<trkpt lat="36.847097" lon="139.155130"><ele>1277.4</ele><time>2026-07-31T06:05:41Z</time></trkpt>
<trkpt lat="36.846881" lon="139.154736"><ele>1274.4</ele><time>2026-07-31T06:05:45Z</time></trkpt>
<trkpt lat="36.847118" lon="139.154003"><ele>1270.0</ele><time>2026-07-31T06:05:52Z</time></trkpt>
<trkpt lat="36.847046" lon="139.152569"><ele>1260.8</ele><time>2026-07-31T06:06:02Z</time></trkpt>
<trkpt lat="36.846299" lon="139.151599"><ele>1251.4</ele><time>2026-07-31T06:06:12Z</time></trkpt>
<trkpt lat="36.846353" lon="139.150970"><ele>1247.8</ele><time>2026-07-31T06:06:17Z</time></trkpt>
<trkpt lat="36.846193" lon="139.149772"><ele>1239.8</ele><time>2026-07-31T06:06:26Z</time></trkpt>
<trkpt lat="36.846356" lon="139.148580"><ele>1232.6</ele><time>2026-07-31T06:06:35Z</time></trkpt>
<trkpt lat="36.846032" lon="139.147882"><ele>1225.2</ele><time>2026-07-31T06:06:43Z</time></trkpt>
<trkpt lat="36.846286" lon="139.146964"><ele>1219.0</ele><time>2026-07-31T06:06:51Z</time></trkpt>
<trkpt lat="36.846266" lon="139.145998"><ele>1214.2</ele><time>2026-07-31T06:06:59Z</time></trkpt>
<trkpt lat="36.845658" lon="139.144945"><ele>1203.4</ele><time>2026-07-31T06:07:08Z</time></trkpt>
<trkpt lat="36.845647" lon="139.143945"><ele>1198.2</ele><time>2026-07-31T06:07:18Z</time></trkpt>
<trkpt lat="36.845012" lon="139.143242"><ele>1191.8</ele><time>2026-07-31T06:07:27Z</time></trkpt>
<trkpt lat="36.845132" lon="139.142185"><ele>1185.6</ele><time>2026-07-31T06:07:36Z</time></trkpt>
<trkpt lat="36.845020" lon="139.141527"><ele>1178.8</ele><time>2026-07-31T06:07:41Z</time></trkpt>
<trkpt lat="36.843461" lon="139.140035"><ele>1159.4</ele><time>2026-07-31T06:08:00Z</time></trkpt>
<trkpt lat="36.843516" lon="139.138004"><ele>1147.4</ele><time>2026-07-31T06:08:16Z</time></trkpt>
<trkpt lat="36.844386" lon="139.136560"><ele>1135.4</ele><time>2026-07-31T06:08:29Z</time></trkpt>
<trkpt lat="36.844650" lon="139.135300"><ele>1127.6</ele><time>2026-07-31T06:08:38Z</time></trkpt>
<trkpt lat="36.844605" lon="139.133555"><ele>1113.6</ele><time>2026-07-31T06:08:52Z</time></trkpt>
<trkpt lat="36.844777" lon="139.131800"><ele>1102.2</ele><time>2026-07-31T06:09:04Z</time></trkpt>
<trkpt lat="36.844497" lon="139.130128"><ele>1092.4</ele><time>2026-07-31T06:09:16Z</time></trkpt>
<trkpt lat="36.843790" lon="139.129201"><ele>1086.6</ele><time>2026-07-31T06:09:27Z</time></trkpt>
<trkpt lat="36.843668" lon="139.127653"><ele>1077.0</ele><time>2026-07-31T06:09:39Z</time></trkpt>
<trkpt lat="36.843823" lon="139.127211"><ele>1074.4</ele><time>2026-07-31T06:09:43Z</time></trkpt>
<trkpt lat="36.844035" lon="139.127177"><ele>1073.2</ele><time>2026-07-31T06:09:46Z</time></trkpt>
<trkpt lat="36.845042" lon="139.128181"><ele>1067.2</ele><time>2026-07-31T06:10:00Z</time></trkpt>
<trkpt lat="36.846046" lon="139.128830"><ele>1060.0</ele><time>2026-07-31T06:10:12Z</time></trkpt>
<trkpt lat="36.847202" lon="139.128639"><ele>1052.4</ele><time>2026-07-31T06:10:23Z</time></trkpt>
<trkpt lat="36.848251" lon="139.127576"><ele>1045.6</ele><time>2026-07-31T06:10:36Z</time></trkpt>
<trkpt lat="36.848406" lon="139.127103"><ele>1044.0</ele><time>2026-07-31T06:10:40Z</time></trkpt>
<trkpt lat="36.848291" lon="139.126596"><ele>1042.2</ele><time>2026-07-31T06:10:44Z</time></trkpt>
<trkpt lat="36.848455" lon="139.124387"><ele>1031.0</ele><time>2026-07-31T06:11:02Z</time></trkpt>
<trkpt lat="36.848930" lon="139.123247"><ele>1026.4</ele><time>2026-07-31T06:11:13Z</time></trkpt>
<trkpt lat="36.848590" lon="139.121946"><ele>1019.2</ele><time>2026-07-31T06:11:25Z</time></trkpt>
<trkpt lat="36.849264" lon="139.120353"><ele>1011.0</ele><time>2026-07-31T06:11:40Z</time></trkpt>
<trkpt lat="36.849333" lon="139.119798"><ele>1008.6</ele><time>2026-07-31T06:11:44Z</time></trkpt>
<trkpt lat="36.849774" lon="139.118979"><ele>1003.4</ele><time>2026-07-31T06:11:52Z</time></trkpt>
<trkpt lat="36.849748" lon="139.118197"><ele>999.6</ele><time>2026-07-31T06:11:58Z</time></trkpt>
<trkpt lat="36.850206" lon="139.117359"><ele>996.0</ele><time>2026-07-31T06:12:06Z</time></trkpt>
<trkpt lat="36.850310" lon="139.116191"><ele>989.0</ele><time>2026-07-31T06:12:15Z</time></trkpt>
<trkpt lat="36.850600" lon="139.115380"><ele>985.6</ele><time>2026-07-31T06:12:22Z</time></trkpt>
<trkpt lat="36.850680" lon="139.114741"><ele>983.2</ele><time>2026-07-31T06:12:27Z</time></trkpt>
<trkpt lat="36.850908" lon="139.114327"><ele>980.6</ele><time>2026-07-31T06:12:31Z</time></trkpt>
<trkpt lat="36.851150" lon="139.112506"><ele>972.6</ele><time>2026-07-31T06:12:45Z</time></trkpt>
<trkpt lat="36.851505" lon="139.111395"><ele>970.4</ele><time>2026-07-31T06:12:56Z</time></trkpt>
<trkpt lat="36.851767" lon="139.109548"><ele>961.0</ele><time>2026-07-31T06:13:11Z</time></trkpt>
<trkpt lat="36.851924" lon="139.109237"><ele>959.8</ele><time>2026-07-31T06:13:14Z</time></trkpt>
<trkpt lat="36.852570" lon="139.108876"><ele>955.8</ele><time>2026-07-31T06:13:22Z</time></trkpt>
<trkpt lat="36.853490" lon="139.108719"><ele>953.2</ele><time>2026-07-31T06:13:32Z</time></trkpt>
<trkpt lat="36.854531" lon="139.108260"><ele>949.4</ele><time>2026-07-31T06:13:45Z</time></trkpt>
<trkpt lat="36.855474" lon="139.106419"><ele>942.4</ele><time>2026-07-31T06:14:04Z</time></trkpt>
<trkpt lat="36.856144" lon="139.105779"><ele>938.6</ele><time>2026-07-31T06:14:13Z</time></trkpt>
<trkpt lat="36.856394" lon="139.105698"><ele>937.0</ele><time>2026-07-31T06:14:16Z</time></trkpt>
<trkpt lat="36.856977" lon="139.105940"><ele>934.6</ele><time>2026-07-31T06:14:22Z</time></trkpt>
<trkpt lat="36.857627" lon="139.105909"><ele>932.0</ele><time>2026-07-31T06:14:28Z</time></trkpt>
<trkpt lat="36.858024" lon="139.105714"><ele>929.6</ele><time>2026-07-31T06:14:32Z</time></trkpt>
<trkpt lat="36.859386" lon="139.104261"><ele>922.4</ele><time>2026-07-31T06:14:49Z</time></trkpt>
<trkpt lat="36.860618" lon="139.104380"><ele>917.8</ele><time>2026-07-31T06:15:01Z</time></trkpt>
<trkpt lat="36.861219" lon="139.103992"><ele>914.2</ele><time>2026-07-31T06:15:08Z</time></trkpt>
<trkpt lat="36.862623" lon="139.103632"><ele>908.4</ele><time>2026-07-31T06:15:22Z</time></trkpt>
<trkpt lat="36.863193" lon="139.103055"><ele>905.6</ele><time>2026-07-31T06:15:29Z</time></trkpt>
<trkpt lat="36.863434" lon="139.101522"><ele>897.4</ele><time>2026-07-31T06:15:40Z</time></trkpt>
<trkpt lat="36.863801" lon="139.101042"><ele>894.0</ele><time>2026-07-31T06:15:45Z</time></trkpt>
<trkpt lat="36.864211" lon="139.101011"><ele>891.8</ele><time>2026-07-31T06:15:49Z</time></trkpt>
<trkpt lat="36.865781" lon="139.101793"><ele>883.6</ele><time>2026-07-31T06:16:53Z</time></trkpt>
<trkpt lat="36.866536" lon="139.101593"><ele>879.2</ele><time>2026-07-31T06:17:03Z</time></trkpt>
<trkpt lat="36.866952" lon="139.101249"><ele>877.0</ele><time>2026-07-31T06:17:09Z</time></trkpt>
<trkpt lat="36.867605" lon="139.100040"><ele>871.4</ele><time>2026-07-31T06:17:22Z</time></trkpt>
<trkpt lat="36.869342" lon="139.098649"><ele>863.0</ele><time>2026-07-31T06:17:42Z</time></trkpt>
<trkpt lat="36.869599" lon="139.097503"><ele>858.4</ele><time>2026-07-31T06:17:51Z</time></trkpt>
<trkpt lat="36.869456" lon="139.095873"><ele>852.4</ele><time>2026-07-31T06:18:04Z</time></trkpt>
<trkpt lat="36.870945" lon="139.092631"><ele>839.6</ele><time>2026-07-31T06:18:32Z</time></trkpt>
<trkpt lat="36.872073" lon="139.090805"><ele>832.2</ele><time>2026-07-31T06:18:49Z</time></trkpt>
<trkpt lat="36.872096" lon="139.089513"><ele>827.4</ele><time>2026-07-31T06:18:59Z</time></trkpt>
<trkpt lat="36.872814" lon="139.088045"><ele>821.4</ele><time>2026-07-31T06:19:14Z</time></trkpt>
<trkpt lat="36.872805" lon="139.087806"><ele>820.6</ele><time>2026-07-31T06:19:15Z</time></trkpt>
<trkpt lat="36.872376" lon="139.087264"><ele>817.8</ele><time>2026-07-31T06:19:21Z</time></trkpt>
<trkpt lat="36.872404" lon="139.087032"><ele>816.8</ele><time>2026-07-31T06:19:23Z</time></trkpt>
<trkpt lat="36.872915" lon="139.086198"><ele>813.4</ele><time>2026-07-31T06:19:32Z</time></trkpt>
<trkpt lat="36.873600" lon="139.085665"><ele>811.4</ele><time>2026-07-31T06:19:41Z</time></trkpt>
<trkpt lat="36.874387" lon="139.084036"><ele>807.6</ele><time>2026-07-31T06:19:59Z</time></trkpt>
<trkpt lat="36.874320" lon="139.083577"><ele>806.8</ele><time>2026-07-31T06:20:04Z</time></trkpt>
<trkpt lat="36.873536" lon="139.082527"><ele>810.4</ele><time>2026-07-31T06:20:26Z</time></trkpt>
<trkpt lat="36.873843" lon="139.081580"><ele>809.0</ele><time>2026-07-31T06:20:38Z</time></trkpt>
<trkpt lat="36.873739" lon="139.080894"><ele>807.2</ele><time>2026-07-31T06:20:45Z</time></trkpt>
<trkpt lat="36.873785" lon="139.079642"><ele>807.0</ele><time>2026-07-31T06:21:00Z</time></trkpt>
<trkpt lat="36.874794" lon="139.078391"><ele>801.4</ele><time>2026-07-31T06:21:16Z</time></trkpt>
<trkpt lat="36.875296" lon="139.077436"><ele>794.8</ele><time>2026-07-31T06:21:24Z</time></trkpt>
<trkpt lat="36.875963" lon="139.076899"><ele>791.2</ele><time>2026-07-31T06:21:30Z</time></trkpt>
<trkpt lat="36.876351" lon="139.076043"><ele>786.0</ele><time>2026-07-31T06:21:38Z</time></trkpt>
<trkpt lat="36.876112" lon="139.075677"><ele>785.8</ele><time>2026-07-31T06:21:42Z</time></trkpt>
<trkpt lat="36.875731" lon="139.075418"><ele>786.6</ele><time>2026-07-31T06:21:47Z</time></trkpt>
<trkpt lat="36.874694" lon="139.075837"><ele>786.8</ele><time>2026-07-31T06:22:03Z</time></trkpt>
<trkpt lat="36.874173" lon="139.075772"><ele>787.6</ele><time>2026-07-31T06:22:12Z</time></trkpt>
<trkpt lat="36.873931" lon="139.075211"><ele>788.0</ele><time>2026-07-31T06:22:20Z</time></trkpt>
<trkpt lat="36.873728" lon="139.074193"><ele>788.2</ele><time>2026-07-31T06:22:34Z</time></trkpt>
<trkpt lat="36.873801" lon="139.073121"><ele>788.2</ele><time>2026-07-31T06:22:48Z</time></trkpt>
<trkpt lat="36.873648" lon="139.072791"><ele>788.0</ele><time>2026-07-31T06:22:52Z</time></trkpt>
<trkpt lat="36.873536" lon="139.071845"><ele>787.8</ele><time>2026-07-31T06:23:03Z</time></trkpt>
<trkpt lat="36.873218" lon="139.071184"><ele>789.8</ele><time>2026-07-31T06:23:11Z</time></trkpt>
<trkpt lat="36.872533" lon="139.070794"><ele>787.4</ele><time>2026-07-31T06:23:28Z</time></trkpt>
<trkpt lat="36.872231" lon="139.070236"><ele>787.4</ele><time>2026-07-31T06:23:39Z</time></trkpt>
<trkpt lat="36.870166" lon="139.070507"><ele>793.6</ele><time>2026-07-31T06:24:13Z</time></trkpt>
<trkpt lat="36.869279" lon="139.070252"><ele>797.2</ele><time>2026-07-31T06:24:41Z</time></trkpt>
<trkpt lat="36.869025" lon="139.069638"><ele>799.8</ele><time>2026-07-31T06:25:00Z</time></trkpt>
<trkpt lat="36.868650" lon="139.069430"><ele>803.8</ele><time>2026-07-31T06:25:18Z</time></trkpt>
<trkpt lat="36.868178" lon="139.069581"><ele>806.4</ele><time>2026-07-31T06:25:31Z</time></trkpt>
<trkpt lat="36.867863" lon="139.069510"><ele>808.0</ele><time>2026-07-31T06:25:43Z</time></trkpt>
<trkpt lat="36.867748" lon="139.069291"><ele>809.8</ele><time>2026-07-31T06:25:52Z</time></trkpt>
<trkpt lat="36.867805" lon="139.068679"><ele>813.8</ele><time>2026-07-31T06:26:15Z</time></trkpt>
<trkpt lat="36.866819" lon="139.066493"><ele>829.8</ele><time>2026-07-31T06:27:37Z</time></trkpt>
<trkpt lat="36.865945" lon="139.066389"><ele>837.8</ele><time>2026-07-31T06:28:15Z</time></trkpt>
<trkpt lat="36.865208" lon="139.065825"><ele>845.2</ele><time>2026-07-31T06:28:54Z</time></trkpt>
<trkpt lat="36.865023" lon="139.065323"><ele>848.8</ele><time>2026-07-31T06:29:13Z</time></trkpt>
<trkpt lat="36.865127" lon="139.064809"><ele>852.6</ele><time>2026-07-31T06:29:27Z</time></trkpt>
<trkpt lat="36.864970" lon="139.064352"><ele>853.8</ele><time>2026-07-31T06:29:37Z</time></trkpt>
<trkpt lat="36.864729" lon="139.064096"><ele>853.6</ele><time>2026-07-31T06:29:43Z</time></trkpt>
<trkpt lat="36.863380" lon="139.064048"><ele>846.8</ele><time>2026-07-31T06:29:59Z</time></trkpt>
<trkpt lat="36.862442" lon="139.064605"><ele>838.8</ele><time>2026-07-31T06:30:08Z</time></trkpt>
<trkpt lat="36.861239" lon="139.064048"><ele>829.6</ele><time>2026-07-31T06:30:18Z</time></trkpt>
<trkpt lat="36.860128" lon="139.063977"><ele>820.4</ele><time>2026-07-31T06:30:26Z</time></trkpt>
<trkpt lat="36.859275" lon="139.063093"><ele>811.8</ele><time>2026-07-31T06:30:35Z</time></trkpt>
<trkpt lat="36.856617" lon="139.061714"><ele>814.4</ele><time>2026-07-31T06:31:14Z</time></trkpt>
<trkpt lat="36.856380" lon="139.061179"><ele>817.4</ele><time>2026-07-31T06:31:24Z</time></trkpt>
<trkpt lat="36.856694" lon="139.059229"><ele>814.8</ele><time>2026-07-31T06:31:48Z</time></trkpt>
<trkpt lat="36.856463" lon="139.058633"><ele>813.2</ele><time>2026-07-31T06:31:56Z</time></trkpt>
<trkpt lat="36.856172" lon="139.058355"><ele>813.6</ele><time>2026-07-31T06:32:02Z</time></trkpt>
<trkpt lat="36.854686" lon="139.058307"><ele>819.0</ele><time>2026-07-31T06:32:32Z</time></trkpt>
<trkpt lat="36.852911" lon="139.061060"><ele>808.0</ele><time>2026-07-31T06:33:06Z</time></trkpt>
<trkpt lat="36.851929" lon="139.061110"><ele>803.2</ele><time>2026-07-31T06:33:17Z</time></trkpt>
<trkpt lat="36.851144" lon="139.061397"><ele>798.0</ele><time>2026-07-31T06:33:24Z</time></trkpt>
<trkpt lat="36.850220" lon="139.061221"><ele>793.2</ele><time>2026-07-31T06:33:32Z</time></trkpt>
<trkpt lat="36.849982" lon="139.061496"><ele>790.8</ele><time>2026-07-31T06:33:35Z</time></trkpt>
<trkpt lat="36.849918" lon="139.062340"><ele>789.2</ele><time>2026-07-31T06:33:42Z</time></trkpt>
<trkpt lat="36.849524" lon="139.062357"><ele>790.0</ele><time>2026-07-31T06:33:48Z</time></trkpt>
<trkpt lat="36.849268" lon="139.061357"><ele>790.2</ele><time>2026-07-31T06:34:00Z</time></trkpt>
<trkpt lat="36.848371" lon="139.060938"><ele>788.8</ele><time>2026-07-31T06:34:12Z</time></trkpt>
<trkpt lat="36.847900" lon="139.060405"><ele>787.4</ele><time>2026-07-31T06:34:19Z</time></trkpt>
<trkpt lat="36.847391" lon="139.060267"><ele>786.0</ele><time>2026-07-31T06:34:25Z</time></trkpt>
<trkpt lat="36.846625" lon="139.060654"><ele>782.8</ele><time>2026-07-31T06:34:34Z</time></trkpt>
<trkpt lat="36.846023" lon="139.060294"><ele>779.4</ele><time>2026-07-31T06:34:41Z</time></trkpt>
<trkpt lat="36.845539" lon="139.059280"><ele>775.0</ele><time>2026-07-31T06:34:51Z</time></trkpt>
<trkpt lat="36.845278" lon="139.058230"><ele>768.6</ele><time>2026-07-31T06:34:59Z</time></trkpt>
<trkpt lat="36.844636" lon="139.058188"><ele>766.4</ele><time>2026-07-31T06:35:08Z</time></trkpt>
<trkpt lat="36.844675" lon="139.056997"><ele>772.4</ele><time>2026-07-31T06:35:31Z</time></trkpt>
<trkpt lat="36.844511" lon="139.056684"><ele>772.2</ele><time>2026-07-31T06:35:35Z</time></trkpt>
<trkpt lat="36.844171" lon="139.056381"><ele>770.6</ele><time>2026-07-31T06:35:40Z</time></trkpt>
<trkpt lat="36.843608" lon="139.056198"><ele>767.8</ele><time>2026-07-31T06:35:46Z</time></trkpt>
<trkpt lat="36.843195" lon="139.055664"><ele>765.6</ele><time>2026-07-31T06:35:52Z</time></trkpt>
<trkpt lat="36.842814" lon="139.055424"><ele>764.4</ele><time>2026-07-31T06:35:56Z</time></trkpt>
<trkpt lat="36.841648" lon="139.053850"><ele>751.2</ele><time>2026-07-31T06:36:10Z</time></trkpt>
<trkpt lat="36.840916" lon="139.054141"><ele>746.2</ele><time>2026-07-31T06:36:18Z</time></trkpt>
<trkpt lat="36.840507" lon="139.054013"><ele>741.2</ele><time>2026-07-31T06:36:22Z</time></trkpt>
<trkpt lat="36.840082" lon="139.053398"><ele>735.2</ele><time>2026-07-31T06:36:28Z</time></trkpt>
<trkpt lat="36.839080" lon="139.052872"><ele>722.2</ele><time>2026-07-31T06:36:37Z</time></trkpt>
<trkpt lat="36.838999" lon="139.052044"><ele>716.2</ele><time>2026-07-31T06:36:44Z</time></trkpt>
<trkpt lat="36.838787" lon="139.051782"><ele>716.0</ele><time>2026-07-31T06:36:47Z</time></trkpt>
<trkpt lat="36.837620" lon="139.051096"><ele>718.0</ele><time>2026-07-31T06:37:03Z</time></trkpt>
<trkpt lat="36.837332" lon="139.050763"><ele>719.0</ele><time>2026-07-31T06:37:09Z</time></trkpt>
<trkpt lat="36.837049" lon="139.050955"><ele>718.8</ele><time>2026-07-31T06:37:14Z</time></trkpt>
<trkpt lat="36.836682" lon="139.051835"><ele>716.2</ele><time>2026-07-31T06:37:23Z</time></trkpt>
<trkpt lat="36.836360" lon="139.052041"><ele>714.0</ele><time>2026-07-31T06:37:27Z</time></trkpt>
<trkpt lat="36.835026" lon="139.051308"><ele>710.2</ele><time>2026-07-31T06:37:45Z</time></trkpt>
<trkpt lat="36.833922" lon="139.051854"><ele>705.6</ele><time>2026-07-31T06:37:59Z</time></trkpt>
<trkpt lat="36.832447" lon="139.051439"><ele>714.0</ele><time>2026-07-31T06:38:36Z</time></trkpt>
<trkpt lat="36.830948" lon="139.050159"><ele>719.0</ele><time>2026-07-31T06:39:20Z</time></trkpt>
<trkpt lat="36.830591" lon="139.049407"><ele>718.6</ele><time>2026-07-31T06:39:32Z</time></trkpt>
<trkpt lat="36.830162" lon="139.049018"><ele>716.6</ele><time>2026-07-31T06:39:41Z</time></trkpt>
<trkpt lat="36.830039" lon="139.048498"><ele>716.4</ele><time>2026-07-31T06:39:48Z</time></trkpt>
<trkpt lat="36.829048" lon="139.047304"><ele>717.2</ele><time>2026-07-31T06:40:08Z</time></trkpt>
<trkpt lat="36.828324" lon="139.047133"><ele>717.4</ele><time>2026-07-31T06:40:20Z</time></trkpt>
<trkpt lat="36.827218" lon="139.047118"><ele>722.0</ele><time>2026-07-31T06:40:47Z</time></trkpt>
<trkpt lat="36.826744" lon="139.047774"><ele>725.4</ele><time>2026-07-31T06:41:05Z</time></trkpt>
<trkpt lat="36.826747" lon="139.048375"><ele>726.0</ele><time>2026-07-31T06:41:13Z</time></trkpt>
<trkpt lat="36.827177" lon="139.049240"><ele>725.6</ele><time>2026-07-31T06:41:27Z</time></trkpt>
<trkpt lat="36.827542" lon="139.050481"><ele>729.0</ele><time>2026-07-31T06:41:50Z</time></trkpt>
<trkpt lat="36.827358" lon="139.051646"><ele>733.4</ele><time>2026-07-31T06:42:15Z</time></trkpt>
<trkpt lat="36.825576" lon="139.054540"><ele>754.2</ele><time>2026-07-31T06:45:47Z</time></trkpt>
<trkpt lat="36.825278" lon="139.055471"><ele>762.4</ele><time>2026-07-31T06:46:21Z</time></trkpt>
<trkpt lat="36.825127" lon="139.055659"><ele>766.6</ele><time>2026-07-31T06:46:43Z</time></trkpt>
<trkpt lat="36.824844" lon="139.055645"><ele>770.0</ele><time>2026-07-31T06:46:59Z</time></trkpt>
<trkpt lat="36.824393" lon="139.056604"><ele>771.2</ele><time>2026-07-31T06:47:12Z</time></trkpt>
<trkpt lat="36.824016" lon="139.056909"><ele>771.0</ele><time>2026-07-31T06:47:18Z</time></trkpt>
<trkpt lat="36.823775" lon="139.056795"><ele>770.6</ele><time>2026-07-31T06:47:23Z</time></trkpt>
<trkpt lat="36.820997" lon="139.053616"><ele>765.2</ele><time>2026-07-31T06:48:19Z</time></trkpt>
<trkpt lat="36.819760" lon="139.054796"><ele>755.2</ele><time>2026-07-31T06:48:33Z</time></trkpt>
<trkpt lat="36.818836" lon="139.054603"><ele>749.4</ele><time>2026-07-31T06:48:41Z</time></trkpt>
<trkpt lat="36.818332" lon="139.054654"><ele>745.0</ele><time>2026-07-31T06:48:45Z</time></trkpt>
<trkpt lat="36.816439" lon="139.054020"><ele>727.4</ele><time>2026-07-31T06:49:00Z</time></trkpt>
<trkpt lat="36.815763" lon="139.053930"><ele>723.0</ele><time>2026-07-31T06:49:05Z</time></trkpt>
<trkpt lat="36.813539" lon="139.052958"><ele>716.4</ele><time>2026-07-31T06:49:27Z</time></trkpt>
<trkpt lat="36.811801" lon="139.052669"><ele>718.2</ele><time>2026-07-31T06:49:50Z</time></trkpt>
<trkpt lat="36.810521" lon="139.051476"><ele>716.8</ele><time>2026-07-31T06:50:11Z</time></trkpt>
<trkpt lat="36.810021" lon="139.050430"><ele>713.0</ele><time>2026-07-31T06:50:22Z</time></trkpt>
<trkpt lat="36.809588" lon="139.050445"><ele>712.4</ele><time>2026-07-31T06:50:28Z</time></trkpt>
<trkpt lat="36.808601" lon="139.051181"><ele>714.8</ele><time>2026-07-31T06:50:45Z</time></trkpt>
<trkpt lat="36.808332" lon="139.051119"><ele>714.2</ele><time>2026-07-31T06:50:49Z</time></trkpt>
<trkpt lat="36.808059" lon="139.050821"><ele>713.2</ele><time>2026-07-31T06:50:54Z</time></trkpt>
<trkpt lat="36.807935" lon="139.050333"><ele>712.6</ele><time>2026-07-31T06:51:00Z</time></trkpt>
<trkpt lat="36.808101" lon="139.049285"><ele>712.8</ele><time>2026-07-31T06:51:12Z</time></trkpt>
<trkpt lat="36.808241" lon="139.048863"><ele>713.0</ele><time>2026-07-31T06:51:19Z</time></trkpt>
<trkpt lat="36.808646" lon="139.048477"><ele>713.0</ele><time>2026-07-31T06:51:25Z</time></trkpt>
<trkpt lat="36.808861" lon="139.047829"><ele>713.0</ele><time>2026-07-31T06:51:32Z</time></trkpt>
<trkpt lat="36.808580" lon="139.046947"><ele>712.4</ele><time>2026-07-31T06:51:43Z</time></trkpt>
<trkpt lat="36.807406" lon="139.045466"><ele>707.8</ele><time>2026-07-31T06:52:03Z</time></trkpt>
<trkpt lat="36.806156" lon="139.045974"><ele>706.4</ele><time>2026-07-31T06:52:21Z</time></trkpt>
<trkpt lat="36.805912" lon="139.045335"><ele>707.8</ele><time>2026-07-31T06:52:30Z</time></trkpt>
<trkpt lat="36.805456" lon="139.045229"><ele>707.4</ele><time>2026-07-31T06:52:36Z</time></trkpt>
<trkpt lat="36.805125" lon="139.045321"><ele>706.6</ele><time>2026-07-31T06:52:41Z</time></trkpt>
<trkpt lat="36.804912" lon="139.045150"><ele>706.8</ele><time>2026-07-31T06:52:45Z</time></trkpt>
<trkpt lat="36.801986" lon="139.039193"><ele>718.4</ele><time>2026-07-31T06:54:18Z</time></trkpt>
<trkpt lat="36.802284" lon="139.038620"><ele>718.2</ele><time>2026-07-31T06:54:29Z</time></trkpt>
<trkpt lat="36.803069" lon="139.038444"><ele>712.2</ele><time>2026-07-31T06:54:40Z</time></trkpt>
<trkpt lat="36.803099" lon="139.038082"><ele>701.4</ele><time>2026-07-31T06:54:51Z</time></trkpt>
<trkpt lat="36.803364" lon="139.037954"><ele>699.8</ele><time>2026-07-31T06:54:54Z</time></trkpt>
<trkpt lat="36.803915" lon="139.037004"><ele>697.2</ele><time>2026-07-31T06:54:58Z</time></trkpt>
<trkpt lat="36.805343" lon="139.036562"><ele>695.6</ele><time>2026-07-31T06:55:19Z</time></trkpt>
<trkpt lat="36.805422" lon="139.035498"><ele>698.6</ele><time>2026-07-31T06:55:42Z</time></trkpt>
<trkpt lat="36.805832" lon="139.034943"><ele>698.8</ele><time>2026-07-31T06:55:51Z</time></trkpt>
<trkpt lat="36.806618" lon="139.033371"><ele>696.2</ele><time>2026-07-31T06:56:13Z</time></trkpt>
<trkpt lat="36.807172" lon="139.033259"><ele>692.8</ele><time>2026-07-31T06:56:20Z</time></trkpt>
<trkpt lat="36.807676" lon="139.033383"><ele>690.2</ele><time>2026-07-31T06:56:27Z</time></trkpt>
<trkpt lat="36.807178" lon="139.032111"><ele>689.0</ele><time>2026-07-31T06:56:42Z</time></trkpt>
<trkpt lat="36.806619" lon="139.031611"><ele>686.0</ele><time>2026-07-31T06:56:49Z</time></trkpt>
<trkpt lat="36.806493" lon="139.031035"><ele>683.6</ele><time>2026-07-31T06:56:54Z</time></trkpt>
<trkpt lat="36.806193" lon="139.030586"><ele>682.2</ele><time>2026-07-31T06:56:59Z</time></trkpt>
<trkpt lat="36.805520" lon="139.029887"><ele>679.4</ele><time>2026-07-31T06:57:08Z</time></trkpt>
<trkpt lat="36.804847" lon="139.028900"><ele>675.2</ele><time>2026-07-31T06:57:19Z</time></trkpt>
<trkpt lat="36.803524" lon="139.028007"><ele>666.0</ele><time>2026-07-31T06:57:33Z</time></trkpt>
<trkpt lat="36.802948" lon="139.025997"><ele>655.8</ele><time>2026-07-31T06:57:49Z</time></trkpt>
<trkpt lat="36.802885" lon="139.025213"><ele>652.8</ele><time>2026-07-31T06:57:55Z</time></trkpt>
<trkpt lat="36.802476" lon="139.024299"><ele>658.4</ele><time>2026-07-31T06:58:10Z</time></trkpt>
<trkpt lat="36.802240" lon="139.023304"><ele>663.0</ele><time>2026-07-31T06:58:30Z</time></trkpt>
<trkpt lat="36.802362" lon="139.022990"><ele>662.2</ele><time>2026-07-31T06:58:34Z</time></trkpt>
<trkpt lat="36.803623" lon="139.021756"><ele>652.6</ele><time>2026-07-31T06:58:52Z</time></trkpt>
<trkpt lat="36.803930" lon="139.020439"><ele>649.0</ele><time>2026-07-31T06:59:04Z</time></trkpt>
<trkpt lat="36.804090" lon="139.018277"><ele>634.4</ele><time>2026-07-31T06:59:19Z</time></trkpt>
<trkpt lat="36.804259" lon="139.017701"><ele>629.2</ele><time>2026-07-31T06:59:23Z</time></trkpt>
<trkpt lat="36.805290" lon="139.016877"><ele>619.4</ele><time>2026-07-31T06:59:32Z</time></trkpt>
<trkpt lat="36.806572" lon="139.016194"><ele>611.4</ele><time>2026-07-31T07:00:41Z</time></trkpt>
<trkpt lat="36.807382" lon="139.014898"><ele>600.2</ele><time>2026-07-31T07:00:54Z</time></trkpt>
<trkpt lat="36.808052" lon="139.013012"><ele>596.8</ele><time>2026-07-31T07:01:12Z</time></trkpt>
<trkpt lat="36.807823" lon="139.011407"><ele>594.4</ele><time>2026-07-31T07:01:34Z</time></trkpt>
<trkpt lat="36.806737" lon="139.010049"><ele>590.4</ele><time>2026-07-31T07:01:55Z</time></trkpt>
<trkpt lat="36.805481" lon="139.008109"><ele>588.8</ele><time>2026-07-31T07:02:22Z</time></trkpt>
<trkpt lat="36.804334" lon="139.005885"><ele>593.0</ele><time>2026-07-31T07:02:56Z</time></trkpt>
<trkpt lat="36.803770" lon="139.003751"><ele>594.4</ele><time>2026-07-31T07:03:28Z</time></trkpt>
<trkpt lat="36.802070" lon="138.999508"><ele>593.0</ele><time>2026-07-31T07:04:26Z</time></trkpt>
<trkpt lat="36.801469" lon="138.996562"><ele>589.8</ele><time>2026-07-31T07:04:59Z</time></trkpt>
<trkpt lat="36.800880" lon="138.995372"><ele>584.2</ele><time>2026-07-31T07:05:11Z</time></trkpt>
<trkpt lat="36.800568" lon="138.994384"><ele>580.6</ele><time>2026-07-31T07:05:21Z</time></trkpt>
<trkpt lat="36.800482" lon="138.992487"><ele>582.0</ele><time>2026-07-31T07:05:41Z</time></trkpt>
<trkpt lat="36.800693" lon="138.990663"><ele>580.8</ele><time>2026-07-31T07:05:59Z</time></trkpt>
<trkpt lat="36.800592" lon="138.989895"><ele>581.0</ele><time>2026-07-31T07:06:07Z</time></trkpt>
<trkpt lat="36.799433" lon="138.987101"><ele>580.0</ele><time>2026-07-31T07:06:42Z</time></trkpt>
<trkpt lat="36.799005" lon="138.986959"><ele>580.2</ele><time>2026-07-31T07:06:49Z</time></trkpt>
<trkpt lat="36.798131" lon="138.987619"><ele>580.8</ele><time>2026-07-31T07:07:04Z</time></trkpt>
<trkpt lat="36.797517" lon="138.988860"><ele>584.4</ele><time>2026-07-31T07:07:28Z</time></trkpt>
<trkpt lat="36.797149" lon="138.988786"><ele>586.4</ele><time>2026-07-31T07:07:38Z</time></trkpt>
<trkpt lat="36.796844" lon="138.988304"><ele>588.2</ele><time>2026-07-31T07:07:49Z</time></trkpt>
<trkpt lat="36.795305" lon="138.988817"><ele>591.4</ele><time>2026-07-31T07:08:20Z</time></trkpt>
<trkpt lat="36.795011" lon="138.988626"><ele>592.6</ele><time>2026-07-31T07:08:30Z</time></trkpt>
<trkpt lat="36.794122" lon="138.987105"><ele>589.2</ele><time>2026-07-31T07:08:52Z</time></trkpt>
<trkpt lat="36.792502" lon="138.986445"><ele>584.4</ele><time>2026-07-31T07:20:34Z</time></trkpt>
<trkpt lat="36.791994" lon="138.985689"><ele>582.6</ele><time>2026-07-31T07:20:45Z</time></trkpt>
<trkpt lat="36.790815" lon="138.983090"><ele>575.4</ele><time>2026-07-31T07:21:10Z</time></trkpt>
<trkpt lat="36.790890" lon="138.982326"><ele>574.0</ele><time>2026-07-31T07:21:16Z</time></trkpt>
<trkpt lat="36.791409" lon="138.980612"><ele>571.6</ele><time>2026-07-31T07:21:31Z</time></trkpt>
<trkpt lat="36.790872" lon="138.979267"><ele>571.0</ele><time>2026-07-31T07:21:46Z</time></trkpt>
<trkpt lat="36.789920" lon="138.978646"><ele>569.2</ele><time>2026-07-31T07:21:58Z</time></trkpt>
<trkpt lat="36.789008" lon="138.978533"><ele>568.2</ele><time>2026-07-31T07:22:09Z</time></trkpt>
<trkpt lat="36.787329" lon="138.977904"><ele>562.0</ele><time>2026-07-31T07:22:26Z</time></trkpt>
<trkpt lat="36.785602" lon="138.976408"><ele>562.0</ele><time>2026-07-31T07:22:52Z</time></trkpt>
<trkpt lat="36.783933" lon="138.976139"><ele>565.4</ele><time>2026-07-31T07:23:19Z</time></trkpt>
<trkpt lat="36.783618" lon="138.975837"><ele>565.0</ele><time>2026-07-31T07:23:25Z</time></trkpt>
<trkpt lat="36.783462" lon="138.974652"><ele>562.0</ele><time>2026-07-31T07:23:36Z</time></trkpt>
<trkpt lat="36.783565" lon="138.973158"><ele>555.6</ele><time>2026-07-31T07:23:48Z</time></trkpt>
<trkpt lat="36.783109" lon="138.969527"><ele>547.2</ele><time>2026-07-31T07:24:20Z</time></trkpt>
<trkpt lat="36.782880" lon="138.968990"><ele>546.8</ele><time>2026-07-31T07:24:26Z</time></trkpt>
<trkpt lat="36.781338" lon="138.966687"><ele>543.6</ele><time>2026-07-31T07:25:31Z</time></trkpt>
<trkpt lat="36.780754" lon="138.966096"><ele>545.6</ele><time>2026-07-31T07:25:44Z</time></trkpt>
<trkpt lat="36.779525" lon="138.965759"><ele>544.0</ele><time>2026-07-31T07:26:01Z</time></trkpt>
<trkpt lat="36.778277" lon="138.965857"><ele>541.6</ele><time>2026-07-31T07:26:16Z</time></trkpt>
<trkpt lat="36.776170" lon="138.966207"><ele>550.6</ele><time>2026-07-31T07:26:56Z</time></trkpt>
<trkpt lat="36.772899" lon="138.967279"><ele>557.0</ele><time>2026-07-31T07:28:02Z</time></trkpt>
<trkpt lat="36.771744" lon="138.967234"><ele>551.2</ele><time>2026-07-31T07:28:14Z</time></trkpt>
<trkpt lat="36.770970" lon="138.967526"><ele>545.2</ele><time>2026-07-31T07:28:26Z</time></trkpt>
<trkpt lat="36.770985" lon="138.965844"><ele>546.2</ele><time>2026-07-31T07:28:58Z</time></trkpt>
<trkpt lat="36.771483" lon="138.965002"><ele>553.2</ele><time>2026-07-31T07:29:32Z</time></trkpt>
<trkpt lat="36.771772" lon="138.963666"><ele>561.8</ele><time>2026-07-31T07:30:19Z</time></trkpt>
<trkpt lat="36.772560" lon="138.961793"><ele>573.8</ele><time>2026-07-31T07:31:16Z</time></trkpt>
<trkpt lat="36.773471" lon="138.960650"><ele>578.2</ele><time>2026-07-31T07:31:50Z</time></trkpt>
<trkpt lat="36.774588" lon="138.957348"><ele>587.0</ele><time>2026-07-31T07:33:36Z</time></trkpt>
<trkpt lat="36.774377" lon="138.955042"><ele>588.2</ele><time>2026-07-31T07:34:04Z</time></trkpt>
<trkpt lat="36.774515" lon="138.953107"><ele>591.8</ele><time>2026-07-31T07:34:33Z</time></trkpt>
<trkpt lat="36.774438" lon="138.951748"><ele>595.2</ele><time>2026-07-31T07:34:56Z</time></trkpt>
<trkpt lat="36.775089" lon="138.950209"><ele>604.6</ele><time>2026-07-31T07:35:39Z</time></trkpt>
<trkpt lat="36.775872" lon="138.948962"><ele>614.4</ele><time>2026-07-31T07:36:28Z</time></trkpt>
<trkpt lat="36.776143" lon="138.947144"><ele>623.2</ele><time>2026-07-31T07:37:21Z</time></trkpt>
<trkpt lat="36.775422" lon="138.944923"><ele>626.8</ele><time>2026-07-31T07:37:56Z</time></trkpt>
<trkpt lat="36.775357" lon="138.943369"><ele>628.6</ele><time>2026-07-31T07:38:18Z</time></trkpt>
<trkpt lat="36.775036" lon="138.942860"><ele>629.4</ele><time>2026-07-31T07:38:27Z</time></trkpt>
<trkpt lat="36.773970" lon="138.942251"><ele>630.8</ele><time>2026-07-31T07:38:47Z</time></trkpt>
<trkpt lat="36.773168" lon="138.941422"><ele>632.2</ele><time>2026-07-31T07:39:07Z</time></trkpt>
<trkpt lat="36.772088" lon="138.940842"><ele>636.8</ele><time>2026-07-31T07:39:35Z</time></trkpt>
<trkpt lat="36.771654" lon="138.940157"><ele>642.0</ele><time>2026-07-31T07:39:59Z</time></trkpt>
<trkpt lat="36.770389" lon="138.938831"><ele>652.6</ele><time>2026-07-31T07:40:55Z</time></trkpt>
<trkpt lat="36.769378" lon="138.937372"><ele>663.6</ele><time>2026-07-31T07:41:52Z</time></trkpt>
<trkpt lat="36.769098" lon="138.936652"><ele>667.6</ele><time>2026-07-31T07:42:12Z</time></trkpt>
<trkpt lat="36.768226" lon="138.935982"><ele>670.4</ele><time>2026-07-31T07:42:38Z</time></trkpt>
<trkpt lat="36.767389" lon="138.934533"><ele>673.0</ele><time>2026-07-31T07:43:09Z</time></trkpt>
<trkpt lat="36.766197" lon="138.933569"><ele>679.0</ele><time>2026-07-31T07:43:49Z</time></trkpt>
<trkpt lat="36.765509" lon="138.932222"><ele>688.8</ele><time>2026-07-31T07:44:34Z</time></trkpt>
<trkpt lat="36.765307" lon="138.931417"><ele>695.2</ele><time>2026-07-31T07:45:05Z</time></trkpt>
<trkpt lat="36.764350" lon="138.929950"><ele>707.8</ele><time>2026-07-31T07:46:05Z</time></trkpt>
<trkpt lat="36.764573" lon="138.928740"><ele>716.6</ele><time>2026-07-31T07:46:48Z</time></trkpt>
<trkpt lat="36.764543" lon="138.928161"><ele>720.4</ele><time>2026-07-31T07:47:06Z</time></trkpt>
<trkpt lat="36.763850" lon="138.927250"><ele>728.4</ele><time>2026-07-31T07:47:48Z</time></trkpt>
<trkpt lat="36.763157" lon="138.926679"><ele>735.6</ele><time>2026-07-31T07:48:27Z</time></trkpt>
<trkpt lat="36.763324" lon="138.926290"><ele>739.8</ele><time>2026-07-31T07:48:48Z</time></trkpt>
<trkpt lat="36.764067" lon="138.926850"><ele>746.4</ele><time>2026-07-31T07:49:23Z</time></trkpt>
<trkpt lat="36.764370" lon="138.926680"><ele>749.4</ele><time>2026-07-31T07:49:36Z</time></trkpt>
<trkpt lat="36.764360" lon="138.926403"><ele>751.4</ele><time>2026-07-31T07:49:45Z</time></trkpt>
<trkpt lat="36.763893" lon="138.925588"><ele>758.4</ele><time>2026-07-31T07:50:18Z</time></trkpt>
<trkpt lat="36.763925" lon="138.924372"><ele>765.6</ele><time>2026-07-31T07:50:58Z</time></trkpt>
<trkpt lat="36.763689" lon="138.924344"><ele>767.6</ele><time>2026-07-31T07:51:09Z</time></trkpt>
<trkpt lat="36.762879" lon="138.924859"><ele>774.4</ele><time>2026-07-31T07:51:45Z</time></trkpt>
<trkpt lat="36.762026" lon="138.924303"><ele>781.4</ele><time>2026-07-31T07:52:25Z</time></trkpt>
<trkpt lat="36.760866" lon="138.924261"><ele>791.2</ele><time>2026-07-31T07:53:14Z</time></trkpt>
<trkpt lat="36.759689" lon="138.924827"><ele>798.2</ele><time>2026-07-31T07:54:00Z</time></trkpt>
<trkpt lat="36.758355" lon="138.924335"><ele>807.2</ele><time>2026-07-31T07:54:55Z</time></trkpt>
<trkpt lat="36.757218" lon="138.924347"><ele>814.6</ele><time>2026-07-31T07:55:42Z</time></trkpt>
<trkpt lat="36.756788" lon="138.924004"><ele>817.6</ele><time>2026-07-31T07:56:01Z</time></trkpt>
<trkpt lat="36.756810" lon="138.923760"><ele>819.2</ele><time>2026-07-31T07:56:10Z</time></trkpt>
<trkpt lat="36.757149" lon="138.923592"><ele>822.0</ele><time>2026-07-31T07:56:25Z</time></trkpt>
<trkpt lat="36.757779" lon="138.923680"><ele>827.2</ele><time>2026-07-31T07:56:56Z</time></trkpt>
<trkpt lat="36.758615" lon="138.924035"><ele>833.8</ele><time>2026-07-31T07:57:29Z</time></trkpt>
<trkpt lat="36.758850" lon="138.923977"><ele>836.0</ele><time>2026-07-31T07:57:39Z</time></trkpt>
<trkpt lat="36.758956" lon="138.923606"><ele>838.6</ele><time>2026-07-31T07:57:53Z</time></trkpt>
<trkpt lat="36.758370" lon="138.922576"><ele>848.6</ele><time>2026-07-31T07:59:14Z</time></trkpt>
<trkpt lat="36.758375" lon="138.921964"><ele>852.4</ele><time>2026-07-31T07:59:41Z</time></trkpt>
<trkpt lat="36.758859" lon="138.921751"><ele>857.4</ele><time>2026-07-31T08:00:04Z</time></trkpt>
<trkpt lat="36.759745" lon="138.922402"><ele>865.8</ele><time>2026-07-31T08:00:44Z</time></trkpt>
<trkpt lat="36.760157" lon="138.922419"><ele>868.2</ele><time>2026-07-31T08:00:57Z</time></trkpt>
<trkpt lat="36.760535" lon="138.921994"><ele>870.8</ele><time>2026-07-31T08:01:12Z</time></trkpt>
<trkpt lat="36.760816" lon="138.920337"><ele>876.4</ele><time>2026-07-31T08:01:50Z</time></trkpt>
<trkpt lat="36.756667" lon="138.911980"><ele>887.8</ele><time>2026-07-31T08:04:27Z</time></trkpt>
<trkpt lat="36.755687" lon="138.909618"><ele>889.2</ele><time>2026-07-31T08:05:07Z</time></trkpt>
<trkpt lat="36.755766" lon="138.908841"><ele>886.2</ele><time>2026-07-31T08:05:14Z</time></trkpt>
<trkpt lat="36.756379" lon="138.907905"><ele>880.2</ele><time>2026-07-31T08:05:23Z</time></trkpt>
<trkpt lat="36.757408" lon="138.907721"><ele>872.0</ele><time>2026-07-31T08:05:33Z</time></trkpt>
<trkpt lat="36.757248" lon="138.906779"><ele>869.8</ele><time>2026-07-31T08:05:42Z</time></trkpt>
<trkpt lat="36.757451" lon="138.906348"><ele>867.6</ele><time>2026-07-31T08:05:46Z</time></trkpt>
<trkpt lat="36.757892" lon="138.906015"><ele>864.8</ele><time>2026-07-31T08:05:51Z</time></trkpt>
<trkpt lat="36.758534" lon="138.906194"><ele>859.6</ele><time>2026-07-31T08:05:57Z</time></trkpt>
<trkpt lat="36.758784" lon="138.906057"><ele>857.2</ele><time>2026-07-31T08:06:00Z</time></trkpt>
<trkpt lat="36.758706" lon="138.904697"><ele>853.6</ele><time>2026-07-31T08:06:11Z</time></trkpt>
<trkpt lat="36.758377" lon="138.904555"><ele>850.8</ele><time>2026-07-31T08:06:15Z</time></trkpt>
<trkpt lat="36.757882" lon="138.905490"><ele>843.8</ele><time>2026-07-31T08:06:24Z</time></trkpt>
<trkpt lat="36.756735" lon="138.905349"><ele>834.4</ele><time>2026-07-31T08:06:35Z</time></trkpt>
<trkpt lat="36.756388" lon="138.905530"><ele>832.0</ele><time>2026-07-31T08:06:38Z</time></trkpt>
<trkpt lat="36.755429" lon="138.906497"><ele>821.6</ele><time>2026-07-31T08:06:48Z</time></trkpt>
<trkpt lat="36.754987" lon="138.906457"><ele>818.2</ele><time>2026-07-31T08:06:55Z</time></trkpt>
<trkpt lat="36.755708" lon="138.905411"><ele>812.6</ele><time>2026-07-31T08:07:05Z</time></trkpt>
<trkpt lat="36.756822" lon="138.900663"><ele>785.6</ele><time>2026-07-31T08:07:33Z</time></trkpt>
<trkpt lat="36.756925" lon="138.899402"><ele>778.4</ele><time>2026-07-31T08:07:40Z</time></trkpt>
<trkpt lat="36.756763" lon="138.897729"><ele>769.6</ele><time>2026-07-31T08:07:50Z</time></trkpt>
<trkpt lat="36.756225" lon="138.895831"><ele>759.0</ele><time>2026-07-31T08:08:02Z</time></trkpt>
<trkpt lat="36.755437" lon="138.893446"><ele>744.2</ele><time>2026-07-31T08:08:18Z</time></trkpt>
<trkpt lat="36.754631" lon="138.891583"><ele>733.8</ele><time>2026-07-31T08:08:31Z</time></trkpt>
<trkpt lat="36.754285" lon="138.891268"><ele>732.0</ele><time>2026-07-31T08:08:35Z</time></trkpt>
<trkpt lat="36.753779" lon="138.891293"><ele>730.6</ele><time>2026-07-31T08:08:40Z</time></trkpt>
<trkpt lat="36.753511" lon="138.891148"><ele>728.4</ele><time>2026-07-31T08:08:43Z</time></trkpt>
<trkpt lat="36.753279" lon="138.890251"><ele>723.8</ele><time>2026-07-31T08:08:50Z</time></trkpt>
<trkpt lat="36.753049" lon="138.890033"><ele>722.0</ele><time>2026-07-31T08:08:53Z</time></trkpt>
<trkpt lat="36.752661" lon="138.890102"><ele>719.8</ele><time>2026-07-31T08:08:57Z</time></trkpt>
<trkpt lat="36.751819" lon="138.890674"><ele>717.4</ele><time>2026-07-31T08:09:09Z</time></trkpt>
<trkpt lat="36.750076" lon="138.890697"><ele>713.6</ele><time>2026-07-31T08:09:31Z</time></trkpt>
<trkpt lat="36.748968" lon="138.891520"><ele>707.6</ele><time>2026-07-31T08:09:44Z</time></trkpt>
<trkpt lat="36.747898" lon="138.892753"><ele>703.2</ele><time>2026-07-31T08:10:00Z</time></trkpt>
<trkpt lat="36.746421" lon="138.893827"><ele>700.8</ele><time>2026-07-31T08:10:21Z</time></trkpt>
<trkpt lat="36.745113" lon="138.895343"><ele>698.8</ele><time>2026-07-31T08:10:43Z</time></trkpt>
<trkpt lat="36.743882" lon="138.896457"><ele>702.8</ele><time>2026-07-31T08:11:08Z</time></trkpt>
<trkpt lat="36.742865" lon="138.896911"><ele>706.4</ele><time>2026-07-31T08:11:29Z</time></trkpt>
<trkpt lat="36.742110" lon="138.897448"><ele>709.2</ele><time>2026-07-31T08:11:49Z</time></trkpt>
<trkpt lat="36.741651" lon="138.897452"><ele>710.2</ele><time>2026-07-31T08:11:59Z</time></trkpt>
<trkpt lat="36.740010" lon="138.896999"><ele>708.2</ele><time>2026-07-31T08:12:27Z</time></trkpt>
<trkpt lat="36.739429" lon="138.897159"><ele>707.2</ele><time>2026-07-31T08:12:36Z</time></trkpt>
<trkpt lat="36.738260" lon="138.899384"><ele>711.0</ele><time>2026-07-31T08:13:17Z</time></trkpt>
<trkpt lat="36.737262" lon="138.900606"><ele>713.4</ele><time>2026-07-31T08:13:43Z</time></trkpt>
<trkpt lat="36.736661" lon="138.900368"><ele>713.2</ele><time>2026-07-31T08:13:55Z</time></trkpt>
<trkpt lat="36.736227" lon="138.899635"><ele>715.4</ele><time>2026-07-31T08:14:11Z</time></trkpt>
<trkpt lat="36.735917" lon="138.899493"><ele>716.2</ele><time>2026-07-31T08:14:17Z</time></trkpt>
<trkpt lat="36.733825" lon="138.900188"><ele>717.4</ele><time>2026-07-31T08:14:58Z</time></trkpt>
<trkpt lat="36.732276" lon="138.899829"><ele>719.0</ele><time>2026-07-31T08:15:24Z</time></trkpt>
<trkpt lat="36.731826" lon="138.899445"><ele>718.0</ele><time>2026-07-31T08:15:33Z</time></trkpt>
<trkpt lat="36.731404" lon="138.898426"><ele>717.8</ele><time>2026-07-31T08:15:49Z</time></trkpt>
<trkpt lat="36.731012" lon="138.898221"><ele>718.2</ele><time>2026-07-31T08:15:55Z</time></trkpt>
<trkpt lat="36.730615" lon="138.898371"><ele>717.6</ele><time>2026-07-31T08:16:00Z</time></trkpt>
<trkpt lat="36.729383" lon="138.899741"><ele>709.4</ele><time>2026-07-31T08:16:17Z</time></trkpt>
<trkpt lat="36.728978" lon="138.899859"><ele>707.6</ele><time>2026-07-31T08:16:21Z</time></trkpt>
<trkpt lat="36.728194" lon="138.899031"><ele>700.8</ele><time>2026-07-31T08:16:31Z</time></trkpt>
<trkpt lat="36.726664" lon="138.898886"><ele>694.8</ele><time>2026-07-31T08:16:45Z</time></trkpt>
<trkpt lat="36.726274" lon="138.898633"><ele>692.0</ele><time>2026-07-31T08:16:49Z</time></trkpt>
<trkpt lat="36.726169" lon="138.898031"><ele>687.2</ele><time>2026-07-31T08:16:54Z</time></trkpt>
<trkpt lat="36.726469" lon="138.897061"><ele>680.4</ele><time>2026-07-31T08:17:01Z</time></trkpt>
<trkpt lat="36.726450" lon="138.895732"><ele>670.8</ele><time>2026-07-31T08:17:09Z</time></trkpt>
<trkpt lat="36.726274" lon="138.895255"><ele>668.4</ele><time>2026-07-31T08:17:12Z</time></trkpt>
<trkpt lat="36.725511" lon="138.894420"><ele>659.8</ele><time>2026-07-31T08:17:19Z</time></trkpt>
<trkpt lat="36.725161" lon="138.894241"><ele>656.2</ele><time>2026-07-31T08:17:22Z</time></trkpt>
<trkpt lat="36.724201" lon="138.894208"><ele>649.8</ele><time>2026-07-31T08:17:29Z</time></trkpt>
<trkpt lat="36.722798" lon="138.894931"><ele>639.0</ele><time>2026-07-31T08:17:43Z</time></trkpt>
<trkpt lat="36.722427" lon="138.894570"><ele>636.6</ele><time>2026-07-31T08:18:14Z</time></trkpt>
<trkpt lat="36.723386" lon="138.894268"><ele>636.4</ele><time>2026-07-31T08:18:47Z</time></trkpt>
<trkpt lat="36.723508" lon="138.894043"><ele>638.0</ele><time>2026-07-31T08:18:56Z</time></trkpt>
<trkpt lat="36.723727" lon="138.894158"><ele>637.4</ele><time>2026-07-31T08:27:17Z</time></trkpt>
<trkpt lat="36.724730" lon="138.893955"><ele>642.2</ele><time>2026-07-31T08:27:48Z</time></trkpt>
<trkpt lat="36.726378" lon="138.894029"><ele>640.6</ele><time>2026-07-31T08:28:23Z</time></trkpt>
<trkpt lat="36.727250" lon="138.893855"><ele>637.6</ele><time>2026-07-31T08:28:33Z</time></trkpt>
<trkpt lat="36.728878" lon="138.894209"><ele>628.2</ele><time>2026-07-31T08:28:50Z</time></trkpt>
<trkpt lat="36.729226" lon="138.894061"><ele>627.6</ele><time>2026-07-31T08:28:54Z</time></trkpt>
<trkpt lat="36.729467" lon="138.893713"><ele>628.0</ele><time>2026-07-31T08:28:59Z</time></trkpt>
<trkpt lat="36.729653" lon="138.892713"><ele>631.0</ele><time>2026-07-31T08:29:13Z</time></trkpt>
<trkpt lat="36.729305" lon="138.891578"><ele>637.2</ele><time>2026-07-31T08:29:37Z</time></trkpt>
<trkpt lat="36.728378" lon="138.890576"><ele>644.4</ele><time>2026-07-31T08:30:11Z</time></trkpt>
<trkpt lat="36.727617" lon="138.889401"><ele>649.0</ele><time>2026-07-31T08:30:41Z</time></trkpt>
<trkpt lat="36.726480" lon="138.888893"><ele>651.8</ele><time>2026-07-31T08:31:07Z</time></trkpt>
<trkpt lat="36.726257" lon="138.888634"><ele>652.8</ele><time>2026-07-31T08:31:14Z</time></trkpt>
<trkpt lat="36.725463" lon="138.884905"><ele>655.8</ele><time>2026-07-31T08:32:10Z</time></trkpt>
<trkpt lat="36.725701" lon="138.884464"><ele>655.2</ele><time>2026-07-31T08:32:18Z</time></trkpt>
<trkpt lat="36.727448" lon="138.883101"><ele>664.6</ele><time>2026-07-31T08:33:16Z</time></trkpt>
<trkpt lat="36.728181" lon="138.882358"><ele>668.8</ele><time>2026-07-31T08:33:43Z</time></trkpt>
<trkpt lat="36.729439" lon="138.879721"><ele>680.8</ele><time>2026-07-31T08:34:54Z</time></trkpt>
<trkpt lat="36.729615" lon="138.879110"><ele>683.6</ele><time>2026-07-31T08:35:11Z</time></trkpt>
<trkpt lat="36.729614" lon="138.877951"><ele>689.8</ele><time>2026-07-31T08:35:43Z</time></trkpt>
<trkpt lat="36.729863" lon="138.876370"><ele>697.6</ele><time>2026-07-31T08:36:30Z</time></trkpt>
<trkpt lat="36.729562" lon="138.874605"><ele>705.8</ele><time>2026-07-31T08:37:20Z</time></trkpt>
<trkpt lat="36.729773" lon="138.873788"><ele>709.2</ele><time>2026-07-31T08:37:43Z</time></trkpt>
<trkpt lat="36.730305" lon="138.872665"><ele>714.8</ele><time>2026-07-31T08:38:17Z</time></trkpt>
<trkpt lat="36.730639" lon="138.872327"><ele>717.6</ele><time>2026-07-31T08:38:33Z</time></trkpt>
<trkpt lat="36.732365" lon="138.872214"><ele>727.4</ele><time>2026-07-31T08:39:33Z</time></trkpt>
<trkpt lat="36.732547" lon="138.872050"><ele>727.6</ele><time>2026-07-31T08:39:38Z</time></trkpt>
<trkpt lat="36.732604" lon="138.871760"><ele>727.6</ele><time>2026-07-31T08:39:43Z</time></trkpt>
<trkpt lat="36.732785" lon="138.870130"><ele>727.4</ele><time>2026-07-31T08:40:10Z</time></trkpt>
<trkpt lat="36.732728" lon="138.869633"><ele>728.2</ele><time>2026-07-31T08:40:20Z</time></trkpt>
<trkpt lat="36.732387" lon="138.869386"><ele>730.0</ele><time>2026-07-31T08:40:32Z</time></trkpt>
<trkpt lat="36.731617" lon="138.869456"><ele>734.6</ele><time>2026-07-31T08:40:57Z</time></trkpt>
<trkpt lat="36.731252" lon="138.869056"><ele>737.4</ele><time>2026-07-31T08:41:14Z</time></trkpt>
<trkpt lat="36.731312" lon="138.868790"><ele>739.0</ele><time>2026-07-31T08:41:23Z</time></trkpt>
<trkpt lat="36.732078" lon="138.867782"><ele>743.8</ele><time>2026-07-31T08:41:59Z</time></trkpt>
<trkpt lat="36.731867" lon="138.866289"><ele>752.6</ele><time>2026-07-31T08:42:44Z</time></trkpt>
<trkpt lat="36.731487" lon="138.865381"><ele>756.6</ele><time>2026-07-31T08:43:13Z</time></trkpt>
<trkpt lat="36.730676" lon="138.864331"><ele>758.4</ele><time>2026-07-31T08:43:41Z</time></trkpt>
<trkpt lat="36.730490" lon="138.863739"><ele>758.2</ele><time>2026-07-31T08:43:52Z</time></trkpt>
<trkpt lat="36.730355" lon="138.862282"><ele>764.6</ele><time>2026-07-31T08:44:27Z</time></trkpt>
<trkpt lat="36.729752" lon="138.861261"><ele>770.4</ele><time>2026-07-31T08:45:00Z</time></trkpt>
<trkpt lat="36.730099" lon="138.859351"><ele>777.8</ele><time>2026-07-31T08:45:49Z</time></trkpt>
<trkpt lat="36.730231" lon="138.855498"><ele>794.2</ele><time>2026-07-31T08:47:36Z</time></trkpt>
<trkpt lat="36.730476" lon="138.854651"><ele>797.2</ele><time>2026-07-31T08:48:00Z</time></trkpt>
<trkpt lat="36.730769" lon="138.854204"><ele>799.4</ele><time>2026-07-31T08:48:16Z</time></trkpt>
<trkpt lat="36.731483" lon="138.853991"><ele>803.2</ele><time>2026-07-31T08:48:40Z</time></trkpt>
<trkpt lat="36.732315" lon="138.852950"><ele>808.2</ele><time>2026-07-31T08:49:17Z</time></trkpt>
<trkpt lat="36.732810" lon="138.852090"><ele>814.0</ele><time>2026-07-31T08:49:49Z</time></trkpt>
<trkpt lat="36.734157" lon="138.851632"><ele>821.8</ele><time>2026-07-31T08:50:42Z</time></trkpt>
<trkpt lat="36.734385" lon="138.851141"><ele>824.8</ele><time>2026-07-31T08:50:59Z</time></trkpt>
<trkpt lat="36.734170" lon="138.850825"><ele>826.6</ele><time>2026-07-31T08:51:12Z</time></trkpt>
<trkpt lat="36.733714" lon="138.850824"><ele>830.0</ele><time>2026-07-31T08:51:31Z</time></trkpt>
<trkpt lat="36.733229" lon="138.850550"><ele>832.4</ele><time>2026-07-31T08:51:49Z</time></trkpt>
<trkpt lat="36.732804" lon="138.850758"><ele>835.4</ele><time>2026-07-31T08:52:06Z</time></trkpt>
<trkpt lat="36.732373" lon="138.850654"><ele>837.6</ele><time>2026-07-31T08:52:20Z</time></trkpt>
<trkpt lat="36.731975" lon="138.849905"><ele>839.2</ele><time>2026-07-31T08:52:43Z</time></trkpt>
<trkpt lat="36.731630" lon="138.849673"><ele>841.0</ele><time>2026-07-31T08:52:56Z</time></trkpt>
<trkpt lat="36.730855" lon="138.849572"><ele>844.6</ele><time>2026-07-31T08:53:21Z</time></trkpt>
<trkpt lat="36.730267" lon="138.849806"><ele>847.2</ele><time>2026-07-31T08:53:37Z</time></trkpt>
<trkpt lat="36.729872" lon="138.849748"><ele>849.4</ele><time>2026-07-31T08:53:51Z</time></trkpt>
<trkpt lat="36.729637" lon="138.849517"><ele>851.2</ele><time>2026-07-31T08:54:05Z</time></trkpt>
<trkpt lat="36.729547" lon="138.849202"><ele>852.4</ele><time>2026-07-31T08:54:14Z</time></trkpt>
<trkpt lat="36.729642" lon="138.848851"><ele>854.2</ele><time>2026-07-31T08:54:25Z</time></trkpt>
<trkpt lat="36.730840" lon="138.848162"><ele>862.0</ele><time>2026-07-31T08:55:19Z</time></trkpt>
<trkpt lat="36.730682" lon="138.847033"><ele>866.8</ele><time>2026-07-31T08:55:52Z</time></trkpt>
<trkpt lat="36.731297" lon="138.846131"><ele>871.4</ele><time>2026-07-31T08:56:24Z</time></trkpt>
<trkpt lat="36.731173" lon="138.845631"><ele>875.0</ele><time>2026-07-31T08:56:42Z</time></trkpt>
<trkpt lat="36.731209" lon="138.844999"><ele>877.0</ele><time>2026-07-31T08:56:59Z</time></trkpt>
<trkpt lat="36.731358" lon="138.844789"><ele>878.0</ele><time>2026-07-31T08:57:05Z</time></trkpt>
<trkpt lat="36.732116" lon="138.844471"><ele>879.2</ele><time>2026-07-31T08:57:24Z</time></trkpt>
<trkpt lat="36.732160" lon="138.844327"><ele>879.6</ele><time>2026-07-31T08:57:27Z</time></trkpt>
<trkpt lat="36.732006" lon="138.843954"><ele>880.4</ele><time>2026-07-31T08:57:35Z</time></trkpt>
<trkpt lat="36.730999" lon="138.843173"><ele>883.2</ele><time>2026-07-31T08:58:05Z</time></trkpt>
<trkpt lat="36.730648" lon="138.842360"><ele>887.2</ele><time>2026-07-31T08:58:30Z</time></trkpt>
<trkpt lat="36.730144" lon="138.841901"><ele>891.0</ele><time>2026-07-31T08:58:51Z</time></trkpt>
<trkpt lat="36.729646" lon="138.841029"><ele>894.8</ele><time>2026-07-31T08:59:17Z</time></trkpt>
<trkpt lat="36.729655" lon="138.840514"><ele>895.8</ele><time>2026-07-31T08:59:29Z</time></trkpt>
<trkpt lat="36.730311" lon="138.839709"><ele>899.0</ele><time>2026-07-31T08:59:55Z</time></trkpt>
<trkpt lat="36.730598" lon="138.839014"><ele>902.6</ele><time>2026-07-31T09:00:17Z</time></trkpt>
<trkpt lat="36.730860" lon="138.839007"><ele>903.4</ele><time>2026-07-31T09:00:25Z</time></trkpt>
<trkpt lat="36.731544" lon="138.839567"><ele>906.2</ele><time>2026-07-31T09:00:49Z</time></trkpt>
<trkpt lat="36.731889" lon="138.839376"><ele>907.6</ele><time>2026-07-31T09:01:01Z</time></trkpt>
<trkpt lat="36.732163" lon="138.838552"><ele>910.6</ele><time>2026-07-31T09:01:23Z</time></trkpt>
<trkpt lat="36.732009" lon="138.837623"><ele>913.6</ele><time>2026-07-31T09:01:43Z</time></trkpt>
<trkpt lat="36.733059" lon="138.836556"><ele>918.4</ele><time>2026-07-31T09:02:22Z</time></trkpt>
<trkpt lat="36.733452" lon="138.834661"><ele>924.4</ele><time>2026-07-31T09:03:09Z</time></trkpt>
<trkpt lat="36.733764" lon="138.834301"><ele>925.8</ele><time>2026-07-31T09:03:21Z</time></trkpt>
<trkpt lat="36.737985" lon="138.835471"><ele>942.4</ele><time>2026-07-31T09:05:21Z</time></trkpt>
<trkpt lat="36.739332" lon="138.834093"><ele>950.8</ele><time>2026-07-31T09:06:13Z</time></trkpt>
<trkpt lat="36.740214" lon="138.833907"><ele>953.8</ele><time>2026-07-31T09:06:39Z</time></trkpt>
<trkpt lat="36.740515" lon="138.834077"><ele>955.6</ele><time>2026-07-31T09:06:49Z</time></trkpt>
<trkpt lat="36.741046" lon="138.834925"><ele>959.2</ele><time>2026-07-31T09:07:15Z</time></trkpt>
<trkpt lat="36.741379" lon="138.834950"><ele>960.8</ele><time>2026-07-31T09:07:25Z</time></trkpt>
<trkpt lat="36.742004" lon="138.834482"><ele>963.2</ele><time>2026-07-31T09:07:47Z</time></trkpt>
<trkpt lat="36.742486" lon="138.834393"><ele>965.2</ele><time>2026-07-31T09:08:00Z</time></trkpt>
<trkpt lat="36.742880" lon="138.834636"><ele>966.6</ele><time>2026-07-31T09:08:13Z</time></trkpt>
<trkpt lat="36.743382" lon="138.835474"><ele>969.8</ele><time>2026-07-31T09:08:37Z</time></trkpt>
<trkpt lat="36.744621" lon="138.835618"><ele>977.8</ele><time>2026-07-31T09:09:20Z</time></trkpt>
<trkpt lat="36.745474" lon="138.835167"><ele>981.0</ele><time>2026-07-31T09:09:48Z</time></trkpt>
<trkpt lat="36.745518" lon="138.833818"><ele>985.6</ele><time>2026-07-31T09:10:21Z</time></trkpt>
<trkpt lat="36.745700" lon="138.833511"><ele>986.8</ele><time>2026-07-31T09:10:31Z</time></trkpt>
<trkpt lat="36.746436" lon="138.833775"><ele>988.4</ele><time>2026-07-31T09:10:54Z</time></trkpt>
<trkpt lat="36.747461" lon="138.833688"><ele>992.8</ele><time>2026-07-31T09:11:24Z</time></trkpt>
<trkpt lat="36.748258" lon="138.833916"><ele>996.0</ele><time>2026-07-31T09:11:48Z</time></trkpt>
<trkpt lat="36.749526" lon="138.832992"><ele>1001.8</ele><time>2026-07-31T09:12:29Z</time></trkpt>
<trkpt lat="36.749888" lon="138.833143"><ele>1003.2</ele><time>2026-07-31T09:12:43Z</time></trkpt>
<trkpt lat="36.750687" lon="138.835116"><ele>1014.4</ele><time>2026-07-31T09:13:50Z</time></trkpt>
<trkpt lat="36.750920" lon="138.835353"><ele>1014.8</ele><time>2026-07-31T09:13:54Z</time></trkpt>
<trkpt lat="36.751241" lon="138.835203"><ele>1015.8</ele><time>2026-07-31T09:14:01Z</time></trkpt>
<trkpt lat="36.751915" lon="138.834484"><ele>1020.8</ele><time>2026-07-31T09:14:32Z</time></trkpt>
<trkpt lat="36.752283" lon="138.833981"><ele>1023.8</ele><time>2026-07-31T09:14:49Z</time></trkpt>
<trkpt lat="36.752620" lon="138.833162"><ele>1027.8</ele><time>2026-07-31T09:15:13Z</time></trkpt>
<trkpt lat="36.753033" lon="138.833027"><ele>1029.4</ele><time>2026-07-31T09:15:28Z</time></trkpt>
<trkpt lat="36.754723" lon="138.833333"><ele>1038.2</ele><time>2026-07-31T09:16:32Z</time></trkpt>
<trkpt lat="36.755799" lon="138.834418"><ele>1044.8</ele><time>2026-07-31T09:17:24Z</time></trkpt>
<trkpt lat="36.758236" lon="138.835585"><ele>1052.4</ele><time>2026-07-31T09:18:37Z</time></trkpt>
<trkpt lat="36.758737" lon="138.835476"><ele>1053.4</ele><time>2026-07-31T09:18:51Z</time></trkpt>
<trkpt lat="36.758948" lon="138.835166"><ele>1055.0</ele><time>2026-07-31T09:19:00Z</time></trkpt>
<trkpt lat="36.758900" lon="138.833697"><ele>1060.2</ele><time>2026-07-31T09:19:34Z</time></trkpt>
<trkpt lat="36.760124" lon="138.833137"><ele>1066.8</ele><time>2026-07-31T09:20:22Z</time></trkpt>
<trkpt lat="36.760521" lon="138.833352"><ele>1067.4</ele><time>2026-07-31T09:20:26Z</time></trkpt>
<trkpt lat="36.760814" lon="138.832945"><ele>1068.6</ele><time>2026-07-31T09:20:37Z</time></trkpt>
<trkpt lat="36.760784" lon="138.832582"><ele>1069.8</ele><time>2026-07-31T09:20:46Z</time></trkpt>
<trkpt lat="36.759911" lon="138.831380"><ele>1075.6</ele><time>2026-07-31T09:21:24Z</time></trkpt>
<trkpt lat="36.759510" lon="138.829496"><ele>1082.4</ele><time>2026-07-31T09:22:08Z</time></trkpt>
<trkpt lat="36.759715" lon="138.828571"><ele>1086.4</ele><time>2026-07-31T09:22:33Z</time></trkpt>
<trkpt lat="36.760080" lon="138.828208"><ele>1087.8</ele><time>2026-07-31T09:22:46Z</time></trkpt>
<trkpt lat="36.761379" lon="138.827478"><ele>1094.4</ele><time>2026-07-31T09:25:41Z</time></trkpt>
<trkpt lat="36.761994" lon="138.825855"><ele>1095.0</ele><time>2026-07-31T09:26:10Z</time></trkpt>
<trkpt lat="36.769761" lon="138.815095"><ele>1089.0</ele><time>2026-07-31T09:29:20Z</time></trkpt>
<trkpt lat="36.771919" lon="138.813594"><ele>1075.4</ele><time>2026-07-31T09:29:45Z</time></trkpt>
<trkpt lat="36.773604" lon="138.811298"><ele>1059.8</ele><time>2026-07-31T09:30:05Z</time></trkpt>
<trkpt lat="36.774383" lon="138.810703"><ele>1054.0</ele><time>2026-07-31T09:30:13Z</time></trkpt>
<trkpt lat="36.775347" lon="138.809510"><ele>1044.4</ele><time>2026-07-31T09:30:24Z</time></trkpt>
<trkpt lat="36.777298" lon="138.808739"><ele>1031.6</ele><time>2026-07-31T09:30:40Z</time></trkpt>
<trkpt lat="36.780983" lon="138.806983"><ele>1008.0</ele><time>2026-07-31T09:31:10Z</time></trkpt>
<trkpt lat="36.782032" lon="138.806812"><ele>1004.2</ele><time>2026-07-31T09:31:19Z</time></trkpt>
<trkpt lat="36.783297" lon="138.805883"><ele>1000.8</ele><time>2026-07-31T09:31:34Z</time></trkpt>
<trkpt lat="36.784420" lon="138.803914"><ele>998.8</ele><time>2026-07-31T09:31:58Z</time></trkpt>
<trkpt lat="36.785127" lon="138.802030"><ele>990.6</ele><time>2026-07-31T09:32:15Z</time></trkpt>
<trkpt lat="36.786401" lon="138.799725"><ele>978.2</ele><time>2026-07-31T09:32:35Z</time></trkpt>
<trkpt lat="36.786570" lon="138.799041"><ele>975.8</ele><time>2026-07-31T09:32:40Z</time></trkpt>
<trkpt lat="36.786590" lon="138.797614"><ele>970.6</ele><time>2026-07-31T09:32:50Z</time></trkpt>
<trkpt lat="36.786875" lon="138.796735"><ele>967.0</ele><time>2026-07-31T09:32:57Z</time></trkpt>
<trkpt lat="36.788819" lon="138.794017"><ele>955.6</ele><time>2026-07-31T09:33:26Z</time></trkpt>
<trkpt lat="36.791141" lon="138.789019"><ele>940.0</ele><time>2026-07-31T09:34:44Z</time></trkpt>
<trkpt lat="36.791789" lon="138.788292"><ele>938.0</ele><time>2026-07-31T09:34:55Z</time></trkpt>
<trkpt lat="36.792719" lon="138.787677"><ele>933.0</ele><time>2026-07-31T09:35:06Z</time></trkpt>
<trkpt lat="36.793832" lon="138.787465"><ele>929.2</ele><time>2026-07-31T09:35:19Z</time></trkpt>
<trkpt lat="36.795524" lon="138.787813"><ele>930.8</ele><time>2026-07-31T09:35:45Z</time></trkpt>
<trkpt lat="36.797410" lon="138.787182"><ele>940.6</ele><time>2026-07-31T09:36:37Z</time></trkpt>
<trkpt lat="36.798286" lon="138.787168"><ele>943.6</ele><time>2026-07-31T09:37:02Z</time></trkpt>
<trkpt lat="36.799505" lon="138.786504"><ele>946.8</ele><time>2026-07-31T09:37:36Z</time></trkpt>
<trkpt lat="36.799811" lon="138.786662"><ele>947.6</ele><time>2026-07-31T09:37:44Z</time></trkpt>
<trkpt lat="36.800396" lon="138.786548"><ele>950.4</ele><time>2026-07-31T09:38:00Z</time></trkpt>
<trkpt lat="36.800627" lon="138.786367"><ele>953.0</ele><time>2026-07-31T09:38:14Z</time></trkpt>
<trkpt lat="36.800795" lon="138.785945"><ele>953.8</ele><time>2026-07-31T09:38:19Z</time></trkpt>
<trkpt lat="36.802129" lon="138.785950"><ele>959.0</ele><time>2026-07-31T09:38:57Z</time></trkpt>
<trkpt lat="36.802437" lon="138.785782"><ele>959.8</ele><time>2026-07-31T09:39:03Z</time></trkpt>
<trkpt lat="36.802895" lon="138.785824"><ele>961.6</ele><time>2026-07-31T09:39:20Z</time></trkpt>
<trkpt lat="36.803144" lon="138.786028"><ele>962.0</ele><time>2026-07-31T09:39:25Z</time></trkpt>
<trkpt lat="36.803840" lon="138.785933"><ele>963.6</ele><time>2026-07-31T09:39:40Z</time></trkpt>
<trkpt lat="36.804211" lon="138.786069"><ele>964.4</ele><time>2026-07-31T09:39:48Z</time></trkpt>
<trkpt lat="36.804943" lon="138.785649"><ele>968.2</ele><time>2026-07-31T09:40:13Z</time></trkpt>
<trkpt lat="36.805617" lon="138.785737"><ele>970.6</ele><time>2026-07-31T09:40:29Z</time></trkpt>
<trkpt lat="36.806122" lon="138.785483"><ele>972.2</ele><time>2026-07-31T09:40:42Z</time></trkpt>
<trkpt lat="36.806910" lon="138.784139"><ele>979.8</ele><time>2026-07-31T09:41:22Z</time></trkpt>
<trkpt lat="36.807564" lon="138.783648"><ele>982.6</ele><time>2026-07-31T09:41:47Z</time></trkpt>
<trkpt lat="36.808026" lon="138.783825"><ele>986.0</ele><time>2026-07-31T09:42:08Z</time></trkpt>
<trkpt lat="36.809798" lon="138.783378"><ele>993.4</ele><time>2026-07-31T09:42:55Z</time></trkpt>
<trkpt lat="36.810024" lon="138.783405"><ele>994.6</ele><time>2026-07-31T09:43:03Z</time></trkpt>
<trkpt lat="36.810218" lon="138.783702"><ele>995.6</ele><time>2026-07-31T09:43:08Z</time></trkpt>
<trkpt lat="36.811560" lon="138.783487"><ele>996.0</ele><time>2026-07-31T09:43:32Z</time></trkpt>
<trkpt lat="36.814930" lon="138.781873"><ele>980.2</ele><time>2026-07-31T09:44:13Z</time></trkpt>
<trkpt lat="36.816509" lon="138.781374"><ele>968.8</ele><time>2026-07-31T09:44:25Z</time></trkpt>
<trkpt lat="36.817905" lon="138.781255"><ele>961.6</ele><time>2026-07-31T09:44:35Z</time></trkpt>
<trkpt lat="36.826525" lon="138.781510"><ele>915.0</ele><time>2026-07-31T09:45:37Z</time></trkpt>
<trkpt lat="36.833598" lon="138.780578"><ele>879.6</ele><time>2026-07-31T09:46:30Z</time></trkpt>
<trkpt lat="36.836355" lon="138.779522"><ele>866.8</ele><time>2026-07-31T09:46:53Z</time></trkpt>
<trkpt lat="36.840336" lon="138.778888"><ele>848.6</ele><time>2026-07-31T09:47:25Z</time></trkpt>
<trkpt lat="36.842212" lon="138.778257"><ele>839.6</ele><time>2026-07-31T09:47:40Z</time></trkpt>
<trkpt lat="36.842888" lon="138.778235"><ele>838.6</ele><time>2026-07-31T09:47:46Z</time></trkpt>
<trkpt lat="36.844651" lon="138.778549"><ele>837.4</ele><time>2026-07-31T09:48:06Z</time></trkpt>
<trkpt lat="36.845025" lon="138.778352"><ele>836.8</ele><time>2026-07-31T09:48:11Z</time></trkpt>
<trkpt lat="36.845978" lon="138.777238"><ele>833.6</ele><time>2026-07-31T09:48:27Z</time></trkpt>
<trkpt lat="36.846963" lon="138.776813"><ele>832.0</ele><time>2026-07-31T09:48:42Z</time></trkpt>
<trkpt lat="36.862523" lon="138.773589"><ele>821.0</ele><time>2026-07-31T09:52:31Z</time></trkpt>
<trkpt lat="36.863402" lon="138.773852"><ele>816.4</ele><time>2026-07-31T09:52:41Z</time></trkpt>
<trkpt lat="36.864710" lon="138.775885"><ele>808.0</ele><time>2026-07-31T09:53:03Z</time></trkpt>
<trkpt lat="36.865487" lon="138.777435"><ele>799.0</ele><time>2026-07-31T09:53:17Z</time></trkpt>
<trkpt lat="36.865843" lon="138.777220"><ele>796.6</ele><time>2026-07-31T09:53:21Z</time></trkpt>
<trkpt lat="36.865450" lon="138.775904"><ele>789.8</ele><time>2026-07-31T09:53:32Z</time></trkpt>
<trkpt lat="36.865528" lon="138.775592"><ele>788.2</ele><time>2026-07-31T09:53:35Z</time></trkpt>
<trkpt lat="36.865702" lon="138.775530"><ele>787.2</ele><time>2026-07-31T09:53:37Z</time></trkpt>
<trkpt lat="36.865945" lon="138.775754"><ele>786.0</ele><time>2026-07-31T09:53:40Z</time></trkpt>
<trkpt lat="36.865937" lon="138.776325"><ele>785.2</ele><time>2026-07-31T09:53:45Z</time></trkpt>
<trkpt lat="36.866142" lon="138.776534"><ele>784.6</ele><time>2026-07-31T09:53:48Z</time></trkpt>
<trkpt lat="36.867320" lon="138.776401"><ele>779.8</ele><time>2026-07-31T09:54:00Z</time></trkpt>
<trkpt lat="36.869263" lon="138.777152"><ele>767.2</ele><time>2026-07-31T09:54:18Z</time></trkpt>
<trkpt lat="36.869751" lon="138.777124"><ele>763.6</ele><time>2026-07-31T09:54:23Z</time></trkpt>
<trkpt lat="36.869637" lon="138.776760"><ele>762.0</ele><time>2026-07-31T09:54:27Z</time></trkpt>
<trkpt lat="36.868344" lon="138.776265"><ele>755.0</ele><time>2026-07-31T09:54:40Z</time></trkpt>
<trkpt lat="36.868086" lon="138.776028"><ele>753.8</ele><time>2026-07-31T09:54:43Z</time></trkpt>
<trkpt lat="36.867986" lon="138.775440"><ele>750.8</ele><time>2026-07-31T09:54:48Z</time></trkpt>
<trkpt lat="36.868347" lon="138.775278"><ele>749.6</ele><time>2026-07-31T09:54:52Z</time></trkpt>
<trkpt lat="36.870830" lon="138.776246"><ele>735.0</ele><time>2026-07-31T09:55:14Z</time></trkpt>
<trkpt lat="36.875518" lon="138.777130"><ele>706.4</ele><time>2026-07-31T09:55:52Z</time></trkpt>
<trkpt lat="36.876438" lon="138.777684"><ele>707.2</ele><time>2026-07-31T09:56:06Z</time></trkpt>
<trkpt lat="36.876754" lon="138.777584"><ele>707.6</ele><time>2026-07-31T09:56:10Z</time></trkpt>
<trkpt lat="36.876799" lon="138.777250"><ele>708.4</ele><time>2026-07-31T09:56:15Z</time></trkpt>
<trkpt lat="36.876585" lon="138.777486"><ele>706.6</ele><time>2026-07-31T09:56:26Z</time></trkpt>
<trkpt lat="36.876387" lon="138.777495"><ele>705.4</ele><time>2026-07-31T09:56:32Z</time></trkpt>
<trkpt lat="36.879502" lon="138.777069"><ele>688.2</ele><time>2026-07-31T09:56:58Z</time></trkpt>
<trkpt lat="36.881956" lon="138.777336"><ele>683.8</ele><time>2026-07-31T09:57:14Z</time></trkpt>
<trkpt lat="36.882603" lon="138.777899"><ele>683.4</ele><time>2026-07-31T09:57:15Z</time></trkpt>
<trkpt lat="36.883703" lon="138.777970"><ele>683.0</ele><time>2026-07-31T09:57:17Z</time></trkpt>
<trkpt lat="36.885425" lon="138.777427"><ele>678.2</ele><time>2026-07-31T09:57:36Z</time></trkpt>
<trkpt lat="36.888609" lon="138.776007"><ele>670.0</ele><time>2026-07-31T09:58:13Z</time></trkpt>
<trkpt lat="36.890305" lon="138.775415"><ele>665.6</ele><time>2026-07-31T09:58:32Z</time></trkpt>
<trkpt lat="36.891062" lon="138.775316"><ele>664.2</ele><time>2026-07-31T09:58:41Z</time></trkpt>
<trkpt lat="36.894220" lon="138.776154"><ele>658.4</ele><time>2026-07-31T09:59:23Z</time></trkpt>
<trkpt lat="36.900629" lon="138.776786"><ele>644.4</ele><time>2026-07-31T10:00:41Z</time></trkpt>
<trkpt lat="36.902183" lon="138.777378"><ele>646.0</ele><time>2026-07-31T10:01:05Z</time></trkpt>
<trkpt lat="36.904346" lon="138.778822"><ele>649.8</ele><time>2026-07-31T10:01:49Z</time></trkpt>
<trkpt lat="36.904336" lon="138.783314"><ele>673.0</ele><time>2026-07-31T10:04:01Z</time></trkpt>
<trkpt lat="36.905692" lon="138.785836"><ele>685.0</ele><time>2026-07-31T10:05:25Z</time></trkpt>
<trkpt lat="36.906062" lon="138.788390"><ele>698.0</ele><time>2026-07-31T10:06:43Z</time></trkpt>
<trkpt lat="36.906370" lon="138.789296"><ele>701.4</ele><time>2026-07-31T10:07:10Z</time></trkpt>
<trkpt lat="36.911470" lon="138.794750"><ele>676.2</ele><time>2026-07-31T10:08:22Z</time></trkpt>
<trkpt lat="36.912798" lon="138.795932"><ele>666.4</ele><time>2026-07-31T10:08:36Z</time></trkpt>
<trkpt lat="36.914001" lon="138.796541"><ele>658.2</ele><time>2026-07-31T10:08:47Z</time></trkpt>
<trkpt lat="36.914329" lon="138.797045"><ele>655.8</ele><time>2026-07-31T10:08:52Z</time></trkpt>
<trkpt lat="36.914168" lon="138.797447"><ele>654.8</ele><time>2026-07-31T10:08:56Z</time></trkpt>
<trkpt lat="36.913770" lon="138.797505"><ele>653.8</ele><time>2026-07-31T10:09:00Z</time></trkpt>
<trkpt lat="36.912012" lon="138.796234"><ele>644.2</ele><time>2026-07-31T10:09:19Z</time></trkpt>
<trkpt lat="36.911572" lon="138.796090"><ele>641.8</ele><time>2026-07-31T10:09:23Z</time></trkpt>
<trkpt lat="36.911105" lon="138.796148"><ele>639.4</ele><time>2026-07-31T10:09:27Z</time></trkpt>
<trkpt lat="36.909017" lon="138.797176"><ele>634.6</ele><time>2026-07-31T10:09:45Z</time></trkpt>
<trkpt lat="36.908639" lon="138.797987"><ele>632.8</ele><time>2026-07-31T10:09:51Z</time></trkpt>
<trkpt lat="36.908748" lon="138.798908"><ele>631.8</ele><time>2026-07-31T10:09:57Z</time></trkpt>
<trkpt lat="36.908974" lon="138.799275"><ele>630.8</ele><time>2026-07-31T10:10:00Z</time></trkpt>
<trkpt lat="36.909405" lon="138.799590"><ele>630.2</ele><time>2026-07-31T10:10:04Z</time></trkpt>
<trkpt lat="36.912674" lon="138.800796"><ele>624.4</ele><time>2026-07-31T10:10:32Z</time></trkpt>
<trkpt lat="36.914794" lon="138.802682"><ele>621.2</ele><time>2026-07-31T10:10:53Z</time></trkpt>
<trkpt lat="36.915980" lon="138.803334"><ele>620.2</ele><time>2026-07-31T10:11:03Z</time></trkpt>
<trkpt lat="36.916376" lon="138.803911"><ele>619.0</ele><time>2026-07-31T10:11:08Z</time></trkpt>
<trkpt lat="36.916649" lon="138.805265"><ele>618.2</ele><time>2026-07-31T10:11:17Z</time></trkpt>
<trkpt lat="36.916989" lon="138.805894"><ele>618.0</ele><time>2026-07-31T10:11:22Z</time></trkpt>
<trkpt lat="36.919026" lon="138.807655"><ele>615.6</ele><time>2026-07-31T10:11:43Z</time></trkpt>
<trkpt lat="36.919215" lon="138.807775"><ele>615.2</ele><time>2026-07-31T10:11:45Z</time></trkpt>
<trkpt lat="36.919961" lon="138.807617"><ele>614.6</ele><time>2026-07-31T10:11:50Z</time></trkpt>
<trkpt lat="36.920497" lon="138.807998"><ele>614.0</ele><time>2026-07-31T10:11:55Z</time></trkpt>
<trkpt lat="36.920866" lon="138.808482"><ele>613.4</ele><time>2026-07-31T10:11:59Z</time></trkpt>
<trkpt lat="36.921188" lon="138.809205"><ele>612.8</ele><time>2026-07-31T10:12:04Z</time></trkpt>
<trkpt lat="36.922528" lon="138.813796"><ele>607.0</ele><time>2026-07-31T10:12:37Z</time></trkpt>
<trkpt lat="36.922362" lon="138.814225"><ele>606.4</ele><time>2026-07-31T10:12:41Z</time></trkpt>
<trkpt lat="36.921905" lon="138.814242"><ele>606.0</ele><time>2026-07-31T10:12:46Z</time></trkpt>
<trkpt lat="36.921705" lon="138.813858"><ele>605.4</ele><time>2026-07-31T10:12:51Z</time></trkpt>
<trkpt lat="36.921551" lon="138.812595"><ele>602.2</ele><time>2026-07-31T10:13:02Z</time></trkpt>
<trkpt lat="36.921279" lon="138.812344"><ele>600.8</ele><time>2026-07-31T10:13:06Z</time></trkpt>
<trkpt lat="36.921044" lon="138.812456"><ele>600.0</ele><time>2026-07-31T10:13:09Z</time></trkpt>
<trkpt lat="36.921136" lon="138.821746"><ele>590.2</ele><time>2026-07-31T10:14:13Z</time></trkpt>
<trkpt lat="36.921368" lon="138.822450"><ele>589.6</ele><time>2026-07-31T10:14:19Z</time></trkpt>
<trkpt lat="36.922004" lon="138.823158"><ele>588.0</ele><time>2026-07-31T10:14:28Z</time></trkpt>
<trkpt lat="36.923605" lon="138.823860"><ele>586.2</ele><time>2026-07-31T10:14:47Z</time></trkpt>
<trkpt lat="36.924882" lon="138.824064"><ele>580.6</ele><time>2026-07-31T10:15:20Z</time></trkpt>
<trkpt lat="36.923854" lon="138.824011"><ele>578.0</ele><time>2026-07-31T10:15:43Z</time></trkpt>
<trkpt lat="36.921834" lon="138.823073"><ele>576.6</ele><time>2026-07-31T10:16:21Z</time></trkpt>
<trkpt lat="36.921259" lon="138.822358"><ele>577.2</ele><time>2026-07-31T10:16:37Z</time></trkpt>
<trkpt lat="36.921013" lon="138.821671"><ele>577.8</ele><time>2026-07-31T10:16:49Z</time></trkpt>
<trkpt lat="36.921029" lon="138.815011"><ele>577.4</ele><time>2026-07-31T10:19:01Z</time></trkpt>
<trkpt lat="36.920898" lon="138.812769"><ele>579.6</ele><time>2026-07-31T10:19:54Z</time></trkpt>
<trkpt lat="36.921003" lon="138.812376"><ele>580.0</ele><time>2026-07-31T10:20:04Z</time></trkpt>
<trkpt lat="36.921313" lon="138.812209"><ele>580.4</ele><time>2026-07-31T10:20:14Z</time></trkpt>
<trkpt lat="36.921624" lon="138.812414"><ele>580.6</ele><time>2026-07-31T10:20:24Z</time></trkpt>
<trkpt lat="36.921932" lon="138.814037"><ele>582.0</ele><time>2026-07-31T10:21:02Z</time></trkpt>
<trkpt lat="36.922205" lon="138.814108"><ele>581.6</ele><time>2026-07-31T10:21:25Z</time></trkpt>
<trkpt lat="36.922391" lon="138.813800"><ele>579.8</ele><time>2026-07-31T10:21:35Z</time></trkpt>
<trkpt lat="36.921014" lon="138.808955"><ele>582.6</ele><time>2026-07-31T10:23:12Z</time></trkpt>
<trkpt lat="36.920649" lon="138.808287"><ele>584.2</ele><time>2026-07-31T10:23:29Z</time></trkpt>
<trkpt lat="36.920101" lon="138.807777"><ele>586.2</ele><time>2026-07-31T10:23:47Z</time></trkpt>
<trkpt lat="36.918336" lon="138.807236"><ele>591.6</ele><time>2026-07-31T10:24:39Z</time></trkpt>
<trkpt lat="36.917610" lon="138.806760"><ele>593.2</ele><time>2026-07-31T10:25:01Z</time></trkpt>
<trkpt lat="36.917413" lon="138.807166"><ele>594.0</ele><time>2026-07-31T10:25:10Z</time></trkpt>
<trkpt lat="36.917549" lon="138.807517"><ele>594.2</ele><time>2026-07-31T10:25:15Z</time></trkpt>
<trkpt lat="36.918421" lon="138.808276"><ele>593.0</ele><time>2026-07-31T10:25:28Z</time></trkpt>
<trkpt lat="36.919054" lon="138.808366"><ele>592.6</ele><time>2026-07-31T10:25:35Z</time></trkpt>
<trkpt lat="36.919523" lon="138.808681"><ele>592.6</ele><time>2026-07-31T10:25:41Z</time></trkpt>
<trkpt lat="36.919909" lon="138.809355"><ele>592.4</ele><time>2026-07-31T10:25:48Z</time></trkpt>
<trkpt lat="36.920468" lon="138.809723"><ele>591.2</ele><time>2026-07-31T10:25:54Z</time></trkpt>
<trkpt lat="36.920856" lon="138.809653"><ele>590.8</ele><time>2026-07-31T10:25:58Z</time></trkpt>
<trkpt lat="36.921178" lon="138.809296"><ele>590.4</ele><time>2026-07-31T10:26:03Z</time></trkpt>
<trkpt lat="36.922169" lon="138.809313"><ele>590.0</ele><time>2026-07-31T10:26:14Z</time></trkpt>
<trkpt lat="36.925439" lon="138.810249"><ele>588.0</ele><time>2026-07-31T10:26:43Z</time></trkpt>
<trkpt lat="36.927467" lon="138.811980"><ele>586.8</ele><time>2026-07-31T10:27:04Z</time></trkpt>
<trkpt lat="36.927662" lon="138.812589"><ele>586.4</ele><time>2026-07-31T10:27:09Z</time></trkpt>
<trkpt lat="36.927587" lon="138.813760"><ele>585.0</ele><time>2026-07-31T10:27:18Z</time></trkpt>
<trkpt lat="36.927845" lon="138.814144"><ele>583.8</ele><time>2026-07-31T10:27:22Z</time></trkpt>
<trkpt lat="36.928196" lon="138.814192"><ele>583.0</ele><time>2026-07-31T10:27:25Z</time></trkpt>
<trkpt lat="36.928561" lon="138.813827"><ele>581.4</ele><time>2026-07-31T10:27:29Z</time></trkpt>
<trkpt lat="36.928398" lon="138.812337"><ele>577.4</ele><time>2026-07-31T10:27:39Z</time></trkpt>
<trkpt lat="36.928639" lon="138.811737"><ele>575.2</ele><time>2026-07-31T10:27:44Z</time></trkpt>
<trkpt lat="36.929508" lon="138.811427"><ele>572.0</ele><time>2026-07-31T10:27:52Z</time></trkpt>
<trkpt lat="36.930130" lon="138.810688"><ele>569.4</ele><time>2026-07-31T10:27:59Z</time></trkpt>
<trkpt lat="36.930577" lon="138.810415"><ele>568.6</ele><time>2026-07-31T10:28:03Z</time></trkpt>
<trkpt lat="36.932495" lon="138.810012"><ele>562.2</ele><time>2026-07-31T10:28:18Z</time></trkpt>
<trkpt lat="36.933715" lon="138.809496"><ele>557.6</ele><time>2026-07-31T10:28:33Z</time></trkpt>
<trkpt lat="36.934336" lon="138.809451"><ele>555.4</ele><time>2026-07-31T10:28:41Z</time></trkpt>
<trkpt lat="36.935254" lon="138.808872"><ele>552.6</ele><time>2026-07-31T10:28:55Z</time></trkpt>
<trkpt lat="36.935491" lon="138.808885"><ele>548.8</ele><time>2026-07-31T10:29:17Z</time></trkpt>
<trkpt lat="36.935906" lon="138.808335"><ele>544.0</ele><time>2026-07-31T10:31:30Z</time></trkpt>
<trkpt lat="36.937438" lon="138.807327"><ele>519.0</ele><time>2026-07-31T10:39:41Z</time></trkpt>
<trkpt lat="36.939842" lon="138.805069"><ele>518.4</ele><time>2026-07-31T10:40:21Z</time></trkpt>
<trkpt lat="36.943913" lon="138.802127"><ele>522.2</ele><time>2026-07-31T10:41:21Z</time></trkpt>
<trkpt lat="36.944577" lon="138.800639"><ele>524.4</ele><time>2026-07-31T10:41:42Z</time></trkpt>
<trkpt lat="36.945745" lon="138.799771"><ele>529.0</ele><time>2026-07-31T10:42:10Z</time></trkpt>
<trkpt lat="36.945918" lon="138.799793"><ele>529.2</ele><time>2026-07-31T10:42:16Z</time></trkpt>
<trkpt lat="36.946383" lon="138.800388"><ele>528.0</ele><time>2026-07-31T10:42:27Z</time></trkpt>
<trkpt lat="36.946652" lon="138.800528"><ele>528.0</ele><time>2026-07-31T10:42:32Z</time></trkpt>
<trkpt lat="36.947971" lon="138.800079"><ele>528.8</ele><time>2026-07-31T10:42:52Z</time></trkpt>
<trkpt lat="36.948523" lon="138.799699"><ele>529.0</ele><time>2026-07-31T10:42:59Z</time></trkpt>
<trkpt lat="36.948810" lon="138.799702"><ele>528.6</ele><time>2026-07-31T10:43:02Z</time></trkpt>
<trkpt lat="36.949568" lon="138.800796"><ele>528.0</ele><time>2026-07-31T10:43:14Z</time></trkpt>
<trkpt lat="36.950132" lon="138.801000"><ele>528.2</ele><time>2026-07-31T10:43:20Z</time></trkpt>
<trkpt lat="36.950526" lon="138.800870"><ele>528.2</ele><time>2026-07-31T10:43:24Z</time></trkpt>
<trkpt lat="36.952111" lon="138.799732"><ele>528.2</ele><time>2026-07-31T10:43:40Z</time></trkpt>
<trkpt lat="36.954120" lon="138.798766"><ele>531.2</ele><time>2026-07-31T10:44:06Z</time></trkpt>
<trkpt lat="36.954535" lon="138.798810"><ele>532.2</ele><time>2026-07-31T10:44:12Z</time></trkpt>
<trkpt lat="36.954923" lon="138.799124"><ele>533.4</ele><time>2026-07-31T10:44:20Z</time></trkpt>
<trkpt lat="36.958451" lon="138.798698"><ele>534.2</ele><time>2026-07-31T10:45:02Z</time></trkpt>
<trkpt lat="36.959783" lon="138.799035"><ele>535.4</ele><time>2026-07-31T10:45:23Z</time></trkpt>
<trkpt lat="36.963565" lon="138.801039"><ele>542.0</ele><time>2026-07-31T10:46:43Z</time></trkpt>
<trkpt lat="36.965669" lon="138.801550"><ele>544.0</ele><time>2026-07-31T10:47:17Z</time></trkpt>
<trkpt lat="36.968279" lon="138.801460"><ele>541.4</ele><time>2026-07-31T10:47:52Z</time></trkpt>
<trkpt lat="36.970508" lon="138.801923"><ele>537.6</ele><time>2026-07-31T10:48:10Z</time></trkpt>
<trkpt lat="36.971026" lon="138.801715"><ele>537.0</ele><time>2026-07-31T10:48:14Z</time></trkpt>
<trkpt lat="36.972189" lon="138.800605"><ele>535.0</ele><time>2026-07-31T10:48:25Z</time></trkpt>
<trkpt lat="36.972690" lon="138.800304"><ele>534.8</ele><time>2026-07-31T10:48:29Z</time></trkpt>
<trkpt lat="36.973331" lon="138.800201"><ele>534.0</ele><time>2026-07-31T10:48:34Z</time></trkpt>
<trkpt lat="36.974776" lon="138.800429"><ele>533.4</ele><time>2026-07-31T10:48:45Z</time></trkpt>
<trkpt lat="36.975181" lon="138.800724"><ele>532.4</ele><time>2026-07-31T10:48:49Z</time></trkpt>
<trkpt lat="36.975542" lon="138.801294"><ele>530.6</ele><time>2026-07-31T10:48:54Z</time></trkpt>
<trkpt lat="36.974971" lon="138.803725"><ele>527.6</ele><time>2026-07-31T10:49:09Z</time></trkpt>
<trkpt lat="36.975115" lon="138.804385"><ele>527.4</ele><time>2026-07-31T10:49:14Z</time></trkpt>
<trkpt lat="36.975472" lon="138.804852"><ele>526.8</ele><time>2026-07-31T10:49:19Z</time></trkpt>
<trkpt lat="36.984374" lon="138.807685"><ele>510.8</ele><time>2026-07-31T10:51:21Z</time></trkpt>
<trkpt lat="36.985537" lon="138.803090"><ele>505.6</ele><time>2026-07-31T10:52:52Z</time></trkpt>
<trkpt lat="36.987471" lon="138.800644"><ele>507.0</ele><time>2026-07-31T10:54:12Z</time></trkpt>
<trkpt lat="36.987701" lon="138.800042"><ele>507.6</ele><time>2026-07-31T10:54:28Z</time></trkpt>
<trkpt lat="36.987615" lon="138.796566"><ele>511.6</ele><time>2026-07-31T10:55:53Z</time></trkpt>
<trkpt lat="36.987207" lon="138.794560"><ele>515.6</ele><time>2026-07-31T10:56:44Z</time></trkpt>
<trkpt lat="36.987339" lon="138.791941"><ele>521.2</ele><time>2026-07-31T10:57:39Z</time></trkpt>
<trkpt lat="36.987688" lon="138.790926"><ele>523.6</ele><time>2026-07-31T10:58:08Z</time></trkpt>
<trkpt lat="36.987863" lon="138.788833"><ele>527.4</ele><time>2026-07-31T10:58:54Z</time></trkpt>
<trkpt lat="36.987729" lon="138.788397"><ele>527.6</ele><time>2026-07-31T10:59:03Z</time></trkpt>
<trkpt lat="36.987108" lon="138.787824"><ele>529.0</ele><time>2026-07-31T10:59:23Z</time></trkpt>
<trkpt lat="36.985922" lon="138.787134"><ele>536.6</ele><time>2026-07-31T11:00:12Z</time></trkpt>
<trkpt lat="36.985443" lon="138.785881"><ele>542.0</ele><time>2026-07-31T11:00:53Z</time></trkpt>
<trkpt lat="36.985472" lon="138.785362"><ele>544.2</ele><time>2026-07-31T11:01:10Z</time></trkpt>
<trkpt lat="36.985856" lon="138.783961"><ele>549.2</ele><time>2026-07-31T11:02:02Z</time></trkpt>
<trkpt lat="36.986042" lon="138.783836"><ele>550.6</ele><time>2026-07-31T11:02:11Z</time></trkpt>
<trkpt lat="36.986852" lon="138.783887"><ele>554.4</ele><time>2026-07-31T11:02:46Z</time></trkpt>
<trkpt lat="36.987149" lon="138.782769"><ele>557.8</ele><time>2026-07-31T11:03:29Z</time></trkpt>
<trkpt lat="36.986913" lon="138.782623"><ele>559.0</ele><time>2026-07-31T11:03:41Z</time></trkpt>
<trkpt lat="36.986545" lon="138.782864"><ele>560.4</ele><time>2026-07-31T11:04:00Z</time></trkpt>
<trkpt lat="36.986306" lon="138.782727"><ele>560.8</ele><time>2026-07-31T11:04:12Z</time></trkpt>
<trkpt lat="36.986220" lon="138.781948"><ele>562.0</ele><time>2026-07-31T11:04:38Z</time></trkpt>
<trkpt lat="36.985332" lon="138.780253"><ele>563.4</ele><time>2026-07-31T11:05:52Z</time></trkpt>
<trkpt lat="36.985225" lon="138.779688"><ele>563.6</ele><time>2026-07-31T11:06:04Z</time></trkpt>
<trkpt lat="36.984935" lon="138.779382"><ele>563.4</ele><time>2026-07-31T11:06:18Z</time></trkpt>
<trkpt lat="36.984741" lon="138.779528"><ele>564.4</ele><time>2026-07-31T11:06:35Z</time></trkpt>
<trkpt lat="36.984679" lon="138.779801"><ele>564.8</ele><time>2026-07-31T11:06:43Z</time></trkpt>
<trkpt lat="36.984682" lon="138.781708"><ele>563.2</ele><time>2026-07-31T11:07:47Z</time></trkpt>
<trkpt lat="36.984464" lon="138.781468"><ele>560.6</ele><time>2026-07-31T11:08:15Z</time></trkpt>
<trkpt lat="36.984229" lon="138.780954"><ele>559.8</ele><time>2026-07-31T11:08:30Z</time></trkpt>
<trkpt lat="36.984164" lon="138.780063"><ele>561.0</ele><time>2026-07-31T11:08:59Z</time></trkpt>
<trkpt lat="36.983402" lon="138.777892"><ele>568.4</ele><time>2026-07-31T11:10:19Z</time></trkpt>
<trkpt lat="36.983414" lon="138.777145"><ele>573.0</ele><time>2026-07-31T11:10:43Z</time></trkpt>
<trkpt lat="36.983290" lon="138.777008"><ele>573.6</ele><time>2026-07-31T11:10:48Z</time></trkpt>
<trkpt lat="36.986152" lon="138.763883"><ele>612.8</ele><time>2026-07-31T11:15:50Z</time></trkpt>
<trkpt lat="36.986468" lon="138.763115"><ele>612.2</ele><time>2026-07-31T11:16:13Z</time></trkpt>
<trkpt lat="36.986881" lon="138.762634"><ele>611.4</ele><time>2026-07-31T11:16:31Z</time></trkpt>
<trkpt lat="36.987387" lon="138.762402"><ele>610.4</ele><time>2026-07-31T11:16:47Z</time></trkpt>
<trkpt lat="36.988783" lon="138.762558"><ele>609.6</ele><time>2026-07-31T11:17:16Z</time></trkpt>
<trkpt lat="36.989854" lon="138.762406"><ele>609.4</ele><time>2026-07-31T11:17:27Z</time></trkpt>
<trkpt lat="36.990043" lon="138.762200"><ele>609.2</ele><time>2026-07-31T11:17:30Z</time></trkpt>
<trkpt lat="36.990185" lon="138.761266"><ele>609.4</ele><time>2026-07-31T11:17:39Z</time></trkpt>
<trkpt lat="36.990977" lon="138.760846"><ele>609.4</ele><time>2026-07-31T11:17:49Z</time></trkpt>
<trkpt lat="36.991109" lon="138.760613"><ele>609.2</ele><time>2026-07-31T11:17:52Z</time></trkpt>
<trkpt lat="36.990824" lon="138.760273"><ele>607.6</ele><time>2026-07-31T11:17:57Z</time></trkpt>
<trkpt lat="36.988998" lon="138.759855"><ele>604.8</ele><time>2026-07-31T11:18:13Z</time></trkpt>
<trkpt lat="36.988722" lon="138.759914"><ele>604.8</ele><time>2026-07-31T11:18:16Z</time></trkpt>
<trkpt lat="36.988201" lon="138.760444"><ele>605.2</ele><time>2026-07-31T11:18:24Z</time></trkpt>
<trkpt lat="36.985883" lon="138.760443"><ele>604.4</ele><time>2026-07-31T11:18:46Z</time></trkpt>
<trkpt lat="36.985353" lon="138.759478"><ele>603.0</ele><time>2026-07-31T11:18:56Z</time></trkpt>
<trkpt lat="36.984695" lon="138.759082"><ele>602.4</ele><time>2026-07-31T11:19:03Z</time></trkpt>
<trkpt lat="36.984289" lon="138.758173"><ele>600.8</ele><time>2026-07-31T11:19:12Z</time></trkpt>
<trkpt lat="36.984510" lon="138.756795"><ele>598.6</ele><time>2026-07-31T11:19:23Z</time></trkpt>
<trkpt lat="36.984500" lon="138.755424"><ele>598.4</ele><time>2026-07-31T11:19:34Z</time></trkpt>
<trkpt lat="36.984912" lon="138.754273"><ele>597.4</ele><time>2026-07-31T11:19:44Z</time></trkpt>
<trkpt lat="36.984616" lon="138.753510"><ele>597.0</ele><time>2026-07-31T11:19:51Z</time></trkpt>
<trkpt lat="36.984052" lon="138.752774"><ele>595.6</ele><time>2026-07-31T11:20:00Z</time></trkpt>
<trkpt lat="36.984143" lon="138.751637"><ele>594.6</ele><time>2026-07-31T11:20:10Z</time></trkpt>
<trkpt lat="36.984540" lon="138.750935"><ele>592.8</ele><time>2026-07-31T11:20:19Z</time></trkpt>
<trkpt lat="36.984332" lon="138.750317"><ele>590.0</ele><time>2026-07-31T11:20:26Z</time></trkpt>
<trkpt lat="36.984551" lon="138.749680"><ele>588.6</ele><time>2026-07-31T11:20:33Z</time></trkpt>
<trkpt lat="36.984247" lon="138.749251"><ele>586.6</ele><time>2026-07-31T11:20:39Z</time></trkpt>
<trkpt lat="36.984208" lon="138.748972"><ele>585.8</ele><time>2026-07-31T11:20:42Z</time></trkpt>
<trkpt lat="36.985255" lon="138.747988"><ele>584.0</ele><time>2026-07-31T11:20:57Z</time></trkpt>
<trkpt lat="36.985762" lon="138.747688"><ele>583.0</ele><time>2026-07-31T11:21:03Z</time></trkpt>
<trkpt lat="36.986559" lon="138.746618"><ele>581.8</ele><time>2026-07-31T11:21:15Z</time></trkpt>
<trkpt lat="36.986687" lon="138.746116"><ele>580.0</ele><time>2026-07-31T11:21:20Z</time></trkpt>
<trkpt lat="36.986529" lon="138.745951"><ele>579.6</ele><time>2026-07-31T11:21:24Z</time></trkpt>
<trkpt lat="36.986208" lon="138.746679"><ele>576.8</ele><time>2026-07-31T11:21:33Z</time></trkpt>
<trkpt lat="36.986021" lon="138.746747"><ele>576.2</ele><time>2026-07-31T11:21:36Z</time></trkpt>
<trkpt lat="36.985930" lon="138.746630"><ele>575.8</ele><time>2026-07-31T11:21:38Z</time></trkpt>
<trkpt lat="36.986225" lon="138.745892"><ele>573.2</ele><time>2026-07-31T11:21:47Z</time></trkpt>
<trkpt lat="36.986273" lon="138.744838"><ele>572.0</ele><time>2026-07-31T11:21:56Z</time></trkpt>
<trkpt lat="36.988092" lon="138.739443"><ele>564.6</ele><time>2026-07-31T11:22:40Z</time></trkpt>
<trkpt lat="36.988681" lon="138.738927"><ele>563.6</ele><time>2026-07-31T11:22:48Z</time></trkpt>
<trkpt lat="36.991329" lon="138.738268"><ele>563.2</ele><time>2026-07-31T11:23:40Z</time></trkpt>
<trkpt lat="36.996772" lon="138.732313"><ele>564.6</ele><time>2026-07-31T11:25:35Z</time></trkpt>
<trkpt lat="36.997393" lon="138.731177"><ele>563.8</ele><time>2026-07-31T11:25:52Z</time></trkpt>
<trkpt lat="36.998202" lon="138.728420"><ele>559.2</ele><time>2026-07-31T11:26:18Z</time></trkpt>
<trkpt lat="36.998611" lon="138.727701"><ele>557.8</ele><time>2026-07-31T11:26:25Z</time></trkpt>
<trkpt lat="37.001718" lon="138.725248"><ele>554.6</ele><time>2026-07-31T11:27:01Z</time></trkpt>
<trkpt lat="37.003767" lon="138.724322"><ele>551.6</ele><time>2026-07-31T11:27:25Z</time></trkpt>
<trkpt lat="37.006395" lon="138.721148"><ele>547.2</ele><time>2026-07-31T11:28:12Z</time></trkpt>
<trkpt lat="37.007612" lon="138.719322"><ele>545.8</ele><time>2026-07-31T11:28:37Z</time></trkpt>
<trkpt lat="37.008417" lon="138.718471"><ele>544.4</ele><time>2026-07-31T11:28:50Z</time></trkpt>
<trkpt lat="37.009230" lon="138.718081"><ele>542.6</ele><time>2026-07-31T11:29:05Z</time></trkpt>
<trkpt lat="37.011382" lon="138.717667"><ele>539.2</ele><time>2026-07-31T11:30:24Z</time></trkpt>
<trkpt lat="37.012471" lon="138.717132"><ele>539.6</ele><time>2026-07-31T11:31:00Z</time></trkpt>
<trkpt lat="37.012681" lon="138.717347"><ele>539.6</ele><time>2026-07-31T11:31:10Z</time></trkpt>
<trkpt lat="37.012629" lon="138.717685"><ele>539.2</ele><time>2026-07-31T11:31:19Z</time></trkpt>
<trkpt lat="37.011884" lon="138.717902"><ele>539.2</ele><time>2026-07-31T11:31:40Z</time></trkpt>
<trkpt lat="37.011717" lon="138.718331"><ele>539.0</ele><time>2026-07-31T11:31:52Z</time></trkpt>
<trkpt lat="37.012001" lon="138.718613"><ele>539.0</ele><time>2026-07-31T11:32:05Z</time></trkpt>
<trkpt lat="37.012831" lon="138.718698"><ele>538.8</ele><time>2026-07-31T11:32:34Z</time></trkpt>
<trkpt lat="37.013589" lon="138.718334"><ele>537.4</ele><time>2026-07-31T11:33:03Z</time></trkpt>
<trkpt lat="37.014238" lon="138.717356"><ele>538.2</ele><time>2026-07-31T11:33:46Z</time></trkpt>
<trkpt lat="37.014885" lon="138.717070"><ele>538.0</ele><time>2026-07-31T11:34:15Z</time></trkpt>
<trkpt lat="37.015251" lon="138.717301"><ele>538.2</ele><time>2026-07-31T11:34:28Z</time></trkpt>
<trkpt lat="37.016519" lon="138.718902"><ele>539.0</ele><time>2026-07-31T11:35:08Z</time></trkpt>
<trkpt lat="37.016904" lon="138.718971"><ele>539.0</ele><time>2026-07-31T11:35:16Z</time></trkpt>
<trkpt lat="37.017092" lon="138.718604"><ele>538.8</ele><time>2026-07-31T11:35:23Z</time></trkpt>
<trkpt lat="37.016959" lon="138.717666"><ele>538.4</ele><time>2026-07-31T11:35:34Z</time></trkpt>
<trkpt lat="37.017049" lon="138.717383"><ele>538.6</ele><time>2026-07-31T11:35:37Z</time></trkpt>
<trkpt lat="37.019411" lon="138.715264"><ele>533.6</ele><time>2026-07-31T11:36:05Z</time></trkpt>
<trkpt lat="37.019872" lon="138.714985"><ele>532.8</ele><time>2026-07-31T11:36:10Z</time></trkpt>
<trkpt lat="37.021689" lon="138.714391"><ele>532.2</ele><time>2026-07-31T11:36:30Z</time></trkpt>
<trkpt lat="37.023313" lon="138.713354"><ele>531.4</ele><time>2026-07-31T11:36:52Z</time></trkpt>
<trkpt lat="37.024037" lon="138.712187"><ele>529.8</ele><time>2026-07-31T11:37:05Z</time></trkpt>
<trkpt lat="37.025520" lon="138.710814"><ele>528.0</ele><time>2026-07-31T11:37:26Z</time></trkpt>
<trkpt lat="37.030265" lon="138.708090"><ele>526.0</ele><time>2026-07-31T11:38:21Z</time></trkpt>
<trkpt lat="37.034576" lon="138.703944"><ele>518.4</ele><time>2026-07-31T11:39:16Z</time></trkpt>
<trkpt lat="37.036344" lon="138.702923"><ele>516.4</ele><time>2026-07-31T11:39:36Z</time></trkpt>
<trkpt lat="37.039666" lon="138.700292"><ele>513.0</ele><time>2026-07-31T11:40:18Z</time></trkpt>
<trkpt lat="37.041908" lon="138.699007"><ele>510.6</ele><time>2026-07-31T11:40:45Z</time></trkpt>
<trkpt lat="37.042902" lon="138.698620"><ele>508.8</ele><time>2026-07-31T11:40:56Z</time></trkpt>
<trkpt lat="37.044243" lon="138.697760"><ele>507.4</ele><time>2026-07-31T11:41:12Z</time></trkpt>
<trkpt lat="37.045307" lon="138.697626"><ele>505.8</ele><time>2026-07-31T11:41:24Z</time></trkpt>
<trkpt lat="37.048052" lon="138.696742"><ele>500.2</ele><time>2026-07-31T11:41:57Z</time></trkpt>
<trkpt lat="37.049301" lon="138.695859"><ele>497.6</ele><time>2026-07-31T11:42:15Z</time></trkpt>
<trkpt lat="37.050668" lon="138.695244"><ele>495.8</ele><time>2026-07-31T11:42:35Z</time></trkpt>
<trkpt lat="37.050944" lon="138.694879"><ele>494.4</ele><time>2026-07-31T11:42:48Z</time></trkpt>
<trkpt lat="37.050627" lon="138.694286"><ele>492.4</ele><time>2026-07-31T11:43:00Z</time></trkpt>
<trkpt lat="37.050200" lon="138.693834"><ele>491.6</ele><time>2026-07-31T11:43:08Z</time></trkpt>
<trkpt lat="37.048622" lon="138.692982"><ele>489.6</ele><time>2026-07-31T11:43:29Z</time></trkpt>
<trkpt lat="37.047758" lon="138.691732"><ele>488.4</ele><time>2026-07-31T11:43:46Z</time></trkpt>
<trkpt lat="37.046682" lon="138.689893"><ele>484.6</ele><time>2026-07-31T11:44:10Z</time></trkpt>
<trkpt lat="37.044385" lon="138.685313"><ele>483.0</ele><time>2026-07-31T11:45:26Z</time></trkpt>
<trkpt lat="37.043101" lon="138.681793"><ele>483.0</ele><time>2026-07-31T11:46:25Z</time></trkpt>
<trkpt lat="37.041340" lon="138.679383"><ele>482.2</ele><time>2026-07-31T11:47:17Z</time></trkpt>
<trkpt lat="37.039248" lon="138.676140"><ele>479.0</ele><time>2026-07-31T11:48:27Z</time></trkpt>
<trkpt lat="37.038126" lon="138.674700"><ele>478.8</ele><time>2026-07-31T11:48:57Z</time></trkpt>
<trkpt lat="37.036648" lon="138.673295"><ele>477.8</ele><time>2026-07-31T11:49:32Z</time></trkpt>
<trkpt lat="37.034180" lon="138.671302"><ele>476.8</ele><time>2026-07-31T11:50:41Z</time></trkpt>
<trkpt lat="37.028625" lon="138.664923"><ele>474.2</ele><time>2026-07-31T11:52:49Z</time></trkpt>
<trkpt lat="37.028155" lon="138.664648"><ele>474.0</ele><time>2026-07-31T11:52:55Z</time></trkpt>
<trkpt lat="37.027205" lon="138.664451"><ele>473.4</ele><time>2026-07-31T11:53:05Z</time></trkpt>
<trkpt lat="37.026754" lon="138.664148"><ele>473.0</ele><time>2026-07-31T11:53:10Z</time></trkpt>
<trkpt lat="37.019713" lon="138.655920"><ele>471.6</ele><time>2026-07-31T11:55:54Z</time></trkpt>
<trkpt lat="37.019259" lon="138.655606"><ele>471.6</ele><time>2026-07-31T11:56:03Z</time></trkpt>
<trkpt lat="37.017774" lon="138.655256"><ele>470.2</ele><time>2026-07-31T11:56:25Z</time></trkpt>
<trkpt lat="37.017210" lon="138.654964"><ele>469.8</ele><time>2026-07-31T11:56:32Z</time></trkpt>
<trkpt lat="37.012338" lon="138.649525"><ele>457.0</ele><time>2026-07-31T11:58:47Z</time></trkpt></trkseg><trkseg>
<trkpt lat="37.012843" lon="138.650342"><ele>227.6</ele><time>2026-07-31T21:14:10Z</time></trkpt>
<trkpt lat="37.013124" lon="138.650217"><ele>249.4</ele><time>2026-07-31T21:14:26Z</time></trkpt>
<trkpt lat="37.013658" lon="138.650859"><ele>249.8</ele><time>2026-07-31T21:14:47Z</time></trkpt>
<trkpt lat="37.013703" lon="138.651002"><ele>250.2</ele><time>2026-07-31T21:15:06Z</time></trkpt>
<trkpt lat="37.013822" lon="138.651043"><ele>250.2</ele><time>2026-07-31T21:15:10Z</time></trkpt>
<trkpt lat="37.015400" lon="138.652845"><ele>253.8</ele><time>2026-07-31T21:15:50Z</time></trkpt>
<trkpt lat="37.015525" lon="138.652875"><ele>254.0</ele><time>2026-07-31T21:15:53Z</time></trkpt>
<trkpt lat="37.019316" lon="138.645076"><ele>240.0</ele><time>2026-07-31T21:17:34Z</time></trkpt>
<trkpt lat="37.019768" lon="138.644596"><ele>239.6</ele><time>2026-07-31T21:17:42Z</time></trkpt>
<trkpt lat="37.022027" lon="138.642848"><ele>228.0</ele><time>2026-07-31T21:18:10Z</time></trkpt>
<trkpt lat="37.022801" lon="138.641195"><ele>225.0</ele><time>2026-07-31T21:18:32Z</time></trkpt>
<trkpt lat="37.022993" lon="138.640538"><ele>224.4</ele><time>2026-07-31T21:19:08Z</time></trkpt>
<trkpt lat="37.023112" lon="138.639741"><ele>222.4</ele><time>2026-07-31T21:19:19Z</time></trkpt>
<trkpt lat="37.023235" lon="138.639703"><ele>222.2</ele><time>2026-07-31T21:19:22Z</time></trkpt>
<trkpt lat="37.023634" lon="138.639807"><ele>222.4</ele><time>2026-07-31T21:19:31Z</time></trkpt>
<trkpt lat="37.024623" lon="138.640316"><ele>223.2</ele><time>2026-07-31T21:19:53Z</time></trkpt>
<trkpt lat="37.025123" lon="138.640204"><ele>224.0</ele><time>2026-07-31T21:20:05Z</time></trkpt>
<trkpt lat="37.025984" lon="138.640267"><ele>229.0</ele><time>2026-07-31T21:20:29Z</time></trkpt>
<trkpt lat="37.026114" lon="138.640203"><ele>229.2</ele><time>2026-07-31T21:20:33Z</time></trkpt>
<trkpt lat="37.026313" lon="138.639314"><ele>234.2</ele><time>2026-07-31T21:20:57Z</time></trkpt>
<trkpt lat="37.026554" lon="138.638919"><ele>236.6</ele><time>2026-07-31T21:21:08Z</time></trkpt>
<trkpt lat="37.026614" lon="138.638616"><ele>238.2</ele><time>2026-07-31T21:21:16Z</time></trkpt>
<trkpt lat="37.026613" lon="138.637903"><ele>241.8</ele><time>2026-07-31T21:21:35Z</time></trkpt>
<trkpt lat="37.026495" lon="138.637280"><ele>244.6</ele><time>2026-07-31T21:21:53Z</time></trkpt>
<trkpt lat="37.026129" lon="138.636799"><ele>248.2</ele><time>2026-07-31T21:22:10Z</time></trkpt>
<trkpt lat="37.026153" lon="138.635758"><ele>254.8</ele><time>2026-07-31T21:22:40Z</time></trkpt>
<trkpt lat="37.026919" lon="138.634613"><ele>263.4</ele><time>2026-07-31T21:23:23Z</time></trkpt>
<trkpt lat="37.027240" lon="138.634265"><ele>267.0</ele><time>2026-07-31T21:23:40Z</time></trkpt>
<trkpt lat="37.027404" lon="138.633830"><ele>269.8</ele><time>2026-07-31T21:23:53Z</time></trkpt>
<trkpt lat="37.027894" lon="138.633823"><ele>272.6</ele><time>2026-07-31T21:24:10Z</time></trkpt>
<trkpt lat="37.028187" lon="138.633543"><ele>275.8</ele><time>2026-07-31T21:24:24Z</time></trkpt>
<trkpt lat="37.028383" lon="138.633217"><ele>278.0</ele><time>2026-07-31T21:24:36Z</time></trkpt>
<trkpt lat="37.028744" lon="138.632900"><ele>281.8</ele><time>2026-07-31T21:24:53Z</time></trkpt>
<trkpt lat="37.028895" lon="138.632515"><ele>284.8</ele><time>2026-07-31T21:25:06Z</time></trkpt>
<trkpt lat="37.028861" lon="138.631819"><ele>289.6</ele><time>2026-07-31T21:25:28Z</time></trkpt>
<trkpt lat="37.029245" lon="138.630327"><ele>301.4</ele><time>2026-07-31T21:26:19Z</time></trkpt>
<trkpt lat="37.029304" lon="138.630306"><ele>302.4</ele><time>2026-07-31T21:26:23Z</time></trkpt>
<trkpt lat="37.029317" lon="138.630406"><ele>303.6</ele><time>2026-07-31T21:26:28Z</time></trkpt>
<trkpt lat="37.029149" lon="138.631032"><ele>307.6</ele><time>2026-07-31T21:26:50Z</time></trkpt>
<trkpt lat="37.029104" lon="138.631581"><ele>311.8</ele><time>2026-07-31T21:27:08Z</time></trkpt>
<trkpt lat="37.029314" lon="138.631977"><ele>314.8</ele><time>2026-07-31T21:27:27Z</time></trkpt>
<trkpt lat="37.029310" lon="138.632184"><ele>316.6</ele><time>2026-07-31T21:27:34Z</time></trkpt>
<trkpt lat="37.029415" lon="138.632246"><ele>318.4</ele><time>2026-07-31T21:27:41Z</time></trkpt>
<trkpt lat="37.029467" lon="138.632115"><ele>320.6</ele><time>2026-07-31T21:27:50Z</time></trkpt>
<trkpt lat="37.029258" lon="138.631663"><ele>324.8</ele><time>2026-07-31T21:28:10Z</time></trkpt>
<trkpt lat="37.029325" lon="138.631553"><ele>326.4</ele><time>2026-07-31T21:28:16Z</time></trkpt>
<trkpt lat="37.029559" lon="138.631921"><ele>330.0</ele><time>2026-07-31T21:28:35Z</time></trkpt>
<trkpt lat="37.029546" lon="138.632504"><ele>333.4</ele><time>2026-07-31T21:28:51Z</time></trkpt>
<trkpt lat="37.029640" lon="138.632560"><ele>333.8</ele><time>2026-07-31T21:28:55Z</time></trkpt>
<trkpt lat="37.029703" lon="138.632105"><ele>337.2</ele><time>2026-07-31T21:29:10Z</time></trkpt>
<trkpt lat="37.029463" lon="138.631458"><ele>341.0</ele><time>2026-07-31T21:29:32Z</time></trkpt>
<trkpt lat="37.029486" lon="138.631351"><ele>342.0</ele><time>2026-07-31T21:29:36Z</time></trkpt>
<trkpt lat="37.029542" lon="138.631352"><ele>342.4</ele><time>2026-07-31T21:29:39Z</time></trkpt>
<trkpt lat="37.030042" lon="138.632408"><ele>349.4</ele><time>2026-07-31T21:30:19Z</time></trkpt>
<trkpt lat="37.030110" lon="138.632784"><ele>350.6</ele><time>2026-07-31T21:30:28Z</time></trkpt>
<trkpt lat="37.030186" lon="138.632790"><ele>351.2</ele><time>2026-07-31T21:30:32Z</time></trkpt>
<trkpt lat="37.030210" lon="138.632620"><ele>352.4</ele><time>2026-07-31T21:30:37Z</time></trkpt>
<trkpt lat="37.029679" lon="138.631113"><ele>361.8</ele><time>2026-07-31T21:31:30Z</time></trkpt>
<trkpt lat="37.029971" lon="138.630267"><ele>368.4</ele><time>2026-07-31T21:32:02Z</time></trkpt>
<trkpt lat="37.030284" lon="138.629970"><ele>371.8</ele><time>2026-07-31T21:32:16Z</time></trkpt>
<trkpt lat="37.030738" lon="138.629921"><ele>375.0</ele><time>2026-07-31T21:32:33Z</time></trkpt>
<trkpt lat="37.031695" lon="138.629048"><ele>384.2</ele><time>2026-07-31T21:33:26Z</time></trkpt>
<trkpt lat="37.032260" lon="138.628843"><ele>388.8</ele><time>2026-07-31T21:33:50Z</time></trkpt>
<trkpt lat="37.032581" lon="138.628523"><ele>391.4</ele><time>2026-07-31T21:34:05Z</time></trkpt>
<trkpt lat="37.032965" lon="138.628379"><ele>394.6</ele><time>2026-07-31T21:34:21Z</time></trkpt>
<trkpt lat="37.033102" lon="138.628200"><ele>396.0</ele><time>2026-07-31T21:34:29Z</time></trkpt>
<trkpt lat="37.033241" lon="138.627735"><ele>399.6</ele><time>2026-07-31T21:34:45Z</time></trkpt>
<trkpt lat="37.033594" lon="138.627786"><ele>403.2</ele><time>2026-07-31T21:35:01Z</time></trkpt>
<trkpt lat="37.034065" lon="138.627467"><ele>407.2</ele><time>2026-07-31T21:35:22Z</time></trkpt>
<trkpt lat="37.034477" lon="138.627405"><ele>410.8</ele><time>2026-07-31T21:35:40Z</time></trkpt>
<trkpt lat="37.034534" lon="138.627262"><ele>411.8</ele><time>2026-07-31T21:35:45Z</time></trkpt>
<trkpt lat="37.034506" lon="138.626853"><ele>414.0</ele><time>2026-07-31T21:35:59Z</time></trkpt>
<trkpt lat="37.034685" lon="138.626637"><ele>416.4</ele><time>2026-07-31T21:36:10Z</time></trkpt>
<trkpt lat="37.034883" lon="138.626610"><ele>418.8</ele><time>2026-07-31T21:36:19Z</time></trkpt>
<trkpt lat="37.035093" lon="138.626826"><ele>421.4</ele><time>2026-07-31T21:36:31Z</time></trkpt>
<trkpt lat="37.035215" lon="138.626828"><ele>422.4</ele><time>2026-07-31T21:36:36Z</time></trkpt>
<trkpt lat="37.035258" lon="138.626714"><ele>423.0</ele><time>2026-07-31T21:36:40Z</time></trkpt>
<trkpt lat="37.035214" lon="138.626302"><ele>425.2</ele><time>2026-07-31T21:36:54Z</time></trkpt>
<trkpt lat="37.035356" lon="138.626040"><ele>428.4</ele><time>2026-07-31T21:37:07Z</time></trkpt>
<trkpt lat="37.035814" lon="138.625992"><ele>432.0</ele><time>2026-07-31T21:37:25Z</time></trkpt>
<trkpt lat="37.036072" lon="138.625778"><ele>434.2</ele><time>2026-07-31T21:37:36Z</time></trkpt>
<trkpt lat="37.036196" lon="138.625857"><ele>435.2</ele><time>2026-07-31T21:37:41Z</time></trkpt>
<trkpt lat="37.036435" lon="138.625627"><ele>437.8</ele><time>2026-07-31T21:37:55Z</time></trkpt>
<trkpt lat="37.036716" lon="138.625773"><ele>440.6</ele><time>2026-07-31T21:38:08Z</time></trkpt>
<trkpt lat="37.037059" lon="138.625598"><ele>443.4</ele><time>2026-07-31T21:38:22Z</time></trkpt>
<trkpt lat="37.037123" lon="138.625665"><ele>443.8</ele><time>2026-07-31T21:38:25Z</time></trkpt>
<trkpt lat="37.037143" lon="138.625544"><ele>444.0</ele><time>2026-07-31T21:38:30Z</time></trkpt>
<trkpt lat="37.036962" lon="138.625317"><ele>446.0</ele><time>2026-07-31T21:38:43Z</time></trkpt>
<trkpt lat="37.036892" lon="138.625112"><ele>447.8</ele><time>2026-07-31T21:38:51Z</time></trkpt>
<trkpt lat="37.036537" lon="138.624847"><ele>450.2</ele><time>2026-07-31T21:39:07Z</time></trkpt>
<trkpt lat="37.036204" lon="138.624840"><ele>452.4</ele><time>2026-07-31T21:39:20Z</time></trkpt>
<trkpt lat="37.036112" lon="138.624617"><ele>454.0</ele><time>2026-07-31T21:39:29Z</time></trkpt>
<trkpt lat="37.036244" lon="138.624392"><ele>455.6</ele><time>2026-07-31T21:39:38Z</time></trkpt>
<trkpt lat="37.036416" lon="138.624306"><ele>456.8</ele><time>2026-07-31T21:39:45Z</time></trkpt>
<trkpt lat="37.036861" lon="138.623825"><ele>461.8</ele><time>2026-07-31T21:40:10Z</time></trkpt>
<trkpt lat="37.037187" lon="138.623616"><ele>463.8</ele><time>2026-07-31T21:40:24Z</time></trkpt>
<trkpt lat="37.037133" lon="138.623093"><ele>467.0</ele><time>2026-07-31T21:40:42Z</time></trkpt>
<trkpt lat="37.037008" lon="138.622906"><ele>469.2</ele><time>2026-07-31T21:40:53Z</time></trkpt>
<trkpt lat="37.037251" lon="138.622348"><ele>473.8</ele><time>2026-07-31T21:41:15Z</time></trkpt>
<trkpt lat="37.037277" lon="138.622154"><ele>474.8</ele><time>2026-07-31T21:41:21Z</time></trkpt>
<trkpt lat="37.037043" lon="138.621541"><ele>478.6</ele><time>2026-07-31T21:41:42Z</time></trkpt>
<trkpt lat="37.037019" lon="138.621087"><ele>481.0</ele><time>2026-07-31T21:41:55Z</time></trkpt>
<trkpt lat="37.037099" lon="138.620738"><ele>482.6</ele><time>2026-07-31T21:42:07Z</time></trkpt>
<trkpt lat="37.036949" lon="138.620410"><ele>484.8</ele><time>2026-07-31T21:42:21Z</time></trkpt>
<trkpt lat="37.036916" lon="138.619905"><ele>487.4</ele><time>2026-07-31T21:42:36Z</time></trkpt>
<trkpt lat="37.037067" lon="138.619633"><ele>489.6</ele><time>2026-07-31T21:42:46Z</time></trkpt>
<trkpt lat="37.037527" lon="138.619294"><ele>494.0</ele><time>2026-07-31T21:43:08Z</time></trkpt>
<trkpt lat="37.037632" lon="138.618833"><ele>495.8</ele><time>2026-07-31T21:43:23Z</time></trkpt>
<trkpt lat="37.037402" lon="138.618418"><ele>499.6</ele><time>2026-07-31T21:43:43Z</time></trkpt>
<trkpt lat="37.037402" lon="138.618295"><ele>501.0</ele><time>2026-07-31T21:43:49Z</time></trkpt>
<trkpt lat="37.037803" lon="138.617692"><ele>507.6</ele><time>2026-07-31T21:44:22Z</time></trkpt>
<trkpt lat="37.038080" lon="138.617399"><ele>511.0</ele><time>2026-07-31T21:44:36Z</time></trkpt>
<trkpt lat="37.038405" lon="138.617184"><ele>514.8</ele><time>2026-07-31T21:44:55Z</time></trkpt>
<trkpt lat="37.038596" lon="138.616448"><ele>519.2</ele><time>2026-07-31T21:45:19Z</time></trkpt>
<trkpt lat="37.038350" lon="138.615484"><ele>526.0</ele><time>2026-07-31T21:45:55Z</time></trkpt>
<trkpt lat="37.037741" lon="138.614401"><ele>533.8</ele><time>2026-07-31T21:46:39Z</time></trkpt>
<trkpt lat="37.037467" lon="138.614140"><ele>536.8</ele><time>2026-07-31T21:46:54Z</time></trkpt>
<trkpt lat="37.037359" lon="138.613941"><ele>538.0</ele><time>2026-07-31T21:47:01Z</time></trkpt>
<trkpt lat="37.037338" lon="138.612948"><ele>545.6</ele><time>2026-07-31T21:47:38Z</time></trkpt>
<trkpt lat="37.037136" lon="138.612032"><ele>550.2</ele><time>2026-07-31T21:48:08Z</time></trkpt>
<trkpt lat="37.037162" lon="138.611865"><ele>551.2</ele><time>2026-07-31T21:48:14Z</time></trkpt>
<trkpt lat="37.037289" lon="138.611888"><ele>552.6</ele><time>2026-07-31T21:48:21Z</time></trkpt>
<trkpt lat="37.038063" lon="138.612789"><ele>563.0</ele><time>2026-07-31T21:49:06Z</time></trkpt>
<trkpt lat="37.038908" lon="138.613150"><ele>571.6</ele><time>2026-07-31T21:49:46Z</time></trkpt>
<trkpt lat="37.039388" lon="138.612727"><ele>575.6</ele><time>2026-07-31T21:50:10Z</time></trkpt>
<trkpt lat="37.039628" lon="138.612184"><ele>573.6</ele><time>2026-07-31T21:50:18Z</time></trkpt>
<trkpt lat="37.039729" lon="138.612164"><ele>572.6</ele><time>2026-07-31T21:50:20Z</time></trkpt>
<trkpt lat="37.040182" lon="138.612401"><ele>570.2</ele><time>2026-07-31T21:50:27Z</time></trkpt>
<trkpt lat="37.040398" lon="138.612343"><ele>569.0</ele><time>2026-07-31T21:50:30Z</time></trkpt>
<trkpt lat="37.040455" lon="138.612175"><ele>568.4</ele><time>2026-07-31T21:50:32Z</time></trkpt>
<trkpt lat="37.040446" lon="138.611880"><ele>567.0</ele><time>2026-07-31T21:50:35Z</time></trkpt>
<trkpt lat="37.040280" lon="138.611267"><ele>564.0</ele><time>2026-07-31T21:50:42Z</time></trkpt>
<trkpt lat="37.040397" lon="138.610983"><ele>563.2</ele><time>2026-07-31T21:50:46Z</time></trkpt>
<trkpt lat="37.040564" lon="138.610865"><ele>561.8</ele><time>2026-07-31T21:50:49Z</time></trkpt>
<trkpt lat="37.040837" lon="138.610922"><ele>560.6</ele><time>2026-07-31T21:50:53Z</time></trkpt>
<trkpt lat="37.041182" lon="138.610824"><ele>558.6</ele><time>2026-07-31T21:50:58Z</time></trkpt>
<trkpt lat="37.041276" lon="138.610915"><ele>557.4</ele><time>2026-07-31T21:51:00Z</time></trkpt>
<trkpt lat="37.041414" lon="138.611437"><ele>554.6</ele><time>2026-07-31T21:51:06Z</time></trkpt>
<trkpt lat="37.041733" lon="138.611952"><ele>552.0</ele><time>2026-07-31T21:51:12Z</time></trkpt>
<trkpt lat="37.042308" lon="138.612370"><ele>548.2</ele><time>2026-07-31T21:51:19Z</time></trkpt>
<trkpt lat="37.042546" lon="138.612416"><ele>546.4</ele><time>2026-07-31T21:51:22Z</time></trkpt>
<trkpt lat="37.042643" lon="138.612298"><ele>545.4</ele><time>2026-07-31T21:51:24Z</time></trkpt>
<trkpt lat="37.042603" lon="138.611803"><ele>543.2</ele><time>2026-07-31T21:51:29Z</time></trkpt>
<trkpt lat="37.042682" lon="138.611020"><ele>539.0</ele><time>2026-07-31T21:51:37Z</time></trkpt>
<trkpt lat="37.042935" lon="138.610622"><ele>536.6</ele><time>2026-07-31T21:51:42Z</time></trkpt>
<trkpt lat="37.043111" lon="138.610525"><ele>535.6</ele><time>2026-07-31T21:51:45Z</time></trkpt>
<trkpt lat="37.043234" lon="138.610704"><ele>534.8</ele><time>2026-07-31T21:51:48Z</time></trkpt>
<trkpt lat="37.043214" lon="138.611089"><ele>533.8</ele><time>2026-07-31T21:51:53Z</time></trkpt>
<trkpt lat="37.043357" lon="138.611546"><ele>533.2</ele><time>2026-07-31T21:51:59Z</time></trkpt>
<trkpt lat="37.043467" lon="138.611729"><ele>533.0</ele><time>2026-07-31T21:52:02Z</time></trkpt>
<trkpt lat="37.043640" lon="138.611846"><ele>532.8</ele><time>2026-07-31T21:52:05Z</time></trkpt>
<trkpt lat="37.043757" lon="138.611791"><ele>532.6</ele><time>2026-07-31T21:52:07Z</time></trkpt>
<trkpt lat="37.043928" lon="138.611413"><ele>531.6</ele><time>2026-07-31T21:52:12Z</time></trkpt>
<trkpt lat="37.044131" lon="138.611182"><ele>531.2</ele><time>2026-07-31T21:52:16Z</time></trkpt>
<trkpt lat="37.044448" lon="138.610948"><ele>530.6</ele><time>2026-07-31T21:52:22Z</time></trkpt>
<trkpt lat="37.044544" lon="138.610995"><ele>530.4</ele><time>2026-07-31T21:52:24Z</time></trkpt>
<trkpt lat="37.044605" lon="138.611121"><ele>530.4</ele><time>2026-07-31T21:52:26Z</time></trkpt>
<trkpt lat="37.044594" lon="138.611545"><ele>530.2</ele><time>2026-07-31T21:52:32Z</time></trkpt>
<trkpt lat="37.044657" lon="138.611662"><ele>530.0</ele><time>2026-07-31T21:52:34Z</time></trkpt>
<trkpt lat="37.044759" lon="138.611722"><ele>530.0</ele><time>2026-07-31T21:52:36Z</time></trkpt>
<trkpt lat="37.045049" lon="138.611681"><ele>529.8</ele><time>2026-07-31T21:52:41Z</time></trkpt>
<trkpt lat="37.045239" lon="138.611836"><ele>529.4</ele><time>2026-07-31T21:52:45Z</time></trkpt>
<trkpt lat="37.045043" lon="138.612457"><ele>528.6</ele><time>2026-07-31T21:52:54Z</time></trkpt>
<trkpt lat="37.045048" lon="138.612616"><ele>528.4</ele><time>2026-07-31T21:52:56Z</time></trkpt>
<trkpt lat="37.045142" lon="138.612741"><ele>527.8</ele><time>2026-07-31T21:52:58Z</time></trkpt>
<trkpt lat="37.045860" lon="138.612586"><ele>525.4</ele><time>2026-07-31T21:53:09Z</time></trkpt>
<trkpt lat="37.046170" lon="138.612723"><ele>525.0</ele><time>2026-07-31T21:53:14Z</time></trkpt>
<trkpt lat="37.046466" lon="138.613099"><ele>524.8</ele><time>2026-07-31T21:53:21Z</time></trkpt>
<trkpt lat="37.046868" lon="138.613257"><ele>524.6</ele><time>2026-07-31T21:53:28Z</time></trkpt>
<trkpt lat="37.047171" lon="138.613274"><ele>524.0</ele><time>2026-07-31T21:53:33Z</time></trkpt>
<trkpt lat="37.048031" lon="138.612557"><ele>522.8</ele><time>2026-07-31T21:53:50Z</time></trkpt>
<trkpt lat="37.048259" lon="138.612493"><ele>522.6</ele><time>2026-07-31T21:53:54Z</time></trkpt>
<trkpt lat="37.048389" lon="138.612646"><ele>522.4</ele><time>2026-07-31T21:53:57Z</time></trkpt>
<trkpt lat="37.048533" lon="138.613278"><ele>521.6</ele><time>2026-07-31T21:54:06Z</time></trkpt>
<trkpt lat="37.048877" lon="138.614005"><ele>520.6</ele><time>2026-07-31T21:54:17Z</time></trkpt>
<trkpt lat="37.049043" lon="138.614084"><ele>520.2</ele><time>2026-07-31T21:54:20Z</time></trkpt>
<trkpt lat="37.049335" lon="138.613954"><ele>520.0</ele><time>2026-07-31T21:54:25Z</time></trkpt>
<trkpt lat="37.049520" lon="138.614014"><ele>519.8</ele><time>2026-07-31T21:54:28Z</time></trkpt>
<trkpt lat="37.049767" lon="138.614588"><ele>518.8</ele><time>2026-07-31T21:54:36Z</time></trkpt>
<trkpt lat="37.050219" lon="138.615035"><ele>518.6</ele><time>2026-07-31T21:54:45Z</time></trkpt>
<trkpt lat="37.050439" lon="138.615088"><ele>518.8</ele><time>2026-07-31T21:54:49Z</time></trkpt>
<trkpt lat="37.050888" lon="138.615035"><ele>520.4</ele><time>2026-07-31T21:54:58Z</time></trkpt>
<trkpt lat="37.051118" lon="138.614917"><ele>521.2</ele><time>2026-07-31T21:55:03Z</time></trkpt>
<trkpt lat="37.051429" lon="138.614491"><ele>522.2</ele><time>2026-07-31T21:55:12Z</time></trkpt>
<trkpt lat="37.051603" lon="138.613690"><ele>521.2</ele><time>2026-07-31T21:55:23Z</time></trkpt>
<trkpt lat="37.051930" lon="138.613206"><ele>520.8</ele><time>2026-07-31T21:55:32Z</time></trkpt>
<trkpt lat="37.052080" lon="138.613065"><ele>521.0</ele><time>2026-07-31T21:55:36Z</time></trkpt>
<trkpt lat="37.052639" lon="138.612840"><ele>524.6</ele><time>2026-07-31T21:55:53Z</time></trkpt>
<trkpt lat="37.052901" lon="138.611515"><ele>526.0</ele><time>2026-07-31T21:56:15Z</time></trkpt>
<trkpt lat="37.053583" lon="138.611711"><ele>524.2</ele><time>2026-07-31T21:56:26Z</time></trkpt>
<trkpt lat="37.054075" lon="138.611756"><ele>522.4</ele><time>2026-07-31T21:56:32Z</time></trkpt>
<trkpt lat="37.054409" lon="138.611595"><ele>520.6</ele><time>2026-07-31T21:56:36Z</time></trkpt>
<trkpt lat="37.054766" lon="138.611161"><ele>517.4</ele><time>2026-07-31T21:56:42Z</time></trkpt>
<trkpt lat="37.055078" lon="138.610951"><ele>515.8</ele><time>2026-07-31T21:56:46Z</time></trkpt>
<trkpt lat="37.055528" lon="138.610904"><ele>512.4</ele><time>2026-07-31T21:56:51Z</time></trkpt>
<trkpt lat="37.056041" lon="138.611056"><ele>507.8</ele><time>2026-07-31T21:56:58Z</time></trkpt>
<trkpt lat="37.056483" lon="138.610934"><ele>504.0</ele><time>2026-07-31T21:57:03Z</time></trkpt>
<trkpt lat="37.056984" lon="138.610623"><ele>500.2</ele><time>2026-07-31T21:57:09Z</time></trkpt>
<trkpt lat="37.057080" lon="138.610313"><ele>497.4</ele><time>2026-07-31T21:57:12Z</time></trkpt>
<trkpt lat="37.056843" lon="138.609596"><ele>492.0</ele><time>2026-07-31T21:57:19Z</time></trkpt>
<trkpt lat="37.056845" lon="138.609306"><ele>490.0</ele><time>2026-07-31T21:57:22Z</time></trkpt>
<trkpt lat="37.056955" lon="138.609141"><ele>489.4</ele><time>2026-07-31T21:57:24Z</time></trkpt>
<trkpt lat="37.057165" lon="138.609029"><ele>487.8</ele><time>2026-07-31T21:57:27Z</time></trkpt>
<trkpt lat="37.057730" lon="138.609535"><ele>482.0</ele><time>2026-07-31T21:57:35Z</time></trkpt>
<trkpt lat="37.058010" lon="138.609520"><ele>479.6</ele><time>2026-07-31T21:57:38Z</time></trkpt>
<trkpt lat="37.058152" lon="138.609415"><ele>478.2</ele><time>2026-07-31T21:57:40Z</time></trkpt>
<trkpt lat="37.058539" lon="138.607576"><ele>466.8</ele><time>2026-07-31T21:57:57Z</time></trkpt>
<trkpt lat="37.058688" lon="138.607274"><ele>464.6</ele><time>2026-07-31T21:58:01Z</time></trkpt>
<trkpt lat="37.058800" lon="138.607259"><ele>463.8</ele><time>2026-07-31T21:58:03Z</time></trkpt>
<trkpt lat="37.058928" lon="138.607361"><ele>463.2</ele><time>2026-07-31T21:58:05Z</time></trkpt>
<trkpt lat="37.059422" lon="138.608086"><ele>458.2</ele><time>2026-07-31T21:58:13Z</time></trkpt>
<trkpt lat="37.060019" lon="138.608590"><ele>454.0</ele><time>2026-07-31T21:58:21Z</time></trkpt>
<trkpt lat="37.060185" lon="138.608581"><ele>453.4</ele><time>2026-07-31T21:58:23Z</time></trkpt>
<trkpt lat="37.060574" lon="138.608281"><ele>450.4</ele><time>2026-07-31T21:58:28Z</time></trkpt>
<trkpt lat="37.061037" lon="138.608245"><ele>446.0</ele><time>2026-07-31T21:58:33Z</time></trkpt>
<trkpt lat="37.061301" lon="138.607980"><ele>443.0</ele><time>2026-07-31T21:58:37Z</time></trkpt>
<trkpt lat="37.061321" lon="138.607791"><ele>441.4</ele><time>2026-07-31T21:58:39Z</time></trkpt>
<trkpt lat="37.061157" lon="138.607571"><ele>439.4</ele><time>2026-07-31T21:58:42Z</time></trkpt>
<trkpt lat="37.060819" lon="138.607385"><ele>436.4</ele><time>2026-07-31T21:58:46Z</time></trkpt>
<trkpt lat="37.060399" lon="138.607273"><ele>434.2</ele><time>2026-07-31T21:58:51Z</time></trkpt>
<trkpt lat="37.060202" lon="138.607063"><ele>432.8</ele><time>2026-07-31T21:58:54Z</time></trkpt>
<trkpt lat="37.060111" lon="138.606858"><ele>431.8</ele><time>2026-07-31T21:58:56Z</time></trkpt>
<trkpt lat="37.059937" lon="138.605799"><ele>425.8</ele><time>2026-07-31T21:59:06Z</time></trkpt>
<trkpt lat="37.059488" lon="138.605339"><ele>420.8</ele><time>2026-07-31T21:59:12Z</time></trkpt>
<trkpt lat="37.059265" lon="138.604837"><ele>417.4</ele><time>2026-07-31T21:59:17Z</time></trkpt>
<trkpt lat="37.059135" lon="138.604689"><ele>416.0</ele><time>2026-07-31T21:59:19Z</time></trkpt>
<trkpt lat="37.058635" lon="138.604402"><ele>410.8</ele><time>2026-07-31T21:59:25Z</time></trkpt>
<trkpt lat="37.058299" lon="138.603963"><ele>407.2</ele><time>2026-07-31T21:59:30Z</time></trkpt>
<trkpt lat="37.058031" lon="138.603785"><ele>404.8</ele><time>2026-07-31T21:59:33Z</time></trkpt>
<trkpt lat="37.057742" lon="138.603828"><ele>402.6</ele><time>2026-07-31T21:59:36Z</time></trkpt>
<trkpt lat="37.057254" lon="138.604270"><ele>398.8</ele><time>2026-07-31T21:59:42Z</time></trkpt>
<trkpt lat="37.057075" lon="138.604260"><ele>397.2</ele><time>2026-07-31T21:59:44Z</time></trkpt>
<trkpt lat="37.056947" lon="138.604096"><ele>396.0</ele><time>2026-07-31T21:59:46Z</time></trkpt>
<trkpt lat="37.056921" lon="138.603727"><ele>394.0</ele><time>2026-07-31T21:59:49Z</time></trkpt>
<trkpt lat="37.057153" lon="138.602465"><ele>387.4</ele><time>2026-07-31T21:59:59Z</time></trkpt>
<trkpt lat="37.057367" lon="138.602228"><ele>385.6</ele><time>2026-07-31T22:00:02Z</time></trkpt>
<trkpt lat="37.058029" lon="138.602008"><ele>380.6</ele><time>2026-07-31T22:00:09Z</time></trkpt>
<trkpt lat="37.058224" lon="138.601765"><ele>378.2</ele><time>2026-07-31T22:00:12Z</time></trkpt>
<trkpt lat="37.058235" lon="138.601426"><ele>376.2</ele><time>2026-07-31T22:00:15Z</time></trkpt>
<trkpt lat="37.058117" lon="138.600841"><ele>372.6</ele><time>2026-07-31T22:00:22Z</time></trkpt>
<trkpt lat="37.058003" lon="138.600752"><ele>372.2</ele><time>2026-07-31T22:00:25Z</time></trkpt>
<trkpt lat="37.057585" lon="138.600781"><ele>372.6</ele><time>2026-07-31T22:00:34Z</time></trkpt>
<trkpt lat="37.057285" lon="138.600670"><ele>373.4</ele><time>2026-07-31T22:00:41Z</time></trkpt>
<trkpt lat="37.055569" lon="138.599220"><ele>381.8</ele><time>2026-07-31T22:01:34Z</time></trkpt>
<trkpt lat="37.054142" lon="138.597212"><ele>390.2</ele><time>2026-07-31T22:02:34Z</time></trkpt>
<trkpt lat="37.052481" lon="138.595803"><ele>398.6</ele><time>2026-07-31T22:03:29Z</time></trkpt>
<trkpt lat="37.052253" lon="138.595454"><ele>400.8</ele><time>2026-07-31T22:03:40Z</time></trkpt>
<trkpt lat="37.052082" lon="138.594979"><ele>402.8</ele><time>2026-07-31T22:03:52Z</time></trkpt>
<trkpt lat="37.052030" lon="138.594549"><ele>404.2</ele><time>2026-07-31T22:04:02Z</time></trkpt>
<trkpt lat="37.052060" lon="138.593031"><ele>413.6</ele><time>2026-07-31T22:04:47Z</time></trkpt>
<trkpt lat="37.052324" lon="138.591887"><ele>419.8</ele><time>2026-07-31T22:05:23Z</time></trkpt>
<trkpt lat="37.052304" lon="138.591509"><ele>421.8</ele><time>2026-07-31T22:05:34Z</time></trkpt>
<trkpt lat="37.052099" lon="138.590682"><ele>426.0</ele><time>2026-07-31T22:05:59Z</time></trkpt>
<trkpt lat="37.052148" lon="138.589611"><ele>432.4</ele><time>2026-07-31T22:06:30Z</time></trkpt>
<trkpt lat="37.051898" lon="138.588765"><ele>437.2</ele><time>2026-07-31T22:06:56Z</time></trkpt>
<trkpt lat="37.051887" lon="138.588174"><ele>439.6</ele><time>2026-07-31T22:07:11Z</time></trkpt>
<trkpt lat="37.051658" lon="138.587244"><ele>443.2</ele><time>2026-07-31T22:07:35Z</time></trkpt>
<trkpt lat="37.051376" lon="138.586659"><ele>446.2</ele><time>2026-07-31T22:07:54Z</time></trkpt>
<trkpt lat="37.050745" lon="138.585995"><ele>452.8</ele><time>2026-07-31T22:08:23Z</time></trkpt>
<trkpt lat="37.050792" lon="138.585732"><ele>454.4</ele><time>2026-07-31T22:08:31Z</time></trkpt>
<trkpt lat="37.051054" lon="138.585670"><ele>455.0</ele><time>2026-07-31T22:08:40Z</time></trkpt>
<trkpt lat="37.051915" lon="138.586232"><ele>462.6</ele><time>2026-07-31T22:09:21Z</time></trkpt>
<trkpt lat="37.051915" lon="138.586322"><ele>463.0</ele><time>2026-07-31T22:11:26Z</time></trkpt>
<trkpt lat="37.053294" lon="138.587686"><ele>476.2</ele><time>2026-07-31T22:12:40Z</time></trkpt>
<trkpt lat="37.053603" lon="138.587780"><ele>479.0</ele><time>2026-07-31T22:12:53Z</time></trkpt>
<trkpt lat="37.054184" lon="138.587643"><ele>483.8</ele><time>2026-07-31T22:13:15Z</time></trkpt>
<trkpt lat="37.054446" lon="138.587710"><ele>485.2</ele><time>2026-07-31T22:13:25Z</time></trkpt>
<trkpt lat="37.054602" lon="138.587857"><ele>486.8</ele><time>2026-07-31T22:13:32Z</time></trkpt>
<trkpt lat="37.054882" lon="138.588369"><ele>488.4</ele><time>2026-07-31T22:13:48Z</time></trkpt>
<trkpt lat="37.055278" lon="138.589599"><ele>493.4</ele><time>2026-07-31T22:14:23Z</time></trkpt>
<trkpt lat="37.055494" lon="138.589675"><ele>494.8</ele><time>2026-07-31T22:14:31Z</time></trkpt>
<trkpt lat="37.055669" lon="138.589433"><ele>496.6</ele><time>2026-07-31T22:14:40Z</time></trkpt>
<trkpt lat="37.055605" lon="138.589151"><ele>498.0</ele><time>2026-07-31T22:14:48Z</time></trkpt>
<trkpt lat="37.054756" lon="138.587438"><ele>505.0</ele><time>2026-07-31T22:15:38Z</time></trkpt>
<trkpt lat="37.054720" lon="138.587156"><ele>504.6</ele><time>2026-07-31T22:15:43Z</time></trkpt>
<trkpt lat="37.054778" lon="138.586371"><ele>507.8</ele><time>2026-07-31T22:16:02Z</time></trkpt>
<trkpt lat="37.054631" lon="138.586246"><ele>509.0</ele><time>2026-07-31T22:16:09Z</time></trkpt>
<trkpt lat="37.054279" lon="138.586437"><ele>513.8</ele><time>2026-07-31T22:16:25Z</time></trkpt>
<trkpt lat="37.054057" lon="138.586189"><ele>516.6</ele><time>2026-07-31T22:16:39Z</time></trkpt>
<trkpt lat="37.054236" lon="138.585669"><ele>520.2</ele><time>2026-07-31T22:16:59Z</time></trkpt>
<trkpt lat="37.053832" lon="138.585076"><ele>526.2</ele><time>2026-07-31T22:17:28Z</time></trkpt>
<trkpt lat="37.053789" lon="138.584353"><ele>530.8</ele><time>2026-07-31T22:17:52Z</time></trkpt>
<trkpt lat="37.053592" lon="138.583818"><ele>535.2</ele><time>2026-07-31T22:18:14Z</time></trkpt>
<trkpt lat="37.053710" lon="138.582828"><ele>539.6</ele><time>2026-07-31T22:18:45Z</time></trkpt>
<trkpt lat="37.053859" lon="138.582465"><ele>542.0</ele><time>2026-07-31T22:18:58Z</time></trkpt>
<trkpt lat="37.053840" lon="138.582175"><ele>544.0</ele><time>2026-07-31T22:19:07Z</time></trkpt>
<trkpt lat="37.053632" lon="138.581849"><ele>546.6</ele><time>2026-07-31T22:19:20Z</time></trkpt>
<trkpt lat="37.053237" lon="138.581859"><ele>550.0</ele><time>2026-07-31T22:19:38Z</time></trkpt>
<trkpt lat="37.053139" lon="138.581755"><ele>551.0</ele><time>2026-07-31T22:19:44Z</time></trkpt>
<trkpt lat="37.053225" lon="138.581062"><ele>555.8</ele><time>2026-07-31T22:20:11Z</time></trkpt>
<trkpt lat="37.053182" lon="138.580738"><ele>559.0</ele><time>2026-07-31T22:20:24Z</time></trkpt>
<trkpt lat="37.052929" lon="138.580171"><ele>563.4</ele><time>2026-07-31T22:20:46Z</time></trkpt>
<trkpt lat="37.052660" lon="138.580080"><ele>565.6</ele><time>2026-07-31T22:20:58Z</time></trkpt>
<trkpt lat="37.052577" lon="138.579971"><ele>566.8</ele><time>2026-07-31T22:21:03Z</time></trkpt>
<trkpt lat="37.052539" lon="138.579560"><ele>569.0</ele><time>2026-07-31T22:21:16Z</time></trkpt>
<trkpt lat="37.052305" lon="138.579116"><ele>572.6</ele><time>2026-07-31T22:21:31Z</time></trkpt>
<trkpt lat="37.052194" lon="138.578451"><ele>576.2</ele><time>2026-07-31T22:21:51Z</time></trkpt>
<trkpt lat="37.052233" lon="138.578185"><ele>577.8</ele><time>2026-07-31T22:22:00Z</time></trkpt>
<trkpt lat="37.052330" lon="138.578076"><ele>579.6</ele><time>2026-07-31T22:22:06Z</time></trkpt>
<trkpt lat="37.052446" lon="138.578084"><ele>580.8</ele><time>2026-07-31T22:22:11Z</time></trkpt>
<trkpt lat="37.052828" lon="138.578561"><ele>584.8</ele><time>2026-07-31T22:22:34Z</time></trkpt>
<trkpt lat="37.052975" lon="138.578970"><ele>587.8</ele><time>2026-07-31T22:22:51Z</time></trkpt>
<trkpt lat="37.053176" lon="138.578921"><ele>590.0</ele><time>2026-07-31T22:23:02Z</time></trkpt>
<trkpt lat="37.053171" lon="138.578714"><ele>592.2</ele><time>2026-07-31T22:23:10Z</time></trkpt>
<trkpt lat="37.052683" lon="138.577210"><ele>604.8</ele><time>2026-07-31T22:24:13Z</time></trkpt>
<trkpt lat="37.052332" lon="138.576478"><ele>610.4</ele><time>2026-07-31T22:24:41Z</time></trkpt>
<trkpt lat="37.052469" lon="138.576043"><ele>613.0</ele><time>2026-07-31T22:24:55Z</time></trkpt>
<trkpt lat="37.052329" lon="138.575429"><ele>616.8</ele><time>2026-07-31T22:25:14Z</time></trkpt>
<trkpt lat="37.053020" lon="138.574464"><ele>625.4</ele><time>2026-07-31T22:26:00Z</time></trkpt>
<trkpt lat="37.052988" lon="138.574211"><ele>626.8</ele><time>2026-07-31T22:26:08Z</time></trkpt>
<trkpt lat="37.052798" lon="138.573913"><ele>629.4</ele><time>2026-07-31T22:26:22Z</time></trkpt>
<trkpt lat="37.052808" lon="138.573707"><ele>630.4</ele><time>2026-07-31T22:26:29Z</time></trkpt>
<trkpt lat="37.052930" lon="138.573571"><ele>632.4</ele><time>2026-07-31T22:26:37Z</time></trkpt>
<trkpt lat="37.053025" lon="138.573588"><ele>633.4</ele><time>2026-07-31T22:26:42Z</time></trkpt>
<trkpt lat="37.053353" lon="138.574100"><ele>639.6</ele><time>2026-07-31T22:27:07Z</time></trkpt>
<trkpt lat="37.053533" lon="138.574151"><ele>642.0</ele><time>2026-07-31T22:27:15Z</time></trkpt>
<trkpt lat="37.053711" lon="138.574017"><ele>643.0</ele><time>2026-07-31T22:27:22Z</time></trkpt>
<trkpt lat="37.053988" lon="138.573610"><ele>644.4</ele><time>2026-07-31T22:27:36Z</time></trkpt>
<trkpt lat="37.054467" lon="138.573274"><ele>643.8</ele><time>2026-07-31T22:27:46Z</time></trkpt>
<trkpt lat="37.054813" lon="138.572540"><ele>641.2</ele><time>2026-07-31T22:27:57Z</time></trkpt>
<trkpt lat="37.055111" lon="138.571589"><ele>645.6</ele><time>2026-07-31T22:28:18Z</time></trkpt>
<trkpt lat="37.055677" lon="138.570855"><ele>650.0</ele><time>2026-07-31T22:29:44Z</time></trkpt>
<trkpt lat="37.055810" lon="138.570411"><ele>649.2</ele><time>2026-07-31T22:29:52Z</time></trkpt>
<trkpt lat="37.055871" lon="138.569836"><ele>646.8</ele><time>2026-07-31T22:29:59Z</time></trkpt>
<trkpt lat="37.055818" lon="138.569579"><ele>645.2</ele><time>2026-07-31T22:30:02Z</time></trkpt>
<trkpt lat="37.055711" lon="138.569482"><ele>644.0</ele><time>2026-07-31T22:30:04Z</time></trkpt>
<trkpt lat="37.055580" lon="138.569494"><ele>642.8</ele><time>2026-07-31T22:30:06Z</time></trkpt>
<trkpt lat="37.055372" lon="138.569800"><ele>639.6</ele><time>2026-07-31T22:30:10Z</time></trkpt>
<trkpt lat="37.055164" lon="138.569890"><ele>636.2</ele><time>2026-07-31T22:30:13Z</time></trkpt>
<trkpt lat="37.054574" lon="138.569724"><ele>631.4</ele><time>2026-07-31T22:30:19Z</time></trkpt>
<trkpt lat="37.054201" lon="138.569426"><ele>626.6</ele><time>2026-07-31T22:30:23Z</time></trkpt>
<trkpt lat="37.053998" lon="138.569063"><ele>624.0</ele><time>2026-07-31T22:30:26Z</time></trkpt>
<trkpt lat="37.053912" lon="138.568691"><ele>620.6</ele><time>2026-07-31T22:30:29Z</time></trkpt>
<trkpt lat="37.054517" lon="138.567739"><ele>610.4</ele><time>2026-07-31T22:30:39Z</time></trkpt>
<trkpt lat="37.054520" lon="138.567462"><ele>608.2</ele><time>2026-07-31T22:30:42Z</time></trkpt>
<trkpt lat="37.054403" lon="138.567336"><ele>606.6</ele><time>2026-07-31T22:30:44Z</time></trkpt>
<trkpt lat="37.053860" lon="138.567183"><ele>602.8</ele><time>2026-07-31T22:30:50Z</time></trkpt>
<trkpt lat="37.053731" lon="138.567076"><ele>601.0</ele><time>2026-07-31T22:30:52Z</time></trkpt>
<trkpt lat="37.053702" lon="138.566891"><ele>599.4</ele><time>2026-07-31T22:30:54Z</time></trkpt>
<trkpt lat="37.053911" lon="138.566450"><ele>596.0</ele><time>2026-07-31T22:30:59Z</time></trkpt>
<trkpt lat="37.053887" lon="138.566262"><ele>592.8</ele><time>2026-07-31T22:31:02Z</time></trkpt>
<trkpt lat="37.053675" lon="138.566227"><ele>590.8</ele><time>2026-07-31T22:31:05Z</time></trkpt>
<trkpt lat="37.053213" lon="138.566387"><ele>587.4</ele><time>2026-07-31T22:31:10Z</time></trkpt>
<trkpt lat="37.053055" lon="138.566324"><ele>585.2</ele><time>2026-07-31T22:31:12Z</time></trkpt>
<trkpt lat="37.052939" lon="138.566129"><ele>583.6</ele><time>2026-07-31T22:31:14Z</time></trkpt>
<trkpt lat="37.052949" lon="138.565799"><ele>581.6</ele><time>2026-07-31T22:31:17Z</time></trkpt>
<trkpt lat="37.053355" lon="138.565230"><ele>575.0</ele><time>2026-07-31T22:31:24Z</time></trkpt>
<trkpt lat="37.053322" lon="138.565018"><ele>572.6</ele><time>2026-07-31T22:31:27Z</time></trkpt>
<trkpt lat="37.052949" lon="138.564883"><ele>570.0</ele><time>2026-07-31T22:31:31Z</time></trkpt>
<trkpt lat="37.052456" lon="138.565125"><ele>566.4</ele><time>2026-07-31T22:31:37Z</time></trkpt>
<trkpt lat="37.052301" lon="138.564983"><ele>564.8</ele><time>2026-07-31T22:31:40Z</time></trkpt>
<trkpt lat="37.052354" lon="138.564707"><ele>564.0</ele><time>2026-07-31T22:31:43Z</time></trkpt>
<trkpt lat="37.053273" lon="138.564117"><ele>558.4</ele><time>2026-07-31T22:31:55Z</time></trkpt>
<trkpt lat="37.053418" lon="138.563934"><ele>556.8</ele><time>2026-07-31T22:31:58Z</time></trkpt>
<trkpt lat="37.053328" lon="138.563763"><ele>555.0</ele><time>2026-07-31T22:32:01Z</time></trkpt>
<trkpt lat="37.052912" lon="138.563867"><ele>553.0</ele><time>2026-07-31T22:32:07Z</time></trkpt>
<trkpt lat="37.052704" lon="138.563755"><ele>550.8</ele><time>2026-07-31T22:32:10Z</time></trkpt>
<trkpt lat="37.052772" lon="138.563510"><ele>549.4</ele><time>2026-07-31T22:32:13Z</time></trkpt>
<trkpt lat="37.053138" lon="138.563296"><ele>547.8</ele><time>2026-07-31T22:32:18Z</time></trkpt>
<trkpt lat="37.053195" lon="138.563106"><ele>545.0</ele><time>2026-07-31T22:32:22Z</time></trkpt>
<trkpt lat="37.053026" lon="138.562959"><ele>544.2</ele><time>2026-07-31T22:32:25Z</time></trkpt>
<trkpt lat="37.052574" lon="138.562811"><ele>538.8</ele><time>2026-07-31T22:32:30Z</time></trkpt>
<trkpt lat="37.052337" lon="138.562539"><ele>535.8</ele><time>2026-07-31T22:32:33Z</time></trkpt>
<trkpt lat="37.052193" lon="138.562219"><ele>533.6</ele><time>2026-07-31T22:32:36Z</time></trkpt>
<trkpt lat="37.052177" lon="138.561868"><ele>531.6</ele><time>2026-07-31T22:32:39Z</time></trkpt>
<trkpt lat="37.052268" lon="138.561325"><ele>529.4</ele><time>2026-07-31T22:32:44Z</time></trkpt>
<trkpt lat="37.052118" lon="138.560284"><ele>522.8</ele><time>2026-07-31T22:32:52Z</time></trkpt>
<trkpt lat="37.051908" lon="138.559486"><ele>520.8</ele><time>2026-07-31T22:32:59Z</time></trkpt>
<trkpt lat="37.051903" lon="138.559029"><ele>520.0</ele><time>2026-07-31T22:33:03Z</time></trkpt>
<trkpt lat="37.052156" lon="138.557565"><ele>516.8</ele><time>2026-07-31T22:33:17Z</time></trkpt>
<trkpt lat="37.052381" lon="138.557365"><ele>516.4</ele><time>2026-07-31T22:33:21Z</time></trkpt>
<trkpt lat="37.052983" lon="138.557182"><ele>517.4</ele><time>2026-07-31T22:33:31Z</time></trkpt>
<trkpt lat="37.053198" lon="138.556797"><ele>518.4</ele><time>2026-07-31T22:33:38Z</time></trkpt>
<trkpt lat="37.053243" lon="138.556527"><ele>519.0</ele><time>2026-07-31T22:33:42Z</time></trkpt>
<trkpt lat="37.053074" lon="138.555839"><ele>522.0</ele><time>2026-07-31T22:33:57Z</time></trkpt>
<trkpt lat="37.052574" lon="138.555575"><ele>526.8</ele><time>2026-07-31T22:34:18Z</time></trkpt>
<trkpt lat="37.052387" lon="138.555397"><ele>528.6</ele><time>2026-07-31T22:34:27Z</time></trkpt>
<trkpt lat="37.051864" lon="138.554228"><ele>524.6</ele><time>2026-07-31T22:34:46Z</time></trkpt>
<trkpt lat="37.051412" lon="138.553747"><ele>521.0</ele><time>2026-07-31T22:34:53Z</time></trkpt>
<trkpt lat="37.050908" lon="138.553470"><ele>517.2</ele><time>2026-07-31T22:35:00Z</time></trkpt>
<trkpt lat="37.050809" lon="138.553334"><ele>516.0</ele><time>2026-07-31T22:35:02Z</time></trkpt>
<trkpt lat="37.050808" lon="138.553113"><ele>515.4</ele><time>2026-07-31T22:35:05Z</time></trkpt>
<trkpt lat="37.050886" lon="138.553004"><ele>515.6</ele><time>2026-07-31T22:35:07Z</time></trkpt>
<trkpt lat="37.051122" lon="138.552926"><ele>515.6</ele><time>2026-07-31T22:35:11Z</time></trkpt>
<trkpt lat="37.052320" lon="138.553141"><ele>517.6</ele><time>2026-07-31T22:35:34Z</time></trkpt>
<trkpt lat="37.052932" lon="138.553415"><ele>521.6</ele><time>2026-07-31T22:35:51Z</time></trkpt>
<trkpt lat="37.054062" lon="138.553667"><ele>523.8</ele><time>2026-07-31T22:36:18Z</time></trkpt>
<trkpt lat="37.055111" lon="138.554157"><ele>528.2</ele><time>2026-07-31T22:36:46Z</time></trkpt>
<trkpt lat="37.056169" lon="138.554425"><ele>533.8</ele><time>2026-07-31T22:37:15Z</time></trkpt>
<trkpt lat="37.056647" lon="138.554722"><ele>535.0</ele><time>2026-07-31T22:37:29Z</time></trkpt>
<trkpt lat="37.057610" lon="138.555778"><ele>539.0</ele><time>2026-07-31T22:38:03Z</time></trkpt>
<trkpt lat="37.057908" lon="138.555911"><ele>542.4</ele><time>2026-07-31T22:38:16Z</time></trkpt>
<trkpt lat="37.058256" lon="138.555852"><ele>544.8</ele><time>2026-07-31T22:38:29Z</time></trkpt>
<trkpt lat="37.058491" lon="138.555659"><ele>547.6</ele><time>2026-07-31T22:38:39Z</time></trkpt>
<trkpt lat="37.059222" lon="138.554193"><ele>547.8</ele><time>2026-07-31T22:39:11Z</time></trkpt>
<trkpt lat="37.059528" lon="138.553867"><ele>545.6</ele><time>2026-07-31T22:39:16Z</time></trkpt>
<trkpt lat="37.059855" lon="138.553684"><ele>544.0</ele><time>2026-07-31T22:39:20Z</time></trkpt>
<trkpt lat="37.060360" lon="138.553652"><ele>541.6</ele><time>2026-07-31T22:39:25Z</time></trkpt>
<trkpt lat="37.061211" lon="138.553799"><ele>535.8</ele><time>2026-07-31T22:39:33Z</time></trkpt>
<trkpt lat="37.063291" lon="138.554299"><ele>519.6</ele><time>2026-07-31T22:39:51Z</time></trkpt>
<trkpt lat="37.063854" lon="138.554308"><ele>513.2</ele><time>2026-07-31T22:39:57Z</time></trkpt>
<trkpt lat="37.064063" lon="138.554221"><ele>510.8</ele><time>2026-07-31T22:40:00Z</time></trkpt>
<trkpt lat="37.064054" lon="138.553567"><ele>506.8</ele><time>2026-07-31T22:40:08Z</time></trkpt>
<trkpt lat="37.063790" lon="138.552580"><ele>510.4</ele><time>2026-07-31T22:40:27Z</time></trkpt>
<trkpt lat="37.063639" lon="138.552356"><ele>511.2</ele><time>2026-07-31T22:40:33Z</time></trkpt>
<trkpt lat="37.063293" lon="138.552126"><ele>511.2</ele><time>2026-07-31T22:40:41Z</time></trkpt>
<trkpt lat="37.063230" lon="138.551883"><ele>511.0</ele><time>2026-07-31T22:40:45Z</time></trkpt>
<trkpt lat="37.063445" lon="138.551134"><ele>515.0</ele><time>2026-07-31T22:41:03Z</time></trkpt>
<trkpt lat="37.064005" lon="138.550526"><ele>518.8</ele><time>2026-07-31T22:41:28Z</time></trkpt>
<trkpt lat="37.064105" lon="138.550261"><ele>519.2</ele><time>2026-07-31T22:41:36Z</time></trkpt>
<trkpt lat="37.063033" lon="138.549294"><ele>521.2</ele><time>2026-07-31T22:42:04Z</time></trkpt>
<trkpt lat="37.062829" lon="138.548856"><ele>522.6</ele><time>2026-07-31T22:42:14Z</time></trkpt>
<trkpt lat="37.062493" lon="138.548704"><ele>523.8</ele><time>2026-07-31T22:42:23Z</time></trkpt>
<trkpt lat="37.062417" lon="138.548520"><ele>524.0</ele><time>2026-07-31T22:42:27Z</time></trkpt>
<trkpt lat="37.062518" lon="138.548288"><ele>524.4</ele><time>2026-07-31T22:42:32Z</time></trkpt>
<trkpt lat="37.063084" lon="138.548020"><ele>526.4</ele><time>2026-07-31T22:42:50Z</time></trkpt>
<trkpt lat="37.063437" lon="138.547753"><ele>529.6</ele><time>2026-07-31T22:43:04Z</time></trkpt>
<trkpt lat="37.064547" lon="138.546521"><ele>540.0</ele><time>2026-07-31T22:44:02Z</time></trkpt>
<trkpt lat="37.065268" lon="138.546408"><ele>544.8</ele><time>2026-07-31T22:44:28Z</time></trkpt>
<trkpt lat="37.065382" lon="138.546308"><ele>545.8</ele><time>2026-07-31T22:44:34Z</time></trkpt>
<trkpt lat="37.065291" lon="138.544820"><ele>551.8</ele><time>2026-07-31T22:45:15Z</time></trkpt>
<trkpt lat="37.064942" lon="138.543698"><ele>546.4</ele><time>2026-07-31T22:45:28Z</time></trkpt>
<trkpt lat="37.064822" lon="138.543478"><ele>544.6</ele><time>2026-07-31T22:45:31Z</time></trkpt>
<trkpt lat="37.064346" lon="138.543006"><ele>543.0</ele><time>2026-07-31T22:45:38Z</time></trkpt>
<trkpt lat="37.063880" lon="138.542794"><ele>542.0</ele><time>2026-07-31T22:45:44Z</time></trkpt>
<trkpt lat="37.064036" lon="138.541998"><ele>545.2</ele><time>2026-07-31T22:46:06Z</time></trkpt>
<trkpt lat="37.064017" lon="138.541754"><ele>547.2</ele><time>2026-07-31T22:46:15Z</time></trkpt>
<trkpt lat="37.063846" lon="138.541510"><ele>550.0</ele><time>2026-07-31T22:46:27Z</time></trkpt>
<trkpt lat="37.063782" lon="138.541286"><ele>552.0</ele><time>2026-07-31T22:46:35Z</time></trkpt>
<trkpt lat="37.063786" lon="138.540645"><ele>555.8</ele><time>2026-07-31T22:46:57Z</time></trkpt>
<trkpt lat="37.063865" lon="138.540315"><ele>559.6</ele><time>2026-07-31T22:47:10Z</time></trkpt>
<trkpt lat="37.063805" lon="138.539424"><ele>567.2</ele><time>2026-07-31T22:47:46Z</time></trkpt>
<trkpt lat="37.064036" lon="138.537768"><ele>580.4</ele><time>2026-07-31T22:48:47Z</time></trkpt>
<trkpt lat="37.064111" lon="138.537473"><ele>581.6</ele><time>2026-07-31T22:48:56Z</time></trkpt>
<trkpt lat="37.064260" lon="138.537435"><ele>581.2</ele><time>2026-07-31T22:49:00Z</time></trkpt>
<trkpt lat="37.064586" lon="138.537792"><ele>579.6</ele><time>2026-07-31T22:49:07Z</time></trkpt>
<trkpt lat="37.065033" lon="138.538077"><ele>576.6</ele><time>2026-07-31T22:49:13Z</time></trkpt>
<trkpt lat="37.065636" lon="138.538611"><ele>571.0</ele><time>2026-07-31T22:49:21Z</time></trkpt>
<trkpt lat="37.065914" lon="138.538686"><ele>568.8</ele><time>2026-07-31T22:49:25Z</time></trkpt>
<trkpt lat="37.065983" lon="138.538550"><ele>567.8</ele><time>2026-07-31T22:49:27Z</time></trkpt>
<trkpt lat="37.066023" lon="138.537736"><ele>563.6</ele><time>2026-07-31T22:49:34Z</time></trkpt>
<trkpt lat="37.065961" lon="138.537046"><ele>559.2</ele><time>2026-07-31T22:49:40Z</time></trkpt>
<trkpt lat="37.066159" lon="138.536075"><ele>553.0</ele><time>2026-07-31T22:49:47Z</time></trkpt>
<trkpt lat="37.066417" lon="138.535425"><ele>547.0</ele><time>2026-07-31T22:49:52Z</time></trkpt>
<trkpt lat="37.066956" lon="138.534575"><ele>540.6</ele><time>2026-07-31T22:50:01Z</time></trkpt>
<trkpt lat="37.067715" lon="138.534467"><ele>531.6</ele><time>2026-07-31T22:50:09Z</time></trkpt>
<trkpt lat="37.068090" lon="138.534229"><ele>525.4</ele><time>2026-07-31T22:50:13Z</time></trkpt>
<trkpt lat="37.068376" lon="138.533935"><ele>522.2</ele><time>2026-07-31T22:50:17Z</time></trkpt>
<trkpt lat="37.068787" lon="138.533848"><ele>519.0</ele><time>2026-07-31T22:50:22Z</time></trkpt>
<trkpt lat="37.068920" lon="138.533362"><ele>517.6</ele><time>2026-07-31T22:50:27Z</time></trkpt>
<trkpt lat="37.068914" lon="138.533147"><ele>517.2</ele><time>2026-07-31T22:50:29Z</time></trkpt>
<trkpt lat="37.068623" lon="138.532167"><ele>513.6</ele><time>2026-07-31T22:50:38Z</time></trkpt>
<trkpt lat="37.068557" lon="138.531498"><ele>509.4</ele><time>2026-07-31T22:50:44Z</time></trkpt>
<trkpt lat="37.068175" lon="138.530809"><ele>502.4</ele><time>2026-07-31T22:50:50Z</time></trkpt>
<trkpt lat="37.068106" lon="138.530554"><ele>500.6</ele><time>2026-07-31T22:50:52Z</time></trkpt>
<trkpt lat="37.068138" lon="138.529933"><ele>495.0</ele><time>2026-07-31T22:50:57Z</time></trkpt>
<trkpt lat="37.068047" lon="138.529789"><ele>493.0</ele><time>2026-07-31T22:50:59Z</time></trkpt>
<trkpt lat="37.067719" lon="138.529670"><ele>490.6</ele><time>2026-07-31T22:51:03Z</time></trkpt>
<trkpt lat="37.067489" lon="138.529360"><ele>486.2</ele><time>2026-07-31T22:51:07Z</time></trkpt>
<trkpt lat="37.067480" lon="138.527615"><ele>472.8</ele><time>2026-07-31T22:51:21Z</time></trkpt>
<trkpt lat="37.067741" lon="138.526975"><ele>469.8</ele><time>2026-07-31T22:51:27Z</time></trkpt>
<trkpt lat="37.067753" lon="138.526689"><ele>468.8</ele><time>2026-07-31T22:51:30Z</time></trkpt>
<trkpt lat="37.067566" lon="138.526489"><ele>466.8</ele><time>2026-07-31T22:51:33Z</time></trkpt>
<trkpt lat="37.067315" lon="138.526522"><ele>463.4</ele><time>2026-07-31T22:51:36Z</time></trkpt>
<trkpt lat="37.067185" lon="138.526651"><ele>462.4</ele><time>2026-07-31T22:51:38Z</time></trkpt>
<trkpt lat="37.066978" lon="138.527129"><ele>459.8</ele><time>2026-07-31T22:51:43Z</time></trkpt>
<trkpt lat="37.066749" lon="138.527224"><ele>456.8</ele><time>2026-07-31T22:51:46Z</time></trkpt>
<trkpt lat="37.066530" lon="138.527043"><ele>455.2</ele><time>2026-07-31T22:51:49Z</time></trkpt>
<trkpt lat="37.066325" lon="138.526649"><ele>452.8</ele><time>2026-07-31T22:51:53Z</time></trkpt>
<trkpt lat="37.066360" lon="138.526303"><ele>450.6</ele><time>2026-07-31T22:51:56Z</time></trkpt>
<trkpt lat="37.067004" lon="138.525506"><ele>444.4</ele><time>2026-07-31T22:52:04Z</time></trkpt>
<trkpt lat="37.067184" lon="138.525063"><ele>441.0</ele><time>2026-07-31T22:52:08Z</time></trkpt>
<trkpt lat="37.067141" lon="138.524675"><ele>439.6</ele><time>2026-07-31T22:52:11Z</time></trkpt>
<trkpt lat="37.066754" lon="138.523521"><ele>429.8</ele><time>2026-07-31T22:52:20Z</time></trkpt>
<trkpt lat="37.066761" lon="138.523125"><ele>425.8</ele><time>2026-07-31T22:52:24Z</time></trkpt>
<trkpt lat="37.067014" lon="138.522865"><ele>424.0</ele><time>2026-07-31T22:52:28Z</time></trkpt>
<trkpt lat="37.067729" lon="138.522707"><ele>418.6</ele><time>2026-07-31T22:52:35Z</time></trkpt>
<trkpt lat="37.068642" lon="138.522057"><ele>407.8</ele><time>2026-07-31T22:52:44Z</time></trkpt>
<trkpt lat="37.069604" lon="138.521668"><ele>401.2</ele><time>2026-07-31T22:52:52Z</time></trkpt>
<trkpt lat="37.070272" lon="138.521076"><ele>394.2</ele><time>2026-07-31T22:52:59Z</time></trkpt>
<trkpt lat="37.071112" lon="138.520874"><ele>389.0</ele><time>2026-07-31T22:53:07Z</time></trkpt>
<trkpt lat="37.071282" lon="138.520600"><ele>388.4</ele><time>2026-07-31T22:53:10Z</time></trkpt>
<trkpt lat="37.071351" lon="138.520024"><ele>387.8</ele><time>2026-07-31T22:53:15Z</time></trkpt>
<trkpt lat="37.071460" lon="138.519708"><ele>387.4</ele><time>2026-07-31T22:53:18Z</time></trkpt>
<trkpt lat="37.071773" lon="138.519449"><ele>386.0</ele><time>2026-07-31T22:53:22Z</time></trkpt>
<trkpt lat="37.072790" lon="138.519248"><ele>382.2</ele><time>2026-07-31T22:53:33Z</time></trkpt>
<trkpt lat="37.073741" lon="138.519394"><ele>384.2</ele><time>2026-07-31T22:53:48Z</time></trkpt>
<trkpt lat="37.074810" lon="138.519247"><ele>384.8</ele><time>2026-07-31T22:54:06Z</time></trkpt>
<trkpt lat="37.075538" lon="138.518974"><ele>380.8</ele><time>2026-07-31T22:54:15Z</time></trkpt>
<trkpt lat="37.076388" lon="138.518447"><ele>375.2</ele><time>2026-07-31T22:54:25Z</time></trkpt>
<trkpt lat="37.076760" lon="138.518308"><ele>373.8</ele><time>2026-07-31T22:54:29Z</time></trkpt>
<trkpt lat="37.077271" lon="138.518305"><ele>370.8</ele><time>2026-07-31T22:54:34Z</time></trkpt>
<trkpt lat="37.078168" lon="138.518652"><ele>364.4</ele><time>2026-07-31T22:54:44Z</time></trkpt>
<trkpt lat="37.078297" lon="138.518600"><ele>363.6</ele><time>2026-07-31T22:54:46Z</time></trkpt>
<trkpt lat="37.078384" lon="138.518369"><ele>362.8</ele><time>2026-07-31T22:54:49Z</time></trkpt>
<trkpt lat="37.078383" lon="138.518188"><ele>362.8</ele><time>2026-07-31T22:54:51Z</time></trkpt>
<trkpt lat="37.078291" lon="138.518042"><ele>362.6</ele><time>2026-07-31T22:54:53Z</time></trkpt>
<trkpt lat="37.077642" lon="138.517957"><ele>360.4</ele><time>2026-07-31T22:55:01Z</time></trkpt>
<trkpt lat="37.077349" lon="138.517770"><ele>359.4</ele><time>2026-07-31T22:55:04Z</time></trkpt>
<trkpt lat="37.077032" lon="138.517349"><ele>355.0</ele><time>2026-07-31T22:55:08Z</time></trkpt>
<trkpt lat="37.076989" lon="138.517088"><ele>353.4</ele><time>2026-07-31T22:55:10Z</time></trkpt>
<trkpt lat="37.077088" lon="138.516599"><ele>351.0</ele><time>2026-07-31T22:55:14Z</time></trkpt>
<trkpt lat="37.077276" lon="138.516184"><ele>350.6</ele><time>2026-07-31T22:55:19Z</time></trkpt>
<trkpt lat="37.077557" lon="138.515898"><ele>353.4</ele><time>2026-07-31T22:55:26Z</time></trkpt>
<trkpt lat="37.078023" lon="138.515699"><ele>357.8</ele><time>2026-07-31T22:55:42Z</time></trkpt>
<trkpt lat="37.077858" lon="138.514531"><ele>362.8</ele><time>2026-07-31T22:56:14Z</time></trkpt>
<trkpt lat="37.078141" lon="138.513325"><ele>367.8</ele><time>2026-07-31T22:56:49Z</time></trkpt>
<trkpt lat="37.078466" lon="138.512982"><ele>369.4</ele><time>2026-07-31T22:57:03Z</time></trkpt>
<trkpt lat="37.078493" lon="138.512771"><ele>370.0</ele><time>2026-07-31T22:57:09Z</time></trkpt>
<trkpt lat="37.078374" lon="138.512606"><ele>370.8</ele><time>2026-07-31T22:57:15Z</time></trkpt>
<trkpt lat="37.078242" lon="138.512659"><ele>371.6</ele><time>2026-07-31T22:57:20Z</time></trkpt>
<trkpt lat="37.077977" lon="138.512952"><ele>374.0</ele><time>2026-07-31T22:57:33Z</time></trkpt>
<trkpt lat="37.077618" lon="138.513579"><ele>378.4</ele><time>2026-07-31T22:57:57Z</time></trkpt>
<trkpt lat="37.077419" lon="138.513721"><ele>380.0</ele><time>2026-07-31T22:58:07Z</time></trkpt>
<trkpt lat="37.076846" lon="138.513641"><ele>384.4</ele><time>2026-07-31T22:58:31Z</time></trkpt>
<trkpt lat="37.076460" lon="138.513818"><ele>386.0</ele><time>2026-07-31T22:58:45Z</time></trkpt>
<trkpt lat="37.076398" lon="138.513767"><ele>387.0</ele><time>2026-07-31T22:58:50Z</time></trkpt>
<trkpt lat="37.076370" lon="138.513651"><ele>387.6</ele><time>2026-07-31T22:58:54Z</time></trkpt>
<trkpt lat="37.076458" lon="138.513489"><ele>388.2</ele><time>2026-07-31T22:58:59Z</time></trkpt>
<trkpt lat="37.076838" lon="138.513423"><ele>391.2</ele><time>2026-07-31T22:59:16Z</time></trkpt>
<trkpt lat="37.077008" lon="138.513255"><ele>394.2</ele><time>2026-07-31T22:59:27Z</time></trkpt>
<trkpt lat="37.076922" lon="138.512660"><ele>398.8</ele><time>2026-07-31T22:59:47Z</time></trkpt>
<trkpt lat="37.077006" lon="138.512381"><ele>402.0</ele><time>2026-07-31T23:00:00Z</time></trkpt>
<trkpt lat="37.076946" lon="138.512056"><ele>404.8</ele><time>2026-07-31T23:00:12Z</time></trkpt>
<trkpt lat="37.076788" lon="138.511901"><ele>407.8</ele><time>2026-07-31T23:00:25Z</time></trkpt>
<trkpt lat="37.076680" lon="138.511189"><ele>414.0</ele><time>2026-07-31T23:00:56Z</time></trkpt>
<trkpt lat="37.076580" lon="138.511214"><ele>415.4</ele><time>2026-07-31T23:01:01Z</time></trkpt>
<trkpt lat="37.076434" lon="138.511822"><ele>420.4</ele><time>2026-07-31T23:01:27Z</time></trkpt>
<trkpt lat="37.076321" lon="138.511970"><ele>422.2</ele><time>2026-07-31T23:01:36Z</time></trkpt>
<trkpt lat="37.076210" lon="138.511924"><ele>423.6</ele><time>2026-07-31T23:01:42Z</time></trkpt>
<trkpt lat="37.076349" lon="138.510841"><ele>429.0</ele><time>2026-07-31T23:02:18Z</time></trkpt>
<trkpt lat="37.076332" lon="138.510582"><ele>430.0</ele><time>2026-07-31T23:02:25Z</time></trkpt>
<trkpt lat="37.076171" lon="138.510245"><ele>432.6</ele><time>2026-07-31T23:02:38Z</time></trkpt>
<trkpt lat="37.075787" lon="138.510069"><ele>437.0</ele><time>2026-07-31T23:02:59Z</time></trkpt>
<trkpt lat="37.075723" lon="138.509972"><ele>438.2</ele><time>2026-07-31T23:03:05Z</time></trkpt>
<trkpt lat="37.075685" lon="138.509484"><ele>442.2</ele><time>2026-07-31T23:03:25Z</time></trkpt>
<trkpt lat="37.075919" lon="138.508841"><ele>447.2</ele><time>2026-07-31T23:03:53Z</time></trkpt>
<trkpt lat="37.075796" lon="138.508099"><ele>453.0</ele><time>2026-07-31T23:04:22Z</time></trkpt>
<trkpt lat="37.075880" lon="138.507960"><ele>454.4</ele><time>2026-07-31T23:04:29Z</time></trkpt>
<trkpt lat="37.076105" lon="138.507862"><ele>456.6</ele><time>2026-07-31T23:04:42Z</time></trkpt>
<trkpt lat="37.076070" lon="138.507530"><ele>459.2</ele><time>2026-07-31T23:04:55Z</time></trkpt>
<trkpt lat="37.075954" lon="138.507305"><ele>460.6</ele><time>2026-07-31T23:05:04Z</time></trkpt>
<trkpt lat="37.075541" lon="138.507312"><ele>459.2</ele><time>2026-07-31T23:05:13Z</time></trkpt>
<trkpt lat="37.075432" lon="138.507250"><ele>458.6</ele><time>2026-07-31T23:05:15Z</time></trkpt>
<trkpt lat="37.075330" lon="138.506864"><ele>456.2</ele><time>2026-07-31T23:05:20Z</time></trkpt>
<trkpt lat="37.074972" lon="138.506245"><ele>451.6</ele><time>2026-07-31T23:05:27Z</time></trkpt>
<trkpt lat="37.074694" lon="138.505235"><ele>447.8</ele><time>2026-07-31T23:05:37Z</time></trkpt>
<trkpt lat="37.074759" lon="138.503989"><ele>442.6</ele><time>2026-07-31T23:05:49Z</time></trkpt>
<trkpt lat="37.074720" lon="138.503814"><ele>441.2</ele><time>2026-07-31T23:05:51Z</time></trkpt>
<trkpt lat="37.074373" lon="138.503750"><ele>437.4</ele><time>2026-07-31T23:05:57Z</time></trkpt>
<trkpt lat="37.073620" lon="138.503404"><ele>427.8</ele><time>2026-07-31T23:07:36Z</time></trkpt>
<trkpt lat="37.073841" lon="138.503209"><ele>427.0</ele><time>2026-07-31T23:10:14Z</time></trkpt>
<trkpt lat="37.074306" lon="138.503056"><ele>423.8</ele><time>2026-07-31T23:10:23Z</time></trkpt>
<trkpt lat="37.074789" lon="138.502178"><ele>415.4</ele><time>2026-07-31T23:10:36Z</time></trkpt>
<trkpt lat="37.075308" lon="138.501874"><ele>405.4</ele><time>2026-07-31T23:10:44Z</time></trkpt>
<trkpt lat="37.075427" lon="138.501621"><ele>397.2</ele><time>2026-07-31T23:10:58Z</time></trkpt>
<trkpt lat="37.075542" lon="138.501687"><ele>397.2</ele><time>2026-07-31T23:11:05Z</time></trkpt>
<trkpt lat="37.075859" lon="138.501005"><ele>389.8</ele><time>2026-07-31T23:11:16Z</time></trkpt>
<trkpt lat="37.076137" lon="138.501491"><ele>385.8</ele><time>2026-07-31T23:11:29Z</time></trkpt>
<trkpt lat="37.076296" lon="138.501543"><ele>384.4</ele><time>2026-07-31T23:11:33Z</time></trkpt>
<trkpt lat="37.076829" lon="138.501198"><ele>378.0</ele><time>2026-07-31T23:11:42Z</time></trkpt>
<trkpt lat="37.077509" lon="138.500476"><ele>365.2</ele><time>2026-07-31T23:11:52Z</time></trkpt>
<trkpt lat="37.077765" lon="138.499911"><ele>360.8</ele><time>2026-07-31T23:12:02Z</time></trkpt>
<trkpt lat="37.076753" lon="138.499246"><ele>348.0</ele><time>2026-07-31T23:12:28Z</time></trkpt>
<trkpt lat="37.077130" lon="138.498948"><ele>345.0</ele><time>2026-07-31T23:12:37Z</time></trkpt>
<trkpt lat="37.077265" lon="138.498755"><ele>342.8</ele><time>2026-07-31T23:12:40Z</time></trkpt>
<trkpt lat="37.077400" lon="138.498094"><ele>338.4</ele><time>2026-07-31T23:12:46Z</time></trkpt>
<trkpt lat="37.077794" lon="138.497271"><ele>330.0</ele><time>2026-07-31T23:12:53Z</time></trkpt>
<trkpt lat="37.078286" lon="138.496570"><ele>323.2</ele><time>2026-07-31T23:13:00Z</time></trkpt>
<trkpt lat="37.078696" lon="138.495233"><ele>316.2</ele><time>2026-07-31T23:13:12Z</time></trkpt>
<trkpt lat="37.078838" lon="138.495122"><ele>314.2</ele><time>2026-07-31T23:13:14Z</time></trkpt>
<trkpt lat="37.079187" lon="138.495028"><ele>310.6</ele><time>2026-07-31T23:13:18Z</time></trkpt>
<trkpt lat="37.079439" lon="138.494694"><ele>306.4</ele><time>2026-07-31T23:13:22Z</time></trkpt>
<trkpt lat="37.079516" lon="138.494400"><ele>303.2</ele><time>2026-07-31T23:13:25Z</time></trkpt>
<trkpt lat="37.079206" lon="138.494169"><ele>298.4</ele><time>2026-07-31T23:13:30Z</time></trkpt>
<trkpt lat="37.079139" lon="138.494029"><ele>297.0</ele><time>2026-07-31T23:13:32Z</time></trkpt>
<trkpt lat="37.079212" lon="138.493751"><ele>294.6</ele><time>2026-07-31T23:13:35Z</time></trkpt>
<trkpt lat="37.079409" lon="138.493462"><ele>292.6</ele><time>2026-07-31T23:13:39Z</time></trkpt>
<trkpt lat="37.080026" lon="138.493216"><ele>284.8</ele><time>2026-07-31T23:13:47Z</time></trkpt>
<trkpt lat="37.080316" lon="138.492928"><ele>281.2</ele><time>2026-07-31T23:13:51Z</time></trkpt>
<trkpt lat="37.080531" lon="138.492466"><ele>278.8</ele><time>2026-07-31T23:13:55Z</time></trkpt>
<trkpt lat="37.081120" lon="138.492053"><ele>275.8</ele><time>2026-07-31T23:14:06Z</time></trkpt>
<trkpt lat="37.082404" lon="138.491584"><ele>272.8</ele><time>2026-07-31T23:14:28Z</time></trkpt>
<trkpt lat="37.083092" lon="138.491234"><ele>270.8</ele><time>2026-07-31T23:14:37Z</time></trkpt>
<trkpt lat="37.083637" lon="138.491191"><ele>268.2</ele><time>2026-07-31T23:14:44Z</time></trkpt>
<trkpt lat="37.083866" lon="138.491015"><ele>267.2</ele><time>2026-07-31T23:14:48Z</time></trkpt>
<trkpt lat="37.084218" lon="138.491057"><ele>267.2</ele><time>2026-07-31T23:14:54Z</time></trkpt>
<trkpt lat="37.084527" lon="138.490747"><ele>266.4</ele><time>2026-07-31T23:15:01Z</time></trkpt>
<trkpt lat="37.085045" lon="138.490569"><ele>265.2</ele><time>2026-07-31T23:15:07Z</time></trkpt>
<trkpt lat="37.085317" lon="138.490217"><ele>263.2</ele><time>2026-07-31T23:15:12Z</time></trkpt>
<trkpt lat="37.085647" lon="138.490016"><ele>262.4</ele><time>2026-07-31T23:15:17Z</time></trkpt>
<trkpt lat="37.085843" lon="138.489490"><ele>261.6</ele><time>2026-07-31T23:15:24Z</time></trkpt>
<trkpt lat="37.086094" lon="138.489110"><ele>261.8</ele><time>2026-07-31T23:15:31Z</time></trkpt>
<trkpt lat="37.087063" lon="138.488638"><ele>260.6</ele><time>2026-07-31T23:15:47Z</time></trkpt>
<trkpt lat="37.088048" lon="138.487573"><ele>262.6</ele><time>2026-07-31T23:16:07Z</time></trkpt>
<trkpt lat="37.088632" lon="138.487554"><ele>261.8</ele><time>2026-07-31T23:16:17Z</time></trkpt>
<trkpt lat="37.088940" lon="138.487187"><ele>261.2</ele><time>2026-07-31T23:16:24Z</time></trkpt>
<trkpt lat="37.089131" lon="138.487073"><ele>261.8</ele><time>2026-07-31T23:16:29Z</time></trkpt>
<trkpt lat="37.089410" lon="138.487135"><ele>262.6</ele><time>2026-07-31T23:16:34Z</time></trkpt>
<trkpt lat="37.089803" lon="138.487487"><ele>264.0</ele><time>2026-07-31T23:16:45Z</time></trkpt>
<trkpt lat="37.090439" lon="138.487380"><ele>264.4</ele><time>2026-07-31T23:16:57Z</time></trkpt>
<trkpt lat="37.090683" lon="138.487149"><ele>264.2</ele><time>2026-07-31T23:17:02Z</time></trkpt>
<trkpt lat="37.091409" lon="138.485777"><ele>264.4</ele><time>2026-07-31T23:17:25Z</time></trkpt>
<trkpt lat="37.091754" lon="138.484554"><ele>259.2</ele><time>2026-07-31T23:17:38Z</time></trkpt>
<trkpt lat="37.092255" lon="138.483998"><ele>256.6</ele><time>2026-07-31T23:17:44Z</time></trkpt>
<trkpt lat="37.092526" lon="138.483293"><ele>254.6</ele><time>2026-07-31T23:17:52Z</time></trkpt>
<trkpt lat="37.092774" lon="138.483098"><ele>255.6</ele><time>2026-07-31T23:17:57Z</time></trkpt>
<trkpt lat="37.093086" lon="138.483076"><ele>256.2</ele><time>2026-07-31T23:18:02Z</time></trkpt>
<trkpt lat="37.093363" lon="138.482945"><ele>256.4</ele><time>2026-07-31T23:18:06Z</time></trkpt>
<trkpt lat="37.093495" lon="138.482686"><ele>255.2</ele><time>2026-07-31T23:18:09Z</time></trkpt>
<trkpt lat="37.093521" lon="138.482217"><ele>253.0</ele><time>2026-07-31T23:18:13Z</time></trkpt>
<trkpt lat="37.093664" lon="138.481622"><ele>250.8</ele><time>2026-07-31T23:18:18Z</time></trkpt>
<trkpt lat="37.093654" lon="138.480954"><ele>247.6</ele><time>2026-07-31T23:18:23Z</time></trkpt>
<trkpt lat="37.093846" lon="138.479580"><ele>242.2</ele><time>2026-07-31T23:18:34Z</time></trkpt>
<trkpt lat="37.093824" lon="138.479102"><ele>240.4</ele><time>2026-07-31T23:18:38Z</time></trkpt>
<trkpt lat="37.094128" lon="138.478346"><ele>236.6</ele><time>2026-07-31T23:18:45Z</time></trkpt>
<trkpt lat="37.094191" lon="138.477637"><ele>233.2</ele><time>2026-07-31T23:18:50Z</time></trkpt>
<trkpt lat="37.093808" lon="138.475721"><ele>223.8</ele><time>2026-07-31T23:19:05Z</time></trkpt>
<trkpt lat="37.093810" lon="138.475002"><ele>220.6</ele><time>2026-07-31T23:19:10Z</time></trkpt>
<trkpt lat="37.093315" lon="138.473909"><ele>213.2</ele><time>2026-07-31T23:19:19Z</time></trkpt>
<trkpt lat="37.093343" lon="138.473238"><ele>208.8</ele><time>2026-07-31T23:19:25Z</time></trkpt>
<trkpt lat="37.093445" lon="138.472859"><ele>206.2</ele><time>2026-07-31T23:19:31Z</time></trkpt>
<trkpt lat="37.093988" lon="138.472579"><ele>204.6</ele><time>2026-07-31T23:19:41Z</time></trkpt>
<trkpt lat="37.094202" lon="138.472377"><ele>203.6</ele><time>2026-07-31T23:19:45Z</time></trkpt>
<trkpt lat="37.094737" lon="138.471083"><ele>201.0</ele><time>2026-07-31T23:20:02Z</time></trkpt>
<trkpt lat="37.095074" lon="138.470761"><ele>200.6</ele><time>2026-07-31T23:20:08Z</time></trkpt>
<trkpt lat="37.095824" lon="138.470436"><ele>197.6</ele><time>2026-07-31T23:20:21Z</time></trkpt>
<trkpt lat="37.095721" lon="138.470197"><ele>197.6</ele><time>2026-07-31T23:20:31Z</time></trkpt>
<trkpt lat="37.095326" lon="138.470746"><ele>199.4</ele><time>2026-07-31T23:22:57Z</time></trkpt>
<trkpt lat="37.095490" lon="138.470598"><ele>199.2</ele><time>2026-07-31T23:23:10Z</time></trkpt>
<trkpt lat="37.096415" lon="138.470213"><ele>197.0</ele><time>2026-07-31T23:23:27Z</time></trkpt>
<trkpt lat="37.096699" lon="138.470019"><ele>195.6</ele><time>2026-07-31T23:23:32Z</time></trkpt>
<trkpt lat="37.097259" lon="138.469502"><ele>196.4</ele><time>2026-07-31T23:23:45Z</time></trkpt>
<trkpt lat="37.098218" lon="138.468360"><ele>198.0</ele><time>2026-07-31T23:24:07Z</time></trkpt>
<trkpt lat="37.098494" lon="138.468185"><ele>197.4</ele><time>2026-07-31T23:24:12Z</time></trkpt>
<trkpt lat="37.099965" lon="138.467710"><ele>194.2</ele><time>2026-07-31T23:24:32Z</time></trkpt>
<trkpt lat="37.101829" lon="138.467602"><ele>182.8</ele><time>2026-07-31T23:24:50Z</time></trkpt>
<trkpt lat="37.102675" lon="138.467635"><ele>177.0</ele><time>2026-07-31T23:24:57Z</time></trkpt>
<trkpt lat="37.103824" lon="138.467133"><ele>170.4</ele><time>2026-07-31T23:25:08Z</time></trkpt>
<trkpt lat="37.104060" lon="138.466930"><ele>170.0</ele><time>2026-07-31T23:25:11Z</time></trkpt>
<trkpt lat="37.104455" lon="138.466328"><ele>169.4</ele><time>2026-07-31T23:25:18Z</time></trkpt>
<trkpt lat="37.105333" lon="138.466104"><ele>167.2</ele><time>2026-07-31T23:25:29Z</time></trkpt>
<trkpt lat="37.106061" lon="138.465690"><ele>167.8</ele><time>2026-07-31T23:25:40Z</time></trkpt>
<trkpt lat="37.108163" lon="138.463908"><ele>166.4</ele><time>2026-07-31T23:26:16Z</time></trkpt>
<trkpt lat="37.108328" lon="138.463698"><ele>166.2</ele><time>2026-07-31T23:26:19Z</time></trkpt>
<trkpt lat="37.108455" lon="138.463379"><ele>165.4</ele><time>2026-07-31T23:26:22Z</time></trkpt>
<trkpt lat="37.108999" lon="138.461352"><ele>158.6</ele><time>2026-07-31T23:26:42Z</time></trkpt>
<trkpt lat="37.109561" lon="138.460394"><ele>159.4</ele><time>2026-07-31T23:26:55Z</time></trkpt>
<trkpt lat="37.109726" lon="138.459971"><ele>160.0</ele><time>2026-07-31T23:27:00Z</time></trkpt>
<trkpt lat="37.109901" lon="138.456473"><ele>156.0</ele><time>2026-07-31T23:27:38Z</time></trkpt>
<trkpt lat="37.110004" lon="138.455983"><ele>156.2</ele><time>2026-07-31T23:27:44Z</time></trkpt>
<trkpt lat="37.110421" lon="138.455469"><ele>155.2</ele><time>2026-07-31T23:27:52Z</time></trkpt>
<trkpt lat="37.113482" lon="138.453180"><ele>136.8</ele><time>2026-07-31T23:28:28Z</time></trkpt>
<trkpt lat="37.113867" lon="138.452918"><ele>136.4</ele><time>2026-07-31T23:28:33Z</time></trkpt>
<trkpt lat="37.114289" lon="138.452764"><ele>136.2</ele><time>2026-07-31T23:28:38Z</time></trkpt>
<trkpt lat="37.115412" lon="138.452844"><ele>135.2</ele><time>2026-07-31T23:28:51Z</time></trkpt>
<trkpt lat="37.115835" lon="138.452763"><ele>134.6</ele><time>2026-07-31T23:28:56Z</time></trkpt>
<trkpt lat="37.118060" lon="138.451583"><ele>127.8</ele><time>2026-07-31T23:29:23Z</time></trkpt>
<trkpt lat="37.119721" lon="138.450624"><ele>125.2</ele><time>2026-07-31T23:29:44Z</time></trkpt>
<trkpt lat="37.122005" lon="138.448458"><ele>122.2</ele><time>2026-07-31T23:30:20Z</time></trkpt>
<trkpt lat="37.122242" lon="138.448402"><ele>122.6</ele><time>2026-07-31T23:30:24Z</time></trkpt>
<trkpt lat="37.123381" lon="138.448429"><ele>126.2</ele><time>2026-07-31T23:30:44Z</time></trkpt>
<trkpt lat="37.123961" lon="138.448272"><ele>123.2</ele><time>2026-07-31T23:30:52Z</time></trkpt>
<trkpt lat="37.124775" lon="138.447831"><ele>122.2</ele><time>2026-07-31T23:31:04Z</time></trkpt>
<trkpt lat="37.125963" lon="138.447819"><ele>122.2</ele><time>2026-07-31T23:31:21Z</time></trkpt>
<trkpt lat="37.128402" lon="138.446931"><ele>117.0</ele><time>2026-07-31T23:31:56Z</time></trkpt>
<trkpt lat="37.127789" lon="138.444030"><ele>110.0</ele><time>2026-07-31T23:32:34Z</time></trkpt>
<trkpt lat="37.127512" lon="138.441870"><ele>110.6</ele><time>2026-07-31T23:33:08Z</time></trkpt>
<trkpt lat="37.127430" lon="138.441796"><ele>111.2</ele><time>2026-07-31T23:33:11Z</time></trkpt>
<trkpt lat="37.127168" lon="138.441826"><ele>112.6</ele><time>2026-07-31T23:33:19Z</time></trkpt>
<trkpt lat="37.126373" lon="138.442452"><ele>117.8</ele><time>2026-07-31T23:33:48Z</time></trkpt>
<trkpt lat="37.126264" lon="138.442462"><ele>119.0</ele><time>2026-07-31T23:33:52Z</time></trkpt>
<trkpt lat="37.126218" lon="138.442345"><ele>119.6</ele><time>2026-07-31T23:33:56Z</time></trkpt>
<trkpt lat="37.127049" lon="138.441137"><ele>129.0</ele><time>2026-07-31T23:34:45Z</time></trkpt>
<trkpt lat="37.127173" lon="138.440509"><ele>133.4</ele><time>2026-07-31T23:35:05Z</time></trkpt>
<trkpt lat="37.127538" lon="138.439978"><ele>138.4</ele><time>2026-07-31T23:35:30Z</time></trkpt>
<trkpt lat="37.127672" lon="138.439551"><ele>140.6</ele><time>2026-07-31T23:35:44Z</time></trkpt>
<trkpt lat="37.127994" lon="138.439381"><ele>142.8</ele><time>2026-07-31T23:35:58Z</time></trkpt>
<trkpt lat="37.128505" lon="138.438922"><ele>146.0</ele><time>2026-07-31T23:36:18Z</time></trkpt>
<trkpt lat="37.128537" lon="138.438177"><ele>151.8</ele><time>2026-07-31T23:36:44Z</time></trkpt>
<trkpt lat="37.128763" lon="138.437912"><ele>153.6</ele><time>2026-07-31T23:36:56Z</time></trkpt>
<trkpt lat="37.129292" lon="138.437570"><ele>156.2</ele><time>2026-07-31T23:37:15Z</time></trkpt>
<trkpt lat="37.129295" lon="138.437365"><ele>157.2</ele><time>2026-07-31T23:37:20Z</time></trkpt>
<trkpt lat="37.129180" lon="138.437174"><ele>158.4</ele><time>2026-07-31T23:37:27Z</time></trkpt>
<trkpt lat="37.129265" lon="138.436830"><ele>160.8</ele><time>2026-07-31T23:37:41Z</time></trkpt>
<trkpt lat="37.129244" lon="138.436533"><ele>163.2</ele><time>2026-07-31T23:37:51Z</time></trkpt>
<trkpt lat="37.128923" lon="138.435715"><ele>169.4</ele><time>2026-07-31T23:38:19Z</time></trkpt>
<trkpt lat="37.129062" lon="138.435168"><ele>172.8</ele><time>2026-07-31T23:38:39Z</time></trkpt>
<trkpt lat="37.128964" lon="138.435143"><ele>173.4</ele><time>2026-07-31T23:38:45Z</time></trkpt>
<trkpt lat="37.128806" lon="138.435521"><ele>175.8</ele><time>2026-07-31T23:38:58Z</time></trkpt>
<trkpt lat="37.128754" lon="138.436322"><ele>181.6</ele><time>2026-07-31T23:39:27Z</time></trkpt>
<trkpt lat="37.128651" lon="138.436472"><ele>183.8</ele><time>2026-07-31T23:39:35Z</time></trkpt>
<trkpt lat="37.128555" lon="138.436416"><ele>184.6</ele><time>2026-07-31T23:39:40Z</time></trkpt>
<trkpt lat="37.128330" lon="138.435379"><ele>190.8</ele><time>2026-07-31T23:40:16Z</time></trkpt>
<trkpt lat="37.128475" lon="138.434887"><ele>193.6</ele><time>2026-07-31T23:40:33Z</time></trkpt>
<trkpt lat="37.128613" lon="138.433482"><ele>202.4</ele><time>2026-07-31T23:41:14Z</time></trkpt>
<trkpt lat="37.128999" lon="138.433090"><ele>203.4</ele><time>2026-07-31T23:41:28Z</time></trkpt>
<trkpt lat="37.129612" lon="138.431513"><ele>201.8</ele><time>2026-07-31T23:41:53Z</time></trkpt>
<trkpt lat="37.129935" lon="138.431320"><ele>201.2</ele><time>2026-07-31T23:41:59Z</time></trkpt>
<trkpt lat="37.130124" lon="138.431551"><ele>199.8</ele><time>2026-07-31T23:42:03Z</time></trkpt>
<trkpt lat="37.130304" lon="138.432044"><ele>198.0</ele><time>2026-07-31T23:42:09Z</time></trkpt>
<trkpt lat="37.130393" lon="138.432117"><ele>197.4</ele><time>2026-07-31T23:42:11Z</time></trkpt>
<trkpt lat="37.130479" lon="138.432067"><ele>197.0</ele><time>2026-07-31T23:42:13Z</time></trkpt>
<trkpt lat="37.130337" lon="138.431335"><ele>194.2</ele><time>2026-07-31T23:42:21Z</time></trkpt>
<trkpt lat="37.130484" lon="138.429503"><ele>183.2</ele><time>2026-07-31T23:42:34Z</time></trkpt>
<trkpt lat="37.130468" lon="138.428817"><ele>179.6</ele><time>2026-07-31T23:42:39Z</time></trkpt>
<trkpt lat="37.130699" lon="138.428205"><ele>178.0</ele><time>2026-07-31T23:42:44Z</time></trkpt>
<trkpt lat="37.131301" lon="138.427362"><ele>173.0</ele><time>2026-07-31T23:42:52Z</time></trkpt>
<trkpt lat="37.131493" lon="138.426430"><ele>166.4</ele><time>2026-07-31T23:42:59Z</time></trkpt>
<trkpt lat="37.131349" lon="138.425931"><ele>162.8</ele><time>2026-07-31T23:43:03Z</time></trkpt>
<trkpt lat="37.131187" lon="138.425736"><ele>161.4</ele><time>2026-07-31T23:43:05Z</time></trkpt>
<trkpt lat="37.130844" lon="138.425562"><ele>158.0</ele><time>2026-07-31T23:43:09Z</time></trkpt>
<trkpt lat="37.130770" lon="138.425305"><ele>156.4</ele><time>2026-07-31T23:43:12Z</time></trkpt>
<trkpt lat="37.130962" lon="138.425187"><ele>154.8</ele><time>2026-07-31T23:43:15Z</time></trkpt>
<trkpt lat="37.131724" lon="138.425400"><ele>149.4</ele><time>2026-07-31T23:43:23Z</time></trkpt>
<trkpt lat="37.132302" lon="138.425961"><ele>143.2</ele><time>2026-07-31T23:43:31Z</time></trkpt>
<trkpt lat="37.132393" lon="138.425971"><ele>141.6</ele><time>2026-07-31T23:43:33Z</time></trkpt>
<trkpt lat="37.132401" lon="138.425734"><ele>140.2</ele><time>2026-07-31T23:43:36Z</time></trkpt>
<trkpt lat="37.131745" lon="138.424648"><ele>134.0</ele><time>2026-07-31T23:43:46Z</time></trkpt>
<trkpt lat="37.131524" lon="138.423814"><ele>126.8</ele><time>2026-07-31T23:43:53Z</time></trkpt>
<trkpt lat="37.131419" lon="138.423658"><ele>124.6</ele><time>2026-07-31T23:43:55Z</time></trkpt>
<trkpt lat="37.131046" lon="138.423608"><ele>123.4</ele><time>2026-07-31T23:43:59Z</time></trkpt>
<trkpt lat="37.130116" lon="138.424066"><ele>115.0</ele><time>2026-07-31T23:44:08Z</time></trkpt>
<trkpt lat="37.129855" lon="138.424056"><ele>112.8</ele><time>2026-07-31T23:44:11Z</time></trkpt>
<trkpt lat="37.129620" lon="138.423561"><ele>109.4</ele><time>2026-07-31T23:44:16Z</time></trkpt>
<trkpt lat="37.129522" lon="138.422868"><ele>106.0</ele><time>2026-07-31T23:44:22Z</time></trkpt>
<trkpt lat="37.129333" lon="138.422692"><ele>104.2</ele><time>2026-07-31T23:44:25Z</time></trkpt>
<trkpt lat="37.129019" lon="138.422723"><ele>103.0</ele><time>2026-07-31T23:44:29Z</time></trkpt>
<trkpt lat="37.128896" lon="138.422554"><ele>101.6</ele><time>2026-07-31T23:44:32Z</time></trkpt>
<trkpt lat="37.128899" lon="138.422465"><ele>101.2</ele><time>2026-07-31T23:44:33Z</time></trkpt>
<trkpt lat="37.129031" lon="138.422332"><ele>100.4</ele><time>2026-07-31T23:44:35Z</time></trkpt>
<trkpt lat="37.129696" lon="138.422038"><ele>94.4</ele><time>2026-07-31T23:44:43Z</time></trkpt>
<trkpt lat="37.129734" lon="138.421802"><ele>92.0</ele><time>2026-07-31T23:44:46Z</time></trkpt>
<trkpt lat="37.129523" lon="138.421698"><ele>90.0</ele><time>2026-07-31T23:44:49Z</time></trkpt>
<trkpt lat="37.129017" lon="138.421900"><ele>85.4</ele><time>2026-07-31T23:44:55Z</time></trkpt>
<trkpt lat="37.128772" lon="138.421827"><ele>83.6</ele><time>2026-07-31T23:44:58Z</time></trkpt>
<trkpt lat="37.128332" lon="138.421321"><ele>80.6</ele><time>2026-07-31T23:45:04Z</time></trkpt>
<trkpt lat="37.127933" lon="138.420992"><ele>77.2</ele><time>2026-07-31T23:45:09Z</time></trkpt>
<trkpt lat="37.127761" lon="138.420736"><ele>75.8</ele><time>2026-07-31T23:45:12Z</time></trkpt>
<trkpt lat="37.127494" lon="138.420077"><ele>75.4</ele><time>2026-07-31T23:45:20Z</time></trkpt>
<trkpt lat="37.127012" lon="138.419663"><ele>78.0</ele><time>2026-07-31T23:45:31Z</time></trkpt>
<trkpt lat="37.126642" lon="138.419533"><ele>79.4</ele><time>2026-07-31T23:45:39Z</time></trkpt>
<trkpt lat="37.126310" lon="138.419521"><ele>79.6</ele><time>2026-07-31T23:45:45Z</time></trkpt>
<trkpt lat="37.125163" lon="138.419892"><ele>77.8</ele><time>2026-07-31T23:46:04Z</time></trkpt>
<trkpt lat="37.124659" lon="138.419906"><ele>78.0</ele><time>2026-07-31T23:46:12Z</time></trkpt>
<trkpt lat="37.122911" lon="138.418777"><ele>79.8</ele><time>2026-07-31T23:46:47Z</time></trkpt>
<trkpt lat="37.122428" lon="138.418780"><ele>79.6</ele><time>2026-07-31T23:46:55Z</time></trkpt>
<trkpt lat="37.121843" lon="138.419064"><ele>79.4</ele><time>2026-07-31T23:47:05Z</time></trkpt>
<trkpt lat="37.121402" lon="138.419053"><ele>79.2</ele><time>2026-07-31T23:47:12Z</time></trkpt>
<trkpt lat="37.120506" lon="138.418498"><ele>81.0</ele><time>2026-07-31T23:47:31Z</time></trkpt>
<trkpt lat="37.120198" lon="138.418423"><ele>83.0</ele><time>2026-07-31T23:47:45Z</time></trkpt>
<trkpt lat="37.120171" lon="138.418325"><ele>83.4</ele><time>2026-07-31T23:49:36Z</time></trkpt>
<trkpt lat="37.119665" lon="138.417943"><ele>83.4</ele><time>2026-07-31T23:49:52Z</time></trkpt>
<trkpt lat="37.119477" lon="138.417642"><ele>83.8</ele><time>2026-07-31T23:49:59Z</time></trkpt>
<trkpt lat="37.119184" lon="138.416374"><ele>87.4</ele><time>2026-07-31T23:50:25Z</time></trkpt>
<trkpt lat="37.118753" lon="138.415492"><ele>92.6</ele><time>2026-07-31T23:50:51Z</time></trkpt>
<trkpt lat="37.118623" lon="138.415060"><ele>94.8</ele><time>2026-07-31T23:51:04Z</time></trkpt>
<trkpt lat="37.118172" lon="138.412397"><ele>112.0</ele><time>2026-07-31T23:52:26Z</time></trkpt>
<trkpt lat="37.117852" lon="138.411175"><ele>120.2</ele><time>2026-07-31T23:53:06Z</time></trkpt>
<trkpt lat="37.117426" lon="138.410093"><ele>124.8</ele><time>2026-07-31T23:53:37Z</time></trkpt>
<trkpt lat="37.117395" lon="138.409657"><ele>126.8</ele><time>2026-07-31T23:53:48Z</time></trkpt>
<trkpt lat="37.117511" lon="138.409299"><ele>127.8</ele><time>2026-07-31T23:53:58Z</time></trkpt>
<trkpt lat="37.117787" lon="138.409107"><ele>128.8</ele><time>2026-07-31T23:54:08Z</time></trkpt>
<trkpt lat="37.118065" lon="138.409092"><ele>129.6</ele><time>2026-07-31T23:54:17Z</time></trkpt>
<trkpt lat="37.118617" lon="138.409370"><ele>133.0</ele><time>2026-07-31T23:54:36Z</time></trkpt>
<trkpt lat="37.118810" lon="138.409651"><ele>134.6</ele><time>2026-07-31T23:54:45Z</time></trkpt>
<trkpt lat="37.118880" lon="138.409923"><ele>135.8</ele><time>2026-07-31T23:54:52Z</time></trkpt>
<trkpt lat="37.118725" lon="138.410746"><ele>139.6</ele><time>2026-07-31T23:55:14Z</time></trkpt>
<trkpt lat="37.118744" lon="138.411088"><ele>140.8</ele><time>2026-07-31T23:55:23Z</time></trkpt>
<trkpt lat="37.118887" lon="138.411368"><ele>142.4</ele><time>2026-07-31T23:55:32Z</time></trkpt>
<trkpt lat="37.119139" lon="138.411508"><ele>143.6</ele><time>2026-07-31T23:55:41Z</time></trkpt>
<trkpt lat="37.119538" lon="138.411402"><ele>146.4</ele><time>2026-07-31T23:55:55Z</time></trkpt>
<trkpt lat="37.120344" lon="138.410570"><ele>154.4</ele><time>2026-07-31T23:56:33Z</time></trkpt>
<trkpt lat="37.120752" lon="138.410374"><ele>157.6</ele><time>2026-07-31T23:56:49Z</time></trkpt>
<trkpt lat="37.121187" lon="138.410429"><ele>159.6</ele><time>2026-07-31T23:57:05Z</time></trkpt>
<trkpt lat="37.123064" lon="138.411161"><ele>170.8</ele><time>2026-07-31T23:58:13Z</time></trkpt>
<trkpt lat="37.123512" lon="138.411086"><ele>172.6</ele><time>2026-07-31T23:58:29Z</time></trkpt>
<trkpt lat="37.123769" lon="138.410761"><ele>175.8</ele><time>2026-07-31T23:58:42Z</time></trkpt>
<trkpt lat="37.123851" lon="138.410199"><ele>178.2</ele><time>2026-07-31T23:58:58Z</time></trkpt>
<trkpt lat="37.123832" lon="138.409470"><ele>181.0</ele><time>2026-07-31T23:59:17Z</time></trkpt>
<trkpt lat="37.123004" lon="138.407752"><ele>174.2</ele><time>2026-07-31T23:59:38Z</time></trkpt>
<trkpt lat="37.122940" lon="138.406486"><ele>164.6</ele><time>2026-07-31T23:59:47Z</time></trkpt>
<trkpt lat="37.122370" lon="138.405319"><ele>156.6</ele><time>2026-07-31T23:59:57Z</time></trkpt>
<trkpt lat="37.122291" lon="138.404690"><ele>155.2</ele><time>2026-08-01T00:00:02Z</time></trkpt>
<trkpt lat="37.122109" lon="138.404089"><ele>153.0</ele><time>2026-08-01T00:00:07Z</time></trkpt>
<trkpt lat="37.122094" lon="138.403694"><ele>152.0</ele><time>2026-08-01T00:00:10Z</time></trkpt>
<trkpt lat="37.122162" lon="138.403446"><ele>150.4</ele><time>2026-08-01T00:00:12Z</time></trkpt>
<trkpt lat="37.122357" lon="138.403125"><ele>147.4</ele><time>2026-08-01T00:00:15Z</time></trkpt>
<trkpt lat="37.123219" lon="138.402454"><ele>141.6</ele><time>2026-08-01T00:00:24Z</time></trkpt>
<trkpt lat="37.123451" lon="138.402125"><ele>140.0</ele><time>2026-08-01T00:00:27Z</time></trkpt>
<trkpt lat="37.123504" lon="138.401689"><ele>137.6</ele><time>2026-08-01T00:00:30Z</time></trkpt>
<trkpt lat="37.123390" lon="138.401060"><ele>133.0</ele><time>2026-08-01T00:00:34Z</time></trkpt>
<trkpt lat="37.123393" lon="138.400739"><ele>130.2</ele><time>2026-08-01T00:00:36Z</time></trkpt>
<trkpt lat="37.123641" lon="138.400026"><ele>123.6</ele><time>2026-08-01T00:00:41Z</time></trkpt>
<trkpt lat="37.123925" lon="138.399736"><ele>121.2</ele><time>2026-08-01T00:00:44Z</time></trkpt>
<trkpt lat="37.124473" lon="138.399456"><ele>117.4</ele><time>2026-08-01T00:00:49Z</time></trkpt>
<trkpt lat="37.124640" lon="138.399251"><ele>116.2</ele><time>2026-08-01T00:00:51Z</time></trkpt>
<trkpt lat="37.124751" lon="138.398824"><ele>113.8</ele><time>2026-08-01T00:00:54Z</time></trkpt>
<trkpt lat="37.124730" lon="138.398365"><ele>110.8</ele><time>2026-08-01T00:00:57Z</time></trkpt>
<trkpt lat="37.124260" lon="138.397738"><ele>103.2</ele><time>2026-08-01T00:01:03Z</time></trkpt>
<trkpt lat="37.124235" lon="138.397495"><ele>101.6</ele><time>2026-08-01T00:01:05Z</time></trkpt>
<trkpt lat="37.124329" lon="138.397318"><ele>100.4</ele><time>2026-08-01T00:01:07Z</time></trkpt>
<trkpt lat="37.124986" lon="138.396885"><ele>95.2</ele><time>2026-08-01T00:01:14Z</time></trkpt>
<trkpt lat="37.125230" lon="138.396539"><ele>93.0</ele><time>2026-08-01T00:01:18Z</time></trkpt>
<trkpt lat="37.125232" lon="138.396346"><ele>92.8</ele><time>2026-08-01T00:01:20Z</time></trkpt>
<trkpt lat="37.125038" lon="138.395668"><ele>92.6</ele><time>2026-08-01T00:01:27Z</time></trkpt>
<trkpt lat="37.125093" lon="138.395371"><ele>92.8</ele><time>2026-08-01T00:01:30Z</time></trkpt>
<trkpt lat="37.125352" lon="138.394744"><ele>91.8</ele><time>2026-08-01T00:01:37Z</time></trkpt>
<trkpt lat="37.125628" lon="138.394435"><ele>90.4</ele><time>2026-08-01T00:01:42Z</time></trkpt>
<trkpt lat="37.126166" lon="138.394283"><ele>88.4</ele><time>2026-08-01T00:01:49Z</time></trkpt>
<trkpt lat="37.126392" lon="138.393938"><ele>87.4</ele><time>2026-08-01T00:01:53Z</time></trkpt>
<trkpt lat="37.126492" lon="138.393611"><ele>86.6</ele><time>2026-08-01T00:01:56Z</time></trkpt>
<trkpt lat="37.126596" lon="138.392772"><ele>82.6</ele><time>2026-08-01T00:02:03Z</time></trkpt>
<trkpt lat="37.127142" lon="138.392091"><ele>78.6</ele><time>2026-08-01T00:02:11Z</time></trkpt>
<trkpt lat="37.127316" lon="138.391359"><ele>76.0</ele><time>2026-08-01T00:02:17Z</time></trkpt>
<trkpt lat="37.127548" lon="138.390732"><ele>75.6</ele><time>2026-08-01T00:02:24Z</time></trkpt>
<trkpt lat="37.127673" lon="138.389695"><ele>74.8</ele><time>2026-08-01T00:02:33Z</time></trkpt>
<trkpt lat="37.127838" lon="138.388970"><ele>70.2</ele><time>2026-08-01T00:02:39Z</time></trkpt>
<trkpt lat="37.128384" lon="138.387965"><ele>67.8</ele><time>2026-08-01T00:02:50Z</time></trkpt>
<trkpt lat="37.128602" lon="138.387281"><ele>66.6</ele><time>2026-08-01T00:02:57Z</time></trkpt>
<trkpt lat="37.128813" lon="138.386234"><ele>65.4</ele><time>2026-08-01T00:03:08Z</time></trkpt>
<trkpt lat="37.128876" lon="138.385681"><ele>64.8</ele><time>2026-08-01T00:03:14Z</time></trkpt>
<trkpt lat="37.128846" lon="138.385392"><ele>64.6</ele><time>2026-08-01T00:03:17Z</time></trkpt>
<trkpt lat="37.128307" lon="138.384161"><ele>62.0</ele><time>2026-08-01T00:03:31Z</time></trkpt>
<trkpt lat="37.127724" lon="138.383215"><ele>62.0</ele><time>2026-08-01T00:03:45Z</time></trkpt>
<trkpt lat="37.127628" lon="138.382862"><ele>62.4</ele><time>2026-08-01T00:03:50Z</time></trkpt>
<trkpt lat="37.127878" lon="138.379689"><ele>63.8</ele><time>2026-08-01T00:04:33Z</time></trkpt>
<trkpt lat="37.132906" lon="138.371299"><ele>56.0</ele><time>2026-08-01T00:06:33Z</time></trkpt>
<trkpt lat="37.133067" lon="138.370923"><ele>55.4</ele><time>2026-08-01T00:06:38Z</time></trkpt>
<trkpt lat="37.133331" lon="138.369860"><ele>54.6</ele><time>2026-08-01T00:06:51Z</time></trkpt>
<trkpt lat="37.133920" lon="138.368955"><ele>52.6</ele><time>2026-08-01T00:07:04Z</time></trkpt>
<trkpt lat="37.134376" lon="138.368047"><ele>52.8</ele><time>2026-08-01T00:07:18Z</time></trkpt>
<trkpt lat="37.134385" lon="138.367761"><ele>53.0</ele><time>2026-08-01T00:07:22Z</time></trkpt>
<trkpt lat="37.134099" lon="138.366973"><ele>53.0</ele><time>2026-08-01T00:07:33Z</time></trkpt>
<trkpt lat="37.134096" lon="138.366487"><ele>53.0</ele><time>2026-08-01T00:07:39Z</time></trkpt>
<trkpt lat="37.134710" lon="138.364836"><ele>52.0</ele><time>2026-08-01T00:08:01Z</time></trkpt>
<trkpt lat="37.134855" lon="138.364230"><ele>52.0</ele><time>2026-08-01T00:08:09Z</time></trkpt>
<trkpt lat="37.135123" lon="138.362719"><ele>53.4</ele><time>2026-08-01T00:08:27Z</time></trkpt>
<trkpt lat="37.135160" lon="138.361567"><ele>50.8</ele><time>2026-08-01T00:08:40Z</time></trkpt>
<trkpt lat="37.135289" lon="138.360593"><ele>51.8</ele><time>2026-08-01T00:08:51Z</time></trkpt>
<trkpt lat="37.135206" lon="138.359989"><ele>52.4</ele><time>2026-08-01T00:08:58Z</time></trkpt>
<trkpt lat="37.134304" lon="138.356659"><ele>49.0</ele><time>2026-08-01T00:09:38Z</time></trkpt>
<trkpt lat="37.134340" lon="138.354296"><ele>48.6</ele><time>2026-08-01T00:10:05Z</time></trkpt>
<trkpt lat="37.134418" lon="138.353370"><ele>48.2</ele><time>2026-08-01T00:10:16Z</time></trkpt>
<trkpt lat="37.134961" lon="138.351918"><ele>48.4</ele><time>2026-08-01T00:10:36Z</time></trkpt>
<trkpt lat="37.135418" lon="138.349882"><ele>49.8</ele><time>2026-08-01T00:11:05Z</time></trkpt>
<trkpt lat="37.137947" lon="138.344750"><ele>48.4</ele><time>2026-08-01T00:12:21Z</time></trkpt>
<trkpt lat="37.138315" lon="138.343881"><ele>49.6</ele><time>2026-08-01T00:12:32Z</time></trkpt>
<trkpt lat="37.138826" lon="138.342126"><ele>50.0</ele><time>2026-08-01T00:12:53Z</time></trkpt>
<trkpt lat="37.139869" lon="138.340324"><ele>47.4</ele><time>2026-08-01T00:13:28Z</time></trkpt>
<trkpt lat="37.140772" lon="138.339611"><ele>45.6</ele><time>2026-08-01T00:13:44Z</time></trkpt>
<trkpt lat="37.141075" lon="138.339270"><ele>45.4</ele><time>2026-08-01T00:13:50Z</time></trkpt>
<trkpt lat="37.141405" lon="138.338361"><ele>45.2</ele><time>2026-08-01T00:14:02Z</time></trkpt>
<trkpt lat="37.141395" lon="138.337860"><ele>45.0</ele><time>2026-08-01T00:14:08Z</time></trkpt>
<trkpt lat="37.140952" lon="138.336924"><ele>46.6</ele><time>2026-08-01T00:14:21Z</time></trkpt>
<trkpt lat="37.140845" lon="138.336554"><ele>47.4</ele><time>2026-08-01T00:14:26Z</time></trkpt>
<trkpt lat="37.140403" lon="138.333684"><ele>48.8</ele><time>2026-08-01T00:15:03Z</time></trkpt>
<trkpt lat="37.140235" lon="138.332018"><ele>48.4</ele><time>2026-08-01T00:15:24Z</time></trkpt>
<trkpt lat="37.140192" lon="138.329036"><ele>46.6</ele><time>2026-08-01T00:16:01Z</time></trkpt>
<trkpt lat="37.139710" lon="138.325854"><ele>45.2</ele><time>2026-08-01T00:16:40Z</time></trkpt>
<trkpt lat="37.139648" lon="138.323729"><ele>44.6</ele><time>2026-08-01T00:17:06Z</time></trkpt>
<trkpt lat="37.138548" lon="138.320187"><ele>45.2</ele><time>2026-08-01T00:17:52Z</time></trkpt>
<trkpt lat="37.137931" lon="138.318034"><ele>45.2</ele><time>2026-08-01T00:18:22Z</time></trkpt>
<trkpt lat="37.137869" lon="138.317619"><ele>44.4</ele><time>2026-08-01T00:18:27Z</time></trkpt>
<trkpt lat="37.138941" lon="138.311002"><ele>44.0</ele><time>2026-08-01T00:19:46Z</time></trkpt>
<trkpt lat="37.139235" lon="138.309565"><ele>44.2</ele><time>2026-08-01T00:20:03Z</time></trkpt>
<trkpt lat="37.139951" lon="138.306891"><ele>43.4</ele><time>2026-08-01T00:20:35Z</time></trkpt>
<trkpt lat="37.140518" lon="138.305053"><ele>43.6</ele><time>2026-08-01T00:21:03Z</time></trkpt>
<trkpt lat="37.140856" lon="138.304361"><ele>43.2</ele><time>2026-08-01T00:21:17Z</time></trkpt>
<trkpt lat="37.140970" lon="138.303699"><ele>42.8</ele><time>2026-08-01T00:21:26Z</time></trkpt>
<trkpt lat="37.141494" lon="138.302820"><ele>42.4</ele><time>2026-08-01T00:21:39Z</time></trkpt>
<trkpt lat="37.141967" lon="138.301423"><ele>43.6</ele><time>2026-08-01T00:21:57Z</time></trkpt>
<trkpt lat="37.142365" lon="138.300945"><ele>43.6</ele><time>2026-08-01T00:22:05Z</time></trkpt>
<trkpt lat="37.142500" lon="138.300638"><ele>43.4</ele><time>2026-08-01T00:22:09Z</time></trkpt>
<trkpt lat="37.143218" lon="138.298024"><ele>43.0</ele><time>2026-08-01T00:22:40Z</time></trkpt>
<trkpt lat="37.144051" lon="138.293783"><ele>40.8</ele><time>2026-08-01T00:23:28Z</time></trkpt>
<trkpt lat="37.144415" lon="138.292415"><ele>40.4</ele><time>2026-08-01T00:23:45Z</time></trkpt>
<trkpt lat="37.145733" lon="138.288950"><ele>39.2</ele><time>2026-08-01T00:24:30Z</time></trkpt>
<trkpt lat="37.146694" lon="138.286658"><ele>39.4</ele><time>2026-08-01T00:24:59Z</time></trkpt>
<trkpt lat="37.147590" lon="138.283816"><ele>38.6</ele><time>2026-08-01T00:25:33Z</time></trkpt>
<trkpt lat="37.147791" lon="138.282946"><ele>39.2</ele><time>2026-08-01T00:26:10Z</time></trkpt>
<trkpt lat="37.148172" lon="138.279603"><ele>39.0</ele><time>2026-08-01T00:26:57Z</time></trkpt>
<trkpt lat="37.148461" lon="138.279398"><ele>39.0</ele><time>2026-08-01T00:27:29Z</time></trkpt>
<trkpt lat="37.149651" lon="138.279146"><ele>38.0</ele><time>2026-08-01T00:27:51Z</time></trkpt>
<trkpt lat="37.151736" lon="138.277978"><ele>39.0</ele><time>2026-08-01T00:28:27Z</time></trkpt>
<trkpt lat="37.153164" lon="138.276879"><ele>39.0</ele><time>2026-08-01T00:28:53Z</time></trkpt>
<trkpt lat="37.153935" lon="138.276388"><ele>37.4</ele><time>2026-08-01T00:29:06Z</time></trkpt>
<trkpt lat="37.154928" lon="138.275812"><ele>37.2</ele><time>2026-08-01T00:29:22Z</time></trkpt>
<trkpt lat="37.155686" lon="138.275555"><ele>37.0</ele><time>2026-08-01T00:29:34Z</time></trkpt>
<trkpt lat="37.156838" lon="138.274481"><ele>37.6</ele><time>2026-08-01T00:29:55Z</time></trkpt>
<trkpt lat="37.157570" lon="138.273957"><ele>37.8</ele><time>2026-08-01T00:30:07Z</time></trkpt>
<trkpt lat="37.158389" lon="138.273566"><ele>35.6</ele><time>2026-08-01T00:30:19Z</time></trkpt>
<trkpt lat="37.158933" lon="138.273451"><ele>35.8</ele><time>2026-08-01T00:30:28Z</time></trkpt>
<trkpt lat="37.160316" lon="138.272863"><ele>35.6</ele><time>2026-08-01T00:30:50Z</time></trkpt>
<trkpt lat="37.160655" lon="138.272853"><ele>35.6</ele><time>2026-08-01T00:30:55Z</time></trkpt>
<trkpt lat="37.164139" lon="138.273501"><ele>35.0</ele><time>2026-08-01T00:31:46Z</time></trkpt>
<trkpt lat="37.164737" lon="138.273395"><ele>35.0</ele><time>2026-08-01T00:31:55Z</time></trkpt>
<trkpt lat="37.167945" lon="138.272357"><ele>34.6</ele><time>2026-08-01T00:32:44Z</time></trkpt>
<trkpt lat="37.172516" lon="138.272987"><ele>34.0</ele><time>2026-08-01T00:34:33Z</time></trkpt>
<trkpt lat="37.172857" lon="138.263979"><ele>33.2</ele><time>2026-08-01T00:36:19Z</time></trkpt>
<trkpt lat="37.173065" lon="138.260043"><ele>34.0</ele><time>2026-08-01T00:37:15Z</time></trkpt>
<trkpt lat="37.173174" lon="138.255610"><ele>34.2</ele><time>2026-08-01T00:38:13Z</time></trkpt>
<trkpt lat="37.173330" lon="138.255581"><ele>35.0</ele><time>2026-08-01T00:38:19Z</time></trkpt>
<trkpt lat="37.173409" lon="138.255411"><ele>34.4</ele><time>2026-08-01T00:39:12Z</time></trkpt>
<trkpt lat="37.173509" lon="138.255363"><ele>34.4</ele><time>2026-08-01T00:39:15Z</time></trkpt>
<trkpt lat="37.177740" lon="138.254734"><ele>34.0</ele><time>2026-08-01T00:41:35Z</time></trkpt>
<trkpt lat="37.180318" lon="138.254196"><ele>32.2</ele><time>2026-08-01T00:42:19Z</time></trkpt>
<trkpt lat="37.182917" lon="138.252313"><ele>33.0</ele><time>2026-08-01T00:43:49Z</time></trkpt>
<trkpt lat="37.182954" lon="138.252099"><ele>32.8</ele><time>2026-08-01T00:43:53Z</time></trkpt>
<trkpt lat="37.182710" lon="138.251756"><ele>32.8</ele><time>2026-08-01T00:44:01Z</time></trkpt>
<trkpt lat="37.182709" lon="138.251451"><ele>33.0</ele><time>2026-08-01T00:44:07Z</time></trkpt>
<trkpt lat="37.182619" lon="138.251256"><ele>33.6</ele><time>2026-08-01T00:44:12Z</time></trkpt>
<trkpt lat="37.182721" lon="138.251443"><ele>3.0</ele><time>2026-08-01T01:04:55Z</time></trkpt>
<trkpt lat="37.182617" lon="138.251404"><ele>0.6</ele><time>2026-08-01T01:04:57Z</time></trkpt>
<trkpt lat="37.182565" lon="138.251258"><ele>1.4</ele><time>2026-08-01T01:05:00Z</time></trkpt>
<trkpt lat="37.182704" lon="138.251424"><ele>1.2</ele><time>2026-08-01T01:05:11Z</time></trkpt>
<trkpt lat="37.182643" lon="138.251619"><ele>0.8</ele><time>2026-08-01T01:05:16Z</time></trkpt>
<trkpt lat="37.182548" lon="138.251588"><ele>0.6</ele><time>2026-08-01T01:05:19Z</time></trkpt>
<trkpt lat="37.182379" lon="138.251320"><ele>0.4</ele><time>2026-08-01T01:05:26Z</time></trkpt>
<trkpt lat="37.182044" lon="138.251411"><ele>0.6</ele><time>2026-08-01T01:05:34Z</time></trkpt>
<trkpt lat="37.181927" lon="138.251219"><ele>0.6</ele><time>2026-08-01T01:05:38Z</time></trkpt>
<trkpt lat="37.181911" lon="138.250850"><ele>0.2</ele><time>2026-08-01T01:05:44Z</time></trkpt>
<trkpt lat="37.181774" lon="138.250748"><ele>0.2</ele><time>2026-08-01T01:05:50Z</time></trkpt>
<trkpt lat="37.177611" lon="138.251184"><ele>0.8</ele><time>2026-08-01T01:08:31Z</time></trkpt>
<trkpt lat="37.175160" lon="138.251282"><ele>0.0</ele><time>2026-08-01T01:09:12Z</time></trkpt>
<trkpt lat="37.173922" lon="138.251293"><ele>1.8</ele><time>2026-08-01T01:09:38Z</time></trkpt>
<trkpt lat="37.172652" lon="138.251159"><ele>0.6</ele><time>2026-08-01T01:10:28Z</time></trkpt>
<trkpt lat="37.167632" lon="138.251189"><ele>1.2</ele><time>2026-08-01T01:11:44Z</time></trkpt>
<trkpt lat="37.166950" lon="138.251350"><ele>2.4</ele><time>2026-08-01T01:11:54Z</time></trkpt>
<trkpt lat="37.161530" lon="138.253220"><ele>2.0</ele><time>2026-08-01T01:14:45Z</time></trkpt>
<trkpt lat="37.160718" lon="138.253364"><ele>1.2</ele><time>2026-08-01T01:15:16Z</time></trkpt>
<trkpt lat="37.158676" lon="138.253490"><ele>1.0</ele><time>2026-08-01T01:15:46Z</time></trkpt>
<trkpt lat="37.157733" lon="138.253651"><ele>1.4</ele><time>2026-08-01T01:16:28Z</time></trkpt>
<trkpt lat="37.156846" lon="138.253936"><ele>1.2</ele><time>2026-08-01T01:16:42Z</time></trkpt>
<trkpt lat="37.151380" lon="138.256356"><ele>1.8</ele><time>2026-08-01T01:18:12Z</time></trkpt>
<trkpt lat="37.150538" lon="138.256620"><ele>2.0</ele><time>2026-08-01T01:18:25Z</time></trkpt>
<trkpt lat="37.148983" lon="138.256943"><ele>2.6</ele><time>2026-08-01T01:18:49Z</time></trkpt>
<trkpt lat="37.147266" lon="138.257535"><ele>2.8</ele><time>2026-08-01T01:19:16Z</time></trkpt>
<trkpt lat="37.145793" lon="138.258530"><ele>3.0</ele><time>2026-08-01T01:19:41Z</time></trkpt>
<trkpt lat="37.145219" lon="138.259147"><ele>3.2</ele><time>2026-08-01T01:19:52Z</time></trkpt>
<trkpt lat="37.144970" lon="138.259281"><ele>3.2</ele><time>2026-08-01T01:19:56Z</time></trkpt>
<trkpt lat="37.144254" lon="138.259315"><ele>4.4</ele><time>2026-08-01T01:20:06Z</time></trkpt>
<trkpt lat="37.143151" lon="138.259684"><ele>4.8</ele><time>2026-08-01T01:20:22Z</time></trkpt>
<trkpt lat="37.140061" lon="138.261048"><ele>3.4</ele><time>2026-08-01T01:21:10Z</time></trkpt>
<trkpt lat="37.137977" lon="138.261287"><ele>5.6</ele><time>2026-08-01T01:21:41Z</time></trkpt>
<trkpt lat="37.137383" lon="138.261421"><ele>5.4</ele><time>2026-08-01T01:21:50Z</time></trkpt>
<trkpt lat="37.136124" lon="138.261853"><ele>3.6</ele><time>2026-08-01T01:22:10Z</time></trkpt>
<trkpt lat="37.135682" lon="138.262187"><ele>3.8</ele><time>2026-08-01T01:22:18Z</time></trkpt>
<trkpt lat="37.133992" lon="138.263133"><ele>4.4</ele><time>2026-08-01T01:22:46Z</time></trkpt>
<trkpt lat="37.133532" lon="138.263230"><ele>4.2</ele><time>2026-08-01T01:22:53Z</time></trkpt>
<trkpt lat="37.132614" lon="138.263275"><ele>4.4</ele><time>2026-08-01T01:23:07Z</time></trkpt>
<trkpt lat="37.130666" lon="138.264476"><ele>4.6</ele><time>2026-08-01T01:23:39Z</time></trkpt>
<trkpt lat="37.129570" lon="138.265008"><ele>4.2</ele><time>2026-08-01T01:23:57Z</time></trkpt>
<trkpt lat="37.129148" lon="138.265326"><ele>4.6</ele><time>2026-08-01T01:24:06Z</time></trkpt>
<trkpt lat="37.128238" lon="138.265716"><ele>4.8</ele><time>2026-08-01T01:24:32Z</time></trkpt>
<trkpt lat="37.127736" lon="138.266089"><ele>4.6</ele><time>2026-08-01T01:24:40Z</time></trkpt>
<trkpt lat="37.127220" lon="138.266621"><ele>4.2</ele><time>2026-08-01T01:24:49Z</time></trkpt>
<trkpt lat="37.125682" lon="138.267677"><ele>6.0</ele><time>2026-08-01T01:25:14Z</time></trkpt>
<trkpt lat="37.123659" lon="138.268046"><ele>5.0</ele><time>2026-08-01T01:25:44Z</time></trkpt>
<trkpt lat="37.122703" lon="138.268533"><ele>5.0</ele><time>2026-08-01T01:25:59Z</time></trkpt>
<trkpt lat="37.122433" lon="138.268597"><ele>5.0</ele><time>2026-08-01T01:26:03Z</time></trkpt>
<trkpt lat="37.121990" lon="138.268493"><ele>5.4</ele><time>2026-08-01T01:26:10Z</time></trkpt>
<trkpt lat="37.121125" lon="138.268012"><ele>5.8</ele><time>2026-08-01T01:26:25Z</time></trkpt>
<trkpt lat="37.120046" lon="138.267639"><ele>6.2</ele><time>2026-08-01T01:26:44Z</time></trkpt>
<trkpt lat="37.119757" lon="138.267621"><ele>6.2</ele><time>2026-08-01T01:26:50Z</time></trkpt>
<trkpt lat="37.119482" lon="138.267728"><ele>6.4</ele><time>2026-08-01T01:26:55Z</time></trkpt>
<trkpt lat="37.119114" lon="138.267908"><ele>6.4</ele><time>2026-08-01T01:27:01Z</time></trkpt>
<trkpt lat="37.118365" lon="138.268539"><ele>6.6</ele><time>2026-08-01T01:27:15Z</time></trkpt>
<trkpt lat="37.117383" lon="138.268684"><ele>6.8</ele><time>2026-08-01T01:27:31Z</time></trkpt>
<trkpt lat="37.116412" lon="138.269109"><ele>6.4</ele><time>2026-08-01T01:27:47Z</time></trkpt>
<trkpt lat="37.114742" lon="138.270307"><ele>6.6</ele><time>2026-08-01T01:28:16Z</time></trkpt>
<trkpt lat="37.113234" lon="138.271552"><ele>6.8</ele><time>2026-08-01T01:28:44Z</time></trkpt>
<trkpt lat="37.112382" lon="138.272078"><ele>8.0</ele><time>2026-08-01T01:30:26Z</time></trkpt>
<trkpt lat="37.112322" lon="138.272225"><ele>7.8</ele><time>2026-08-01T01:30:30Z</time></trkpt>
<trkpt lat="37.112436" lon="138.273095"><ele>7.8</ele><time>2026-08-01T01:30:47Z</time></trkpt>
<trkpt lat="37.112315" lon="138.273203"><ele>8.2</ele><time>2026-08-01T01:30:53Z</time></trkpt>
<trkpt lat="37.112257" lon="138.273439"><ele>8.4</ele><time>2026-08-01T01:31:12Z</time></trkpt>
<trkpt lat="37.105860" lon="138.275696"><ele>10.4</ele><time>2026-08-01T01:33:09Z</time></trkpt>
<trkpt lat="37.105677" lon="138.275921"><ele>10.6</ele><time>2026-08-01T01:33:13Z</time></trkpt>
<trkpt lat="37.105610" lon="138.276150"><ele>10.6</ele><time>2026-08-01T01:33:16Z</time></trkpt>
<trkpt lat="37.105540" lon="138.277121"><ele>9.0</ele><time>2026-08-01T01:33:28Z</time></trkpt>
<trkpt lat="37.105667" lon="138.278595"><ele>9.6</ele><time>2026-08-01T01:33:50Z</time></trkpt>
<trkpt lat="37.105366" lon="138.279500"><ele>9.6</ele><time>2026-08-01T01:34:03Z</time></trkpt>
<trkpt lat="37.105002" lon="138.279711"><ele>10.0</ele><time>2026-08-01T01:34:10Z</time></trkpt>
<trkpt lat="37.104288" lon="138.279591"><ele>10.4</ele><time>2026-08-01T01:34:22Z</time></trkpt>
<trkpt lat="37.103852" lon="138.279639"><ele>10.6</ele><time>2026-08-01T01:34:29Z</time></trkpt>
<trkpt lat="37.101373" lon="138.280939"><ele>12.8</ele><time>2026-08-01T01:35:09Z</time></trkpt>
<trkpt lat="37.101058" lon="138.281245"><ele>12.6</ele><time>2026-08-01T01:35:15Z</time></trkpt>
<trkpt lat="37.100439" lon="138.282055"><ele>10.6</ele><time>2026-08-01T01:35:29Z</time></trkpt>
<trkpt lat="37.098315" lon="138.285456"><ele>11.6</ele><time>2026-08-01T01:36:27Z</time></trkpt>
<trkpt lat="37.097921" lon="138.285765"><ele>12.0</ele><time>2026-08-01T01:36:35Z</time></trkpt>
<trkpt lat="37.097013" lon="138.286048"><ele>13.0</ele><time>2026-08-01T01:36:51Z</time></trkpt>
<trkpt lat="37.096575" lon="138.286150"><ele>13.0</ele><time>2026-08-01T01:36:59Z</time></trkpt>
<trkpt lat="37.094452" lon="138.286102"><ele>14.2</ele><time>2026-08-01T01:37:37Z</time></trkpt>
<trkpt lat="37.093030" lon="138.286744"><ele>14.6</ele><time>2026-08-01T01:38:02Z</time></trkpt>
<trkpt lat="37.090510" lon="138.287353"><ele>15.4</ele><time>2026-08-01T01:38:45Z</time></trkpt>
<trkpt lat="37.089621" lon="138.288127"><ele>16.4</ele><time>2026-08-01T01:39:03Z</time></trkpt>
<trkpt lat="37.089052" lon="138.288329"><ele>16.6</ele><time>2026-08-01T01:39:13Z</time></trkpt>
<trkpt lat="37.087628" lon="138.288323"><ele>16.6</ele><time>2026-08-01T01:39:36Z</time></trkpt>
<trkpt lat="37.086213" lon="138.288100"><ele>18.2</ele><time>2026-08-01T01:39:58Z</time></trkpt>
<trkpt lat="37.082645" lon="138.288811"><ele>17.8</ele><time>2026-08-01T01:40:54Z</time></trkpt>
<trkpt lat="37.081109" lon="138.288646"><ele>17.0</ele><time>2026-08-01T01:41:16Z</time></trkpt>
<trkpt lat="37.079958" lon="138.288233"><ele>17.2</ele><time>2026-08-01T01:41:34Z</time></trkpt>
<trkpt lat="37.077775" lon="138.287981"><ele>14.4</ele><time>2026-08-01T01:42:05Z</time></trkpt>
<trkpt lat="37.076850" lon="138.288309"><ele>17.8</ele><time>2026-08-01T01:42:24Z</time></trkpt>
<trkpt lat="37.076438" lon="138.288628"><ele>18.6</ele><time>2026-08-01T01:42:33Z</time></trkpt>
<trkpt lat="37.076122" lon="138.288741"><ele>18.8</ele><time>2026-08-01T01:42:39Z</time></trkpt>
<trkpt lat="37.068268" lon="138.289649"><ele>21.8</ele><time>2026-08-01T01:44:47Z</time></trkpt>
<trkpt lat="37.067939" lon="138.289592"><ele>21.8</ele><time>2026-08-01T01:44:52Z</time></trkpt>
<trkpt lat="37.067367" lon="138.289320"><ele>21.8</ele><time>2026-08-01T01:45:01Z</time></trkpt>
<trkpt lat="37.066629" lon="138.289313"><ele>21.8</ele><time>2026-08-01T01:45:12Z</time></trkpt>
<trkpt lat="37.066263" lon="138.289149"><ele>21.4</ele><time>2026-08-01T01:45:18Z</time></trkpt>
<trkpt lat="37.064505" lon="138.287237"><ele>22.8</ele><time>2026-08-01T01:45:51Z</time></trkpt>
<trkpt lat="37.063787" lon="138.286088"><ele>21.0</ele><time>2026-08-01T01:46:18Z</time></trkpt>
<trkpt lat="37.063123" lon="138.285770"><ele>20.0</ele><time>2026-08-01T01:46:30Z</time></trkpt>
<trkpt lat="37.061940" lon="138.285443"><ele>21.4</ele><time>2026-08-01T01:46:49Z</time></trkpt>
<trkpt lat="37.060366" lon="138.285176"><ele>23.2</ele><time>2026-08-01T01:47:12Z</time></trkpt>
<trkpt lat="37.059670" lon="138.285137"><ele>22.8</ele><time>2026-08-01T01:47:22Z</time></trkpt>
<trkpt lat="37.058816" lon="138.285373"><ele>22.0</ele><time>2026-08-01T01:47:34Z</time></trkpt>
<trkpt lat="37.057288" lon="138.286069"><ele>22.6</ele><time>2026-08-01T01:47:57Z</time></trkpt>
<trkpt lat="37.053098" lon="138.288918"><ele>26.2</ele><time>2026-08-01T01:49:14Z</time></trkpt>
<trkpt lat="37.052666" lon="138.289400"><ele>26.2</ele><time>2026-08-01T01:49:24Z</time></trkpt>
<trkpt lat="37.052390" lon="138.290086"><ele>26.6</ele><time>2026-08-01T01:49:35Z</time></trkpt>
<trkpt lat="37.052189" lon="138.292777"><ele>28.6</ele><time>2026-08-01T01:50:16Z</time></trkpt>
<trkpt lat="37.051896" lon="138.292881"><ele>29.2</ele><time>2026-08-01T01:50:53Z</time></trkpt>
<trkpt lat="37.049708" lon="138.292558"><ele>30.0</ele><time>2026-08-01T01:51:31Z</time></trkpt>
<trkpt lat="37.049531" lon="138.292671"><ele>30.2</ele><time>2026-08-01T01:51:35Z</time></trkpt>
<trkpt lat="37.049119" lon="138.295707"><ele>32.6</ele><time>2026-08-01T01:52:21Z</time></trkpt>
<trkpt lat="37.048999" lon="138.297324"><ele>33.8</ele><time>2026-08-01T01:52:47Z</time></trkpt>
<trkpt lat="37.048240" lon="138.300009"><ele>38.8</ele><time>2026-08-01T01:53:38Z</time></trkpt>
<trkpt lat="37.047979" lon="138.301505"><ele>40.6</ele><time>2026-08-01T01:54:05Z</time></trkpt>
<trkpt lat="37.047313" lon="138.303662"><ele>44.8</ele><time>2026-08-01T01:54:47Z</time></trkpt>
<trkpt lat="37.047167" lon="138.304513"><ele>46.0</ele><time>2026-08-01T01:55:04Z</time></trkpt>
<trkpt lat="37.046931" lon="138.306786"><ele>51.0</ele><time>2026-08-01T01:55:48Z</time></trkpt>
<trkpt lat="37.045878" lon="138.311233"><ele>61.2</ele><time>2026-08-01T01:57:19Z</time></trkpt>
<trkpt lat="37.045786" lon="138.311366"><ele>62.4</ele><time>2026-08-01T01:59:15Z</time></trkpt>
<trkpt lat="37.045608" lon="138.312225"><ele>63.8</ele><time>2026-08-01T01:59:37Z</time></trkpt>
<trkpt lat="37.044978" lon="138.314386"><ele>68.8</ele><time>2026-08-01T02:00:22Z</time></trkpt>
<trkpt lat="37.045010" lon="138.317013"><ele>79.6</ele><time>2026-08-01T02:01:28Z</time></trkpt>
<trkpt lat="37.044946" lon="138.317451"><ele>80.6</ele><time>2026-08-01T02:01:38Z</time></trkpt>
<trkpt lat="37.044257" lon="138.319349"><ele>85.0</ele><time>2026-08-01T02:02:20Z</time></trkpt>
<trkpt lat="37.043992" lon="138.320325"><ele>87.2</ele><time>2026-08-01T02:02:43Z</time></trkpt>
<trkpt lat="37.043528" lon="138.321322"><ele>90.8</ele><time>2026-08-01T02:03:08Z</time></trkpt>
<trkpt lat="37.043278" lon="138.322425"><ele>94.4</ele><time>2026-08-01T02:03:34Z</time></trkpt>
<trkpt lat="37.042276" lon="138.324328"><ele>100.0</ele><time>2026-08-01T02:04:27Z</time></trkpt>
<trkpt lat="37.041128" lon="138.326997"><ele>114.0</ele><time>2026-08-01T02:05:52Z</time></trkpt>
<trkpt lat="37.040466" lon="138.328977"><ele>119.2</ele><time>2026-08-01T02:06:45Z</time></trkpt>
<trkpt lat="37.040246" lon="138.329313"><ele>123.4</ele><time>2026-08-01T02:07:04Z</time></trkpt>
<trkpt lat="37.039560" lon="138.329454"><ele>130.8</ele><time>2026-08-01T02:07:37Z</time></trkpt>
<trkpt lat="37.038870" lon="138.330077"><ele>138.2</ele><time>2026-08-01T02:08:15Z</time></trkpt>
<trkpt lat="37.038239" lon="138.330770"><ele>147.2</ele><time>2026-08-01T02:08:55Z</time></trkpt>
<trkpt lat="37.038203" lon="138.330904"><ele>148.4</ele><time>2026-08-01T02:09:01Z</time></trkpt>
<trkpt lat="37.038306" lon="138.330974"><ele>149.6</ele><time>2026-08-01T02:09:08Z</time></trkpt>
<trkpt lat="37.038865" lon="138.330718"><ele>154.6</ele><time>2026-08-01T02:09:35Z</time></trkpt>
<trkpt lat="37.038978" lon="138.330772"><ele>156.2</ele><time>2026-08-01T02:09:41Z</time></trkpt>
<trkpt lat="37.038994" lon="138.330955"><ele>157.4</ele><time>2026-08-01T02:09:49Z</time></trkpt>
<trkpt lat="37.037611" lon="138.332055"><ele>178.0</ele><time>2026-08-01T02:11:17Z</time></trkpt>
<trkpt lat="37.037298" lon="138.332204"><ele>182.6</ele><time>2026-08-01T02:11:34Z</time></trkpt>
<trkpt lat="37.037185" lon="138.332684"><ele>186.6</ele><time>2026-08-01T02:11:55Z</time></trkpt>
<trkpt lat="37.037618" lon="138.333292"><ele>194.8</ele><time>2026-08-01T02:12:43Z</time></trkpt>
<trkpt lat="37.037807" lon="138.333449"><ele>198.2</ele><time>2026-08-01T02:13:02Z</time></trkpt>
<trkpt lat="37.037878" lon="138.333702"><ele>200.6</ele><time>2026-08-01T02:13:18Z</time></trkpt>
<trkpt lat="37.037372" lon="138.334519"><ele>205.2</ele><time>2026-08-01T02:14:04Z</time></trkpt>
<trkpt lat="37.037216" lon="138.334977"><ele>210.6</ele><time>2026-08-01T02:14:27Z</time></trkpt>
<trkpt lat="37.036672" lon="138.335718"><ele>222.0</ele><time>2026-08-01T02:15:13Z</time></trkpt>
<trkpt lat="37.036553" lon="138.336120"><ele>225.0</ele><time>2026-08-01T02:15:30Z</time></trkpt>
<trkpt lat="37.036576" lon="138.337220"><ele>230.4</ele><time>2026-08-01T02:16:04Z</time></trkpt>
<trkpt lat="37.036786" lon="138.338739"><ele>237.4</ele><time>2026-08-01T02:16:47Z</time></trkpt>
<trkpt lat="37.036728" lon="138.339265"><ele>238.0</ele><time>2026-08-01T02:16:59Z</time></trkpt>
<trkpt lat="37.036615" lon="138.339612"><ele>238.8</ele><time>2026-08-01T02:17:07Z</time></trkpt>
<trkpt lat="37.036110" lon="138.340491"><ele>240.6</ele><time>2026-08-01T02:17:29Z</time></trkpt>
<trkpt lat="37.035805" lon="138.341448"><ele>242.8</ele><time>2026-08-01T02:17:50Z</time></trkpt>
<trkpt lat="37.035445" lon="138.341906"><ele>243.2</ele><time>2026-08-01T02:18:03Z</time></trkpt>
<trkpt lat="37.034168" lon="138.343033"><ele>259.6</ele><time>2026-08-01T02:19:48Z</time></trkpt>
<trkpt lat="37.033926" lon="138.343776"><ele>265.8</ele><time>2026-08-01T02:20:31Z</time></trkpt>
<trkpt lat="37.033283" lon="138.344983"><ele>272.0</ele><time>2026-08-01T02:21:15Z</time></trkpt>
<trkpt lat="37.033173" lon="138.346203"><ele>272.6</ele><time>2026-08-01T02:21:38Z</time></trkpt>
<trkpt lat="37.033044" lon="138.346586"><ele>273.0</ele><time>2026-08-01T02:21:46Z</time></trkpt>
<trkpt lat="37.032739" lon="138.347020"><ele>273.0</ele><time>2026-08-01T02:21:56Z</time></trkpt>
<trkpt lat="37.031819" lon="138.347536"><ele>274.8</ele><time>2026-08-01T02:22:18Z</time></trkpt>
<trkpt lat="37.031538" lon="138.347882"><ele>272.6</ele><time>2026-08-01T02:22:23Z</time></trkpt>
<trkpt lat="37.031331" lon="138.348364"><ele>269.6</ele><time>2026-08-01T02:22:28Z</time></trkpt>
<trkpt lat="37.031332" lon="138.349251"><ele>265.0</ele><time>2026-08-01T02:22:34Z</time></trkpt>
<trkpt lat="37.031112" lon="138.349656"><ele>261.6</ele><time>2026-08-01T02:22:37Z</time></trkpt>
<trkpt lat="37.030828" lon="138.349810"><ele>258.0</ele><time>2026-08-01T02:22:40Z</time></trkpt>
<trkpt lat="37.029536" lon="138.350071"><ele>263.6</ele><time>2026-08-01T02:23:05Z</time></trkpt>
<trkpt lat="37.028383" lon="138.350554"><ele>271.6</ele><time>2026-08-01T02:23:50Z</time></trkpt>
<trkpt lat="37.028085" lon="138.350865"><ele>275.0</ele><time>2026-08-01T02:24:09Z</time></trkpt>
<trkpt lat="37.027250" lon="138.352421"><ele>289.4</ele><time>2026-08-01T02:25:25Z</time></trkpt>
<trkpt lat="37.026484" lon="138.353181"><ele>295.0</ele><time>2026-08-01T02:26:02Z</time></trkpt>
<trkpt lat="37.025867" lon="138.353506"><ele>297.0</ele><time>2026-08-01T02:26:25Z</time></trkpt>
<trkpt lat="37.024245" lon="138.354088"><ele>302.6</ele><time>2026-08-01T02:27:24Z</time></trkpt>
<trkpt lat="37.022860" lon="138.355036"><ele>315.6</ele><time>2026-08-01T02:28:48Z</time></trkpt>
<trkpt lat="37.021512" lon="138.355737"><ele>327.6</ele><time>2026-08-01T02:30:05Z</time></trkpt>
<trkpt lat="37.021282" lon="138.355988"><ele>330.0</ele><time>2026-08-01T02:30:21Z</time></trkpt>
<trkpt lat="37.020437" lon="138.357442"><ele>342.4</ele><time>2026-08-01T02:31:33Z</time></trkpt>
<trkpt lat="37.020353" lon="138.357775"><ele>344.0</ele><time>2026-08-01T02:31:45Z</time></trkpt>
<trkpt lat="37.020336" lon="138.358648"><ele>346.6</ele><time>2026-08-01T02:32:10Z</time></trkpt>
<trkpt lat="37.019799" lon="138.359466"><ele>353.6</ele><time>2026-08-01T02:32:56Z</time></trkpt>
<trkpt lat="37.019591" lon="138.359501"><ele>355.8</ele><time>2026-08-01T02:33:09Z</time></trkpt>
<trkpt lat="37.019116" lon="138.359245"><ele>360.8</ele><time>2026-08-01T02:33:40Z</time></trkpt>
<trkpt lat="37.018936" lon="138.359303"><ele>363.2</ele><time>2026-08-01T02:33:52Z</time></trkpt>
<trkpt lat="37.018117" lon="138.360272"><ele>372.8</ele><time>2026-08-01T02:34:55Z</time></trkpt>
<trkpt lat="37.017134" lon="138.361677"><ele>383.8</ele><time>2026-08-01T02:36:10Z</time></trkpt>
<trkpt lat="37.016751" lon="138.362098"><ele>384.4</ele><time>2026-08-01T02:36:25Z</time></trkpt>
<trkpt lat="37.016305" lon="138.362142"><ele>385.0</ele><time>2026-08-01T02:36:37Z</time></trkpt>
<trkpt lat="37.014784" lon="138.362004"><ele>394.0</ele><time>2026-08-01T02:37:43Z</time></trkpt>
<trkpt lat="37.014518" lon="138.362199"><ele>397.6</ele><time>2026-08-01T02:38:03Z</time></trkpt>
<trkpt lat="37.014157" lon="138.362887"><ele>406.0</ele><time>2026-08-01T02:38:51Z</time></trkpt>
<trkpt lat="37.014160" lon="138.363046"><ele>407.2</ele><time>2026-08-01T02:39:00Z</time></trkpt>
<trkpt lat="37.014290" lon="138.363159"><ele>409.6</ele><time>2026-08-01T02:39:13Z</time></trkpt>
<trkpt lat="37.014554" lon="138.362978"><ele>413.8</ele><time>2026-08-01T02:39:36Z</time></trkpt>
<trkpt lat="37.014762" lon="138.362722"><ele>416.6</ele><time>2026-08-01T02:39:58Z</time></trkpt>
<trkpt lat="37.014886" lon="138.362732"><ele>418.2</ele><time>2026-08-01T02:40:06Z</time></trkpt>
<trkpt lat="37.015108" lon="138.362927"><ele>420.6</ele><time>2026-08-01T02:40:24Z</time></trkpt>
<trkpt lat="37.015725" lon="138.362847"><ele>426.0</ele><time>2026-08-01T02:40:57Z</time></trkpt>
<trkpt lat="37.016044" lon="138.363015"><ele>428.0</ele><time>2026-08-01T02:41:11Z</time></trkpt>
<trkpt lat="37.016176" lon="138.363417"><ele>429.6</ele><time>2026-08-01T02:41:25Z</time></trkpt>
<trkpt lat="37.016108" lon="138.364721"><ele>432.2</ele><time>2026-08-01T02:42:06Z</time></trkpt>
<trkpt lat="37.016143" lon="138.365327"><ele>434.0</ele><time>2026-08-01T02:42:25Z</time></trkpt>
<trkpt lat="37.016360" lon="138.365775"><ele>435.4</ele><time>2026-08-01T02:42:41Z</time></trkpt>
<trkpt lat="37.016673" lon="138.366028"><ele>436.4</ele><time>2026-08-01T02:42:55Z</time></trkpt>
<trkpt lat="37.016848" lon="138.366102"><ele>437.0</ele><time>2026-08-01T02:43:02Z</time></trkpt>
<trkpt lat="37.017060" lon="138.366066"><ele>438.6</ele><time>2026-08-01T02:43:13Z</time></trkpt>
<trkpt lat="37.017512" lon="138.365558"><ele>444.8</ele><time>2026-08-01T02:43:48Z</time></trkpt>
<trkpt lat="37.018219" lon="138.365273"><ele>453.2</ele><time>2026-08-01T02:44:35Z</time></trkpt>
<trkpt lat="37.018456" lon="138.365255"><ele>455.0</ele><time>2026-08-01T02:44:50Z</time></trkpt>
<trkpt lat="37.018662" lon="138.365471"><ele>458.2</ele><time>2026-08-01T02:45:07Z</time></trkpt>
<trkpt lat="37.018771" lon="138.366059"><ele>463.4</ele><time>2026-08-01T02:45:43Z</time></trkpt>
<trkpt lat="37.018525" lon="138.366736"><ele>469.4</ele><time>2026-08-01T02:46:24Z</time></trkpt>
<trkpt lat="37.018462" lon="138.367144"><ele>473.2</ele><time>2026-08-01T02:46:46Z</time></trkpt>
<trkpt lat="37.018609" lon="138.368520"><ele>485.6</ele><time>2026-08-01T02:48:05Z</time></trkpt>
<trkpt lat="37.018465" lon="138.369376"><ele>493.8</ele><time>2026-08-01T02:48:52Z</time></trkpt>
<trkpt lat="37.018622" lon="138.370749"><ele>506.4</ele><time>2026-08-01T02:50:16Z</time></trkpt>
<trkpt lat="37.018576" lon="138.371159"><ele>509.4</ele><time>2026-08-01T02:50:39Z</time></trkpt>
<trkpt lat="37.018474" lon="138.371309"><ele>511.0</ele><time>2026-08-01T02:50:49Z</time></trkpt>
<trkpt lat="37.018359" lon="138.371282"><ele>512.4</ele><time>2026-08-01T02:50:56Z</time></trkpt>
<trkpt lat="37.018268" lon="138.371369"><ele>513.6</ele><time>2026-08-01T02:51:03Z</time></trkpt>
<trkpt lat="37.017932" lon="138.371420"><ele>518.2</ele><time>2026-08-01T02:51:28Z</time></trkpt>
<trkpt lat="37.017642" lon="138.371811"><ele>523.0</ele><time>2026-08-01T02:51:58Z</time></trkpt>
<trkpt lat="37.017336" lon="138.371780"><ele>526.6</ele><time>2026-08-01T02:52:19Z</time></trkpt>
<trkpt lat="37.017004" lon="138.371479"><ele>531.6</ele><time>2026-08-01T02:52:49Z</time></trkpt>
<trkpt lat="37.016910" lon="138.371232"><ele>533.6</ele><time>2026-08-01T02:53:05Z</time></trkpt>
<trkpt lat="37.017007" lon="138.370915"><ele>536.6</ele><time>2026-08-01T02:53:23Z</time></trkpt>
<trkpt lat="37.017293" lon="138.370506"><ele>541.2</ele><time>2026-08-01T02:53:52Z</time></trkpt>
<trkpt lat="37.017279" lon="138.370262"><ele>543.4</ele><time>2026-08-01T02:54:05Z</time></trkpt>
<trkpt lat="37.017180" lon="138.370123"><ele>545.2</ele><time>2026-08-01T02:54:15Z</time></trkpt>
<trkpt lat="37.017060" lon="138.370089"><ele>546.4</ele><time>2026-08-01T02:54:23Z</time></trkpt>
<trkpt lat="37.016744" lon="138.370256"><ele>550.4</ele><time>2026-08-01T02:54:47Z</time></trkpt>
<trkpt lat="37.016253" lon="138.370702"><ele>556.0</ele><time>2026-08-01T02:55:26Z</time></trkpt>
<trkpt lat="37.015559" lon="138.371124"><ele>564.4</ele><time>2026-08-01T02:56:20Z</time></trkpt>
<trkpt lat="37.014980" lon="138.371237"><ele>571.4</ele><time>2026-08-01T02:56:58Z</time></trkpt>
<trkpt lat="37.014344" lon="138.371105"><ele>578.8</ele><time>2026-08-01T02:57:42Z</time></trkpt>
<trkpt lat="37.014175" lon="138.371167"><ele>580.6</ele><time>2026-08-01T02:57:52Z</time></trkpt>
<trkpt lat="37.014040" lon="138.371323"><ele>582.6</ele><time>2026-08-01T02:58:01Z</time></trkpt>
<trkpt lat="37.013965" lon="138.371515"><ele>583.8</ele><time>2026-08-01T02:58:10Z</time></trkpt>
<trkpt lat="37.013975" lon="138.371780"><ele>585.6</ele><time>2026-08-01T02:58:22Z</time></trkpt>
<trkpt lat="37.014442" lon="138.373621"><ele>594.6</ele><time>2026-08-01T02:59:36Z</time></trkpt>
<trkpt lat="37.014482" lon="138.375008"><ele>600.8</ele><time>2026-08-01T03:00:27Z</time></trkpt>
<trkpt lat="37.014337" lon="138.375209"><ele>601.6</ele><time>2026-08-01T03:00:37Z</time></trkpt>
<trkpt lat="37.014142" lon="138.375228"><ele>603.0</ele><time>2026-08-01T03:00:46Z</time></trkpt>
<trkpt lat="37.013948" lon="138.375076"><ele>604.2</ele><time>2026-08-01T03:00:56Z</time></trkpt>
<trkpt lat="37.013546" lon="138.374482"><ele>607.0</ele><time>2026-08-01T03:01:28Z</time></trkpt>
<trkpt lat="37.013061" lon="138.374130"><ele>611.6</ele><time>2026-08-01T03:02:01Z</time></trkpt>
<trkpt lat="37.012807" lon="138.374038"><ele>613.4</ele><time>2026-08-01T03:02:16Z</time></trkpt>
<trkpt lat="37.012541" lon="138.374177"><ele>616.8</ele><time>2026-08-01T03:02:34Z</time></trkpt>
<trkpt lat="37.012421" lon="138.374449"><ele>619.0</ele><time>2026-08-01T03:02:48Z</time></trkpt>
<trkpt lat="37.012453" lon="138.374736"><ele>622.0</ele><time>2026-08-01T03:03:03Z</time></trkpt>
<trkpt lat="37.013337" lon="138.375555"><ele>631.6</ele><time>2026-08-01T03:04:08Z</time></trkpt>
<trkpt lat="37.013432" lon="138.375812"><ele>633.6</ele><time>2026-08-01T03:04:22Z</time></trkpt>
<trkpt lat="37.013428" lon="138.376152"><ele>636.0</ele><time>2026-08-01T03:04:39Z</time></trkpt>
<trkpt lat="37.013306" lon="138.376344"><ele>637.6</ele><time>2026-08-01T03:04:51Z</time></trkpt>
<trkpt lat="37.013105" lon="138.376402"><ele>639.2</ele><time>2026-08-01T03:05:03Z</time></trkpt>
<trkpt lat="37.012949" lon="138.376346"><ele>640.2</ele><time>2026-08-01T03:05:11Z</time></trkpt>
<trkpt lat="37.012676" lon="138.375999"><ele>643.6</ele><time>2026-08-01T03:05:33Z</time></trkpt>
<trkpt lat="37.012518" lon="138.375922"><ele>645.4</ele><time>2026-08-01T03:05:42Z</time></trkpt>
<trkpt lat="37.012340" lon="138.375919"><ele>647.4</ele><time>2026-08-01T03:05:53Z</time></trkpt>
<trkpt lat="37.012157" lon="138.376060"><ele>649.4</ele><time>2026-08-01T03:06:06Z</time></trkpt>
<trkpt lat="37.012062" lon="138.376473"><ele>651.6</ele><time>2026-08-01T03:06:24Z</time></trkpt>
<trkpt lat="37.012440" lon="138.377154"><ele>657.2</ele><time>2026-08-01T03:06:59Z</time></trkpt>
<trkpt lat="37.012474" lon="138.377507"><ele>659.8</ele><time>2026-08-01T03:07:14Z</time></trkpt>
<trkpt lat="37.012274" lon="138.377839"><ele>663.0</ele><time>2026-08-01T03:07:34Z</time></trkpt>
<trkpt lat="37.011647" lon="138.378170"><ele>668.6</ele><time>2026-08-01T03:08:14Z</time></trkpt>
<trkpt lat="37.011518" lon="138.378573"><ele>672.0</ele><time>2026-08-01T03:08:36Z</time></trkpt>
<trkpt lat="37.011555" lon="138.378793"><ele>673.8</ele><time>2026-08-01T03:08:48Z</time></trkpt>
<trkpt lat="37.012221" lon="138.379476"><ele>681.8</ele><time>2026-08-01T03:09:39Z</time></trkpt>
<trkpt lat="37.012268" lon="138.379673"><ele>683.2</ele><time>2026-08-01T03:09:48Z</time></trkpt>
<trkpt lat="37.012210" lon="138.380090"><ele>686.6</ele><time>2026-08-01T03:10:07Z</time></trkpt>
<trkpt lat="37.011386" lon="138.381521"><ele>697.8</ele><time>2026-08-01T03:11:23Z</time></trkpt>
<trkpt lat="37.010627" lon="138.382450"><ele>704.4</ele><time>2026-08-01T03:12:12Z</time></trkpt>
<trkpt lat="37.010385" lon="138.382637"><ele>706.4</ele><time>2026-08-01T03:12:25Z</time></trkpt>
<trkpt lat="37.009948" lon="138.382810"><ele>709.6</ele><time>2026-08-01T03:12:47Z</time></trkpt>
<trkpt lat="37.009703" lon="138.382795"><ele>711.2</ele><time>2026-08-01T03:12:58Z</time></trkpt>
<trkpt lat="37.009403" lon="138.382550"><ele>714.0</ele><time>2026-08-01T03:13:16Z</time></trkpt>
<trkpt lat="37.009034" lon="138.382058"><ele>718.6</ele><time>2026-08-01T03:13:45Z</time></trkpt>
<trkpt lat="37.008963" lon="138.380996"><ele>724.8</ele><time>2026-08-01T03:14:28Z</time></trkpt>
<trkpt lat="37.008377" lon="138.379102"><ele>739.4</ele><time>2026-08-01T03:15:58Z</time></trkpt>
<trkpt lat="37.008388" lon="138.378577"><ele>743.4</ele><time>2026-08-01T03:16:21Z</time></trkpt>
<trkpt lat="37.008710" lon="138.377624"><ele>750.8</ele><time>2026-08-01T03:17:07Z</time></trkpt>
<trkpt lat="37.008698" lon="138.377289"><ele>753.0</ele><time>2026-08-01T03:17:22Z</time></trkpt>
<trkpt lat="37.008516" lon="138.376994"><ele>755.4</ele><time>2026-08-01T03:17:38Z</time></trkpt>
<trkpt lat="37.008194" lon="138.376938"><ele>758.6</ele><time>2026-08-01T03:17:55Z</time></trkpt>
<trkpt lat="37.007368" lon="138.377276"><ele>765.6</ele><time>2026-08-01T03:18:34Z</time></trkpt>
<trkpt lat="37.007275" lon="138.377561"><ele>766.6</ele><time>2026-08-01T03:19:07Z</time></trkpt>
<trkpt lat="37.007360" lon="138.377815"><ele>766.6</ele><time>2026-08-01T03:19:15Z</time></trkpt>
<trkpt lat="37.007781" lon="138.377939"><ele>770.2</ele><time>2026-08-01T03:19:39Z</time></trkpt>
<trkpt lat="37.007911" lon="138.378252"><ele>773.0</ele><time>2026-08-01T03:19:55Z</time></trkpt>
<trkpt lat="37.007849" lon="138.379717"><ele>783.8</ele><time>2026-08-01T03:21:28Z</time></trkpt>
<trkpt lat="37.007938" lon="138.380645"><ele>790.4</ele><time>2026-08-01T03:22:03Z</time></trkpt>
<trkpt lat="37.007838" lon="138.381248"><ele>791.2</ele><time>2026-08-01T03:22:18Z</time></trkpt>
<trkpt lat="37.007351" lon="138.382226"><ele>787.8</ele><time>2026-08-01T03:22:56Z</time></trkpt>
<trkpt lat="37.007161" lon="138.382445"><ele>787.4</ele><time>2026-08-01T03:23:00Z</time></trkpt>
<trkpt lat="37.006974" lon="138.382456"><ele>787.2</ele><time>2026-08-01T03:23:03Z</time></trkpt>
<trkpt lat="37.006091" lon="138.382030"><ele>788.6</ele><time>2026-08-01T03:23:17Z</time></trkpt>
<trkpt lat="37.005896" lon="138.382104"><ele>788.0</ele><time>2026-08-01T03:23:20Z</time></trkpt>
<trkpt lat="37.004717" lon="138.383782"><ele>804.6</ele><time>2026-08-01T03:24:38Z</time></trkpt>
<trkpt lat="37.004351" lon="138.384058"><ele>809.6</ele><time>2026-08-01T03:25:04Z</time></trkpt>
<trkpt lat="37.003805" lon="138.384862"><ele>820.0</ele><time>2026-08-01T03:25:51Z</time></trkpt>
<trkpt lat="37.003683" lon="138.385246"><ele>824.0</ele><time>2026-08-01T03:26:10Z</time></trkpt>
<trkpt lat="37.003854" lon="138.385777"><ele>827.8</ele><time>2026-08-01T03:26:31Z</time></trkpt>
<trkpt lat="37.003827" lon="138.385917"><ele>827.8</ele><time>2026-08-01T03:26:35Z</time></trkpt>
<trkpt lat="37.002936" lon="138.385756"><ele>832.0</ele><time>2026-08-01T03:27:08Z</time></trkpt>
<trkpt lat="37.002804" lon="138.385498"><ele>833.2</ele><time>2026-08-01T03:27:17Z</time></trkpt>
<trkpt lat="37.001992" lon="138.384808"><ele>833.8</ele><time>2026-08-01T03:27:43Z</time></trkpt>
<trkpt lat="37.001481" lon="138.384778"><ele>835.6</ele><time>2026-08-01T03:27:59Z</time></trkpt>
<trkpt lat="37.000484" lon="138.384463"><ele>842.2</ele><time>2026-08-01T03:28:45Z</time></trkpt>
<trkpt lat="37.000151" lon="138.384433"><ele>844.8</ele><time>2026-08-01T03:29:01Z</time></trkpt>
<trkpt lat="36.999759" lon="138.384625"><ele>848.6</ele><time>2026-08-01T03:29:25Z</time></trkpt>
<trkpt lat="36.999256" lon="138.384663"><ele>854.4</ele><time>2026-08-01T03:29:53Z</time></trkpt>
<trkpt lat="36.998694" lon="138.384831"><ele>857.8</ele><time>2026-08-01T03:30:20Z</time></trkpt>
<trkpt lat="36.998269" lon="138.384646"><ele>862.2</ele><time>2026-08-01T03:30:46Z</time></trkpt>
<trkpt lat="36.997804" lon="138.384771"><ele>866.8</ele><time>2026-08-01T03:31:13Z</time></trkpt>
<trkpt lat="36.997749" lon="138.384905"><ele>868.0</ele><time>2026-08-01T03:31:20Z</time></trkpt>
<trkpt lat="36.997815" lon="138.385089"><ele>870.4</ele><time>2026-08-01T03:31:30Z</time></trkpt>
<trkpt lat="36.998127" lon="138.385534"><ele>875.6</ele><time>2026-08-01T03:31:57Z</time></trkpt>
<trkpt lat="36.998353" lon="138.385698"><ele>877.4</ele><time>2026-08-01T03:32:09Z</time></trkpt>
<trkpt lat="36.999025" lon="138.385541"><ele>881.4</ele><time>2026-08-01T03:32:42Z</time></trkpt>
<trkpt lat="36.999298" lon="138.385572"><ele>883.4</ele><time>2026-08-01T03:32:56Z</time></trkpt>
<trkpt lat="36.999514" lon="138.385350"><ele>884.4</ele><time>2026-08-01T03:33:07Z</time></trkpt>
<trkpt lat="36.999697" lon="138.385312"><ele>885.2</ele><time>2026-08-01T03:33:14Z</time></trkpt>
<trkpt lat="37.000093" lon="138.385366"><ele>887.0</ele><time>2026-08-01T03:33:30Z</time></trkpt>
<trkpt lat="37.000775" lon="138.385711"><ele>892.4</ele><time>2026-08-01T03:34:04Z</time></trkpt>
<trkpt lat="37.000733" lon="138.385989"><ele>895.2</ele><time>2026-08-01T03:34:16Z</time></trkpt>
<trkpt lat="37.000816" lon="138.386644"><ele>900.4</ele><time>2026-08-01T03:34:42Z</time></trkpt>
<trkpt lat="37.000668" lon="138.387233"><ele>904.4</ele><time>2026-08-01T03:35:07Z</time></trkpt>
<trkpt lat="37.000556" lon="138.387428"><ele>906.8</ele><time>2026-08-01T03:35:19Z</time></trkpt>
<trkpt lat="37.000258" lon="138.387577"><ele>911.0</ele><time>2026-08-01T03:35:41Z</time></trkpt>
<trkpt lat="36.999972" lon="138.387924"><ele>915.4</ele><time>2026-08-01T03:36:05Z</time></trkpt>
<trkpt lat="36.999908" lon="138.388282"><ele>919.4</ele><time>2026-08-01T03:36:24Z</time></trkpt>
<trkpt lat="36.999643" lon="138.388914"><ele>925.0</ele><time>2026-08-01T03:36:56Z</time></trkpt>
<trkpt lat="36.999663" lon="138.389091"><ele>926.0</ele><time>2026-08-01T03:37:03Z</time></trkpt>
<trkpt lat="37.000315" lon="138.389159"><ele>929.8</ele><time>2026-08-01T03:37:33Z</time></trkpt>
<trkpt lat="37.001286" lon="138.388832"><ele>937.2</ele><time>2026-08-01T03:38:18Z</time></trkpt>
<trkpt lat="37.001799" lon="138.389168"><ele>942.6</ele><time>2026-08-01T03:39:00Z</time></trkpt>
<trkpt lat="37.002286" lon="138.388694"><ele>944.0</ele><time>2026-08-01T03:39:22Z</time></trkpt>
<trkpt lat="37.002360" lon="138.388720"><ele>944.6</ele><time>2026-08-01T03:39:30Z</time></trkpt>
<trkpt lat="37.002400" lon="138.389091"><ele>944.2</ele><time>2026-08-01T03:40:12Z</time></trkpt>
<trkpt lat="37.002084" lon="138.388882"><ele>944.2</ele><time>2026-08-01T03:40:25Z</time></trkpt>
<trkpt lat="37.001732" lon="138.389196"><ele>943.8</ele><time>2026-08-01T03:40:35Z</time></trkpt>
<trkpt lat="37.001598" lon="138.389541"><ele>945.0</ele><time>2026-08-01T03:40:48Z</time></trkpt>
<trkpt lat="37.001307" lon="138.389348"><ele>948.2</ele><time>2026-08-01T03:41:03Z</time></trkpt>
<trkpt lat="37.001095" lon="138.389312"><ele>949.4</ele><time>2026-08-01T03:41:11Z</time></trkpt>
<trkpt lat="37.000179" lon="138.389787"><ele>960.0</ele><time>2026-08-01T03:42:01Z</time></trkpt>
<trkpt lat="36.999519" lon="138.389874"><ele>967.0</ele><time>2026-08-01T03:42:36Z</time></trkpt>
<trkpt lat="36.999018" lon="138.390034"><ele>974.0</ele><time>2026-08-01T03:43:09Z</time></trkpt>
<trkpt lat="36.998838" lon="138.389988"><ele>976.0</ele><time>2026-08-01T03:43:20Z</time></trkpt>
<trkpt lat="36.998768" lon="138.389834"><ele>977.0</ele><time>2026-08-01T03:43:27Z</time></trkpt>
<trkpt lat="36.998715" lon="138.389397"><ele>979.0</ele><time>2026-08-01T03:43:43Z</time></trkpt>
<trkpt lat="36.998754" lon="138.388804"><ele>982.4</ele><time>2026-08-01T03:44:05Z</time></trkpt>
<trkpt lat="36.998713" lon="138.388738"><ele>983.0</ele><time>2026-08-01T03:44:08Z</time></trkpt>
<trkpt lat="36.998605" lon="138.388763"><ele>983.8</ele><time>2026-08-01T03:44:13Z</time></trkpt>
<trkpt lat="36.998093" lon="138.389231"><ele>990.2</ele><time>2026-08-01T03:44:47Z</time></trkpt>
<trkpt lat="36.997867" lon="138.389569"><ele>995.4</ele><time>2026-08-01T03:45:06Z</time></trkpt>
<trkpt lat="36.997673" lon="138.389627"><ele>997.0</ele><time>2026-08-01T03:45:16Z</time></trkpt>
<trkpt lat="36.997232" lon="138.389940"><ele>1002.8</ele><time>2026-08-01T03:45:45Z</time></trkpt>
<trkpt lat="36.997182" lon="138.390128"><ele>1004.8</ele><time>2026-08-01T03:45:54Z</time></trkpt>
<trkpt lat="36.997288" lon="138.390517"><ele>1009.2</ele><time>2026-08-01T03:46:14Z</time></trkpt>
<trkpt lat="36.997083" lon="138.390758"><ele>1013.0</ele><time>2026-08-01T03:46:31Z</time></trkpt>
<trkpt lat="36.996823" lon="138.390807"><ele>1016.4</ele><time>2026-08-01T03:46:47Z</time></trkpt>
<trkpt lat="36.996521" lon="138.391076"><ele>1019.4</ele><time>2026-08-01T03:47:07Z</time></trkpt>
<trkpt lat="36.995756" lon="138.391069"><ele>1026.6</ele><time>2026-08-01T03:47:48Z</time></trkpt>
<trkpt lat="36.995102" lon="138.391328"><ele>1032.4</ele><time>2026-08-01T03:48:23Z</time></trkpt>
<trkpt lat="36.994830" lon="138.391720"><ele>1036.6</ele><time>2026-08-01T03:48:43Z</time></trkpt>
<trkpt lat="36.994705" lon="138.392139"><ele>1039.4</ele><time>2026-08-01T03:49:00Z</time></trkpt>
<trkpt lat="36.994392" lon="138.392768"><ele>1045.4</ele><time>2026-08-01T03:49:31Z</time></trkpt>
<trkpt lat="36.993717" lon="138.393282"><ele>1052.2</ele><time>2026-08-01T03:50:08Z</time></trkpt>
<trkpt lat="36.993422" lon="138.393435"><ele>1055.0</ele><time>2026-08-01T03:50:22Z</time></trkpt>
<trkpt lat="36.993304" lon="138.393408"><ele>1056.0</ele><time>2026-08-01T03:50:30Z</time></trkpt>
<trkpt lat="36.993190" lon="138.394399"><ele>1055.0</ele><time>2026-08-01T03:51:52Z</time></trkpt>
<trkpt lat="36.992984" lon="138.394986"><ele>1053.8</ele><time>2026-08-01T03:52:02Z</time></trkpt>
<trkpt lat="36.992789" lon="138.395178"><ele>1053.6</ele><time>2026-08-01T03:52:06Z</time></trkpt>
<trkpt lat="36.992164" lon="138.395427"><ele>1050.8</ele><time>2026-08-01T03:52:14Z</time></trkpt>
<trkpt lat="36.991742" lon="138.395991"><ele>1044.0</ele><time>2026-08-01T03:52:20Z</time></trkpt>
<trkpt lat="36.991027" lon="138.396583"><ele>1040.0</ele><time>2026-08-01T03:52:28Z</time></trkpt>
<trkpt lat="36.990445" lon="138.396911"><ele>1036.0</ele><time>2026-08-01T03:52:34Z</time></trkpt>
<trkpt lat="36.990070" lon="138.396854"><ele>1031.0</ele><time>2026-08-01T03:52:38Z</time></trkpt>
<trkpt lat="36.989847" lon="138.396535"><ele>1027.4</ele><time>2026-08-01T03:52:42Z</time></trkpt>
<trkpt lat="36.989692" lon="138.395726"><ele>1023.6</ele><time>2026-08-01T03:52:51Z</time></trkpt>
<trkpt lat="36.989513" lon="138.395592"><ele>1023.2</ele><time>2026-08-01T03:52:54Z</time></trkpt>
<trkpt lat="36.989357" lon="138.395604"><ele>1022.8</ele><time>2026-08-01T03:52:56Z</time></trkpt>
<trkpt lat="36.989236" lon="138.395726"><ele>1022.0</ele><time>2026-08-01T03:52:58Z</time></trkpt>
<trkpt lat="36.988981" lon="138.396355"><ele>1016.8</ele><time>2026-08-01T03:53:04Z</time></trkpt>
<trkpt lat="36.988978" lon="138.396581"><ele>1015.2</ele><time>2026-08-01T03:53:06Z</time></trkpt>
<trkpt lat="36.989157" lon="138.397249"><ele>1008.2</ele><time>2026-08-01T03:53:12Z</time></trkpt>
<trkpt lat="36.989121" lon="138.397390"><ele>1005.4</ele><time>2026-08-01T03:53:14Z</time></trkpt>
<trkpt lat="36.988979" lon="138.397414"><ele>1002.6</ele><time>2026-08-01T03:53:16Z</time></trkpt>
<trkpt lat="36.988758" lon="138.397139"><ele>997.8</ele><time>2026-08-01T03:53:20Z</time></trkpt>
<trkpt lat="36.988622" lon="138.396827"><ele>995.6</ele><time>2026-08-01T03:53:24Z</time></trkpt>
<trkpt lat="36.988534" lon="138.396177"><ele>993.8</ele><time>2026-08-01T03:53:32Z</time></trkpt>
<trkpt lat="36.988373" lon="138.396189"><ele>993.4</ele><time>2026-08-01T03:53:35Z</time></trkpt>
<trkpt lat="36.988288" lon="138.396686"><ele>990.8</ele><time>2026-08-01T03:53:40Z</time></trkpt>
<trkpt lat="36.988793" lon="138.398249"><ele>973.6</ele><time>2026-08-01T03:53:53Z</time></trkpt>
<trkpt lat="36.988701" lon="138.399420"><ele>964.8</ele><time>2026-08-01T03:54:02Z</time></trkpt>
<trkpt lat="36.988956" lon="138.400166"><ele>958.8</ele><time>2026-08-01T03:54:09Z</time></trkpt>
<trkpt lat="36.988965" lon="138.400707"><ele>955.6</ele><time>2026-08-01T03:54:14Z</time></trkpt>
<trkpt lat="36.989519" lon="138.401982"><ele>945.0</ele><time>2026-08-01T03:54:25Z</time></trkpt>
<trkpt lat="36.989911" lon="138.402137"><ele>941.0</ele><time>2026-08-01T03:54:30Z</time></trkpt>
<trkpt lat="36.990074" lon="138.402301"><ele>940.0</ele><time>2026-08-01T03:54:33Z</time></trkpt>
<trkpt lat="36.990090" lon="138.402483"><ele>939.0</ele><time>2026-08-01T03:54:35Z</time></trkpt>
<trkpt lat="36.989954" lon="138.402694"><ele>937.4</ele><time>2026-08-01T03:54:38Z</time></trkpt>
<trkpt lat="36.989725" lon="138.402681"><ele>934.6</ele><time>2026-08-01T03:54:41Z</time></trkpt>
<trkpt lat="36.989174" lon="138.402283"><ele>927.6</ele><time>2026-08-01T03:54:48Z</time></trkpt>
<trkpt lat="36.988261" lon="138.401241"><ele>920.8</ele><time>2026-08-01T03:55:00Z</time></trkpt>
<trkpt lat="36.987930" lon="138.400986"><ele>918.0</ele><time>2026-08-01T03:55:04Z</time></trkpt>
<trkpt lat="36.987667" lon="138.400355"><ele>913.4</ele><time>2026-08-01T03:55:11Z</time></trkpt>
<trkpt lat="36.987001" lon="138.399735"><ele>907.8</ele><time>2026-08-01T03:55:19Z</time></trkpt>
<trkpt lat="36.986506" lon="138.399442"><ele>901.0</ele><time>2026-08-01T03:55:24Z</time></trkpt>
<trkpt lat="36.986153" lon="138.398795"><ele>898.2</ele><time>2026-08-01T03:55:30Z</time></trkpt>
<trkpt lat="36.985843" lon="138.397913"><ele>894.4</ele><time>2026-08-01T03:55:38Z</time></trkpt>
<trkpt lat="36.985817" lon="138.397478"><ele>893.0</ele><time>2026-08-01T03:55:42Z</time></trkpt>
<trkpt lat="36.985932" lon="138.397088"><ele>892.0</ele><time>2026-08-01T03:55:46Z</time></trkpt>
<trkpt lat="36.985772" lon="138.396576"><ele>891.2</ele><time>2026-08-01T03:55:52Z</time></trkpt>
<trkpt lat="36.985763" lon="138.396031"><ele>890.2</ele><time>2026-08-01T03:55:58Z</time></trkpt>
<trkpt lat="36.985651" lon="138.395939"><ele>890.0</ele><time>2026-08-01T03:56:00Z</time></trkpt>
<trkpt lat="36.985213" lon="138.396045"><ele>888.6</ele><time>2026-08-01T03:56:05Z</time></trkpt>
<trkpt lat="36.984873" lon="138.395792"><ele>885.8</ele><time>2026-08-01T03:56:09Z</time></trkpt>
<trkpt lat="36.984765" lon="138.395346"><ele>882.6</ele><time>2026-08-01T03:56:13Z</time></trkpt>
<trkpt lat="36.984356" lon="138.394313"><ele>880.2</ele><time>2026-08-01T03:56:24Z</time></trkpt>
<trkpt lat="36.984272" lon="138.393736"><ele>878.2</ele><time>2026-08-01T03:56:30Z</time></trkpt>
<trkpt lat="36.983777" lon="138.393332"><ele>876.4</ele><time>2026-08-01T03:56:37Z</time></trkpt>
<trkpt lat="36.983396" lon="138.392801"><ele>871.0</ele><time>2026-08-01T03:56:43Z</time></trkpt>
<trkpt lat="36.982498" lon="138.392283"><ele>862.0</ele><time>2026-08-01T03:56:52Z</time></trkpt>
<trkpt lat="36.982092" lon="138.392267"><ele>857.2</ele><time>2026-08-01T03:56:56Z</time></trkpt>
<trkpt lat="36.981927" lon="138.392420"><ele>855.2</ele><time>2026-08-01T03:56:58Z</time></trkpt>
<trkpt lat="36.981200" lon="138.393492"><ele>845.8</ele><time>2026-08-01T03:57:09Z</time></trkpt>
<trkpt lat="36.979712" lon="138.394409"><ele>831.6</ele><time>2026-08-01T03:57:24Z</time></trkpt>
<trkpt lat="36.979605" lon="138.394689"><ele>829.2</ele><time>2026-08-01T03:57:27Z</time></trkpt>
<trkpt lat="36.979698" lon="138.394862"><ele>828.0</ele><time>2026-08-01T03:57:29Z</time></trkpt>
<trkpt lat="36.980359" lon="138.394857"><ele>823.2</ele><time>2026-08-01T03:57:36Z</time></trkpt>
<trkpt lat="36.980543" lon="138.395074"><ele>822.2</ele><time>2026-08-01T03:57:39Z</time></trkpt>
<trkpt lat="36.980495" lon="138.395373"><ele>820.4</ele><time>2026-08-01T03:57:42Z</time></trkpt>
<trkpt lat="36.980160" lon="138.395639"><ele>817.0</ele><time>2026-08-01T03:57:46Z</time></trkpt>
<trkpt lat="36.980047" lon="138.395822"><ele>814.8</ele><time>2026-08-01T03:57:48Z</time></trkpt>
<trkpt lat="36.980094" lon="138.396123"><ele>810.2</ele><time>2026-08-01T03:57:51Z</time></trkpt>
<trkpt lat="36.980257" lon="138.396221"><ele>807.4</ele><time>2026-08-01T03:57:53Z</time></trkpt>
<trkpt lat="36.981342" lon="138.396444"><ele>801.4</ele><time>2026-08-01T03:58:04Z</time></trkpt>
<trkpt lat="36.981908" lon="138.396732"><ele>798.0</ele><time>2026-08-01T03:58:10Z</time></trkpt>
<trkpt lat="36.982102" lon="138.396979"><ele>794.6</ele><time>2026-08-01T03:58:13Z</time></trkpt>
<trkpt lat="36.982116" lon="138.397457"><ele>791.6</ele><time>2026-08-01T03:58:17Z</time></trkpt>
<trkpt lat="36.981936" lon="138.397763"><ele>787.4</ele><time>2026-08-01T03:58:20Z</time></trkpt>
<trkpt lat="36.981065" lon="138.398560"><ele>776.0</ele><time>2026-08-01T03:58:29Z</time></trkpt>
<trkpt lat="36.980234" lon="138.398831"><ele>768.8</ele><time>2026-08-01T03:58:36Z</time></trkpt>
<trkpt lat="36.978353" lon="138.399278"><ele>754.0</ele><time>2026-08-01T03:58:51Z</time></trkpt>
<trkpt lat="36.978021" lon="138.399463"><ele>750.6</ele><time>2026-08-01T03:58:54Z</time></trkpt>
<trkpt lat="36.977512" lon="138.400014"><ele>744.6</ele><time>2026-08-01T03:59:00Z</time></trkpt>
<trkpt lat="36.977444" lon="138.400227"><ele>741.4</ele><time>2026-08-01T03:59:02Z</time></trkpt>
<trkpt lat="36.977459" lon="138.400460"><ele>739.4</ele><time>2026-08-01T03:59:04Z</time></trkpt>
<trkpt lat="36.977844" lon="138.401077"><ele>734.6</ele><time>2026-08-01T03:59:10Z</time></trkpt>
<trkpt lat="36.977924" lon="138.401456"><ele>731.0</ele><time>2026-08-01T03:59:13Z</time></trkpt>
<trkpt lat="36.977859" lon="138.401845"><ele>727.6</ele><time>2026-08-01T03:59:16Z</time></trkpt>
<trkpt lat="36.977613" lon="138.402491"><ele>722.4</ele><time>2026-08-01T03:59:21Z</time></trkpt>
<trkpt lat="36.977644" lon="138.403607"><ele>713.6</ele><time>2026-08-01T03:59:29Z</time></trkpt>
<trkpt lat="36.977568" lon="138.403856"><ele>711.8</ele><time>2026-08-01T03:59:32Z</time></trkpt>
<trkpt lat="36.977427" lon="138.404034"><ele>709.8</ele><time>2026-08-01T03:59:34Z</time></trkpt>
<trkpt lat="36.977032" lon="138.404117"><ele>706.6</ele><time>2026-08-01T03:59:38Z</time></trkpt>
<trkpt lat="36.976616" lon="138.403789"><ele>701.0</ele><time>2026-08-01T03:59:43Z</time></trkpt>
<trkpt lat="36.975723" lon="138.403585"><ele>693.4</ele><time>2026-08-01T03:59:51Z</time></trkpt>
<trkpt lat="36.974988" lon="138.402992"><ele>686.0</ele><time>2026-08-01T03:59:58Z</time></trkpt>
<trkpt lat="36.974823" lon="138.402814"><ele>683.6</ele><time>2026-08-01T04:00:00Z</time></trkpt>
<trkpt lat="36.974584" lon="138.402363"><ele>680.4</ele><time>2026-08-01T04:00:05Z</time></trkpt>
<trkpt lat="36.974457" lon="138.402350"><ele>678.8</ele><time>2026-08-01T04:00:08Z</time></trkpt>
<trkpt lat="36.974481" lon="138.402612"><ele>678.0</ele><time>2026-08-01T04:00:11Z</time></trkpt>
<trkpt lat="36.974931" lon="138.403716"><ele>668.0</ele><time>2026-08-01T04:00:20Z</time></trkpt>
<trkpt lat="36.975608" lon="138.404668"><ele>659.6</ele><time>2026-08-01T04:00:29Z</time></trkpt>
<trkpt lat="36.975743" lon="138.404991"><ele>657.6</ele><time>2026-08-01T04:00:32Z</time></trkpt>
<trkpt lat="36.975754" lon="138.405479"><ele>655.4</ele><time>2026-08-01T04:00:36Z</time></trkpt>
<trkpt lat="36.975902" lon="138.406069"><ele>651.8</ele><time>2026-08-01T04:00:41Z</time></trkpt>
<trkpt lat="36.975808" lon="138.406675"><ele>648.0</ele><time>2026-08-01T04:00:46Z</time></trkpt>
<trkpt lat="36.976037" lon="138.408270"><ele>637.6</ele><time>2026-08-01T04:00:58Z</time></trkpt>
<trkpt lat="36.976006" lon="138.408617"><ele>635.0</ele><time>2026-08-01T04:01:01Z</time></trkpt>
<trkpt lat="36.975687" lon="138.408876"><ele>633.2</ele><time>2026-08-01T04:01:05Z</time></trkpt>
<trkpt lat="36.975162" lon="138.408817"><ele>631.4</ele><time>2026-08-01T04:01:11Z</time></trkpt>
<trkpt lat="36.974400" lon="138.408475"><ele>631.4</ele><time>2026-08-01T04:01:22Z</time></trkpt>
<trkpt lat="36.973159" lon="138.407489"><ele>632.2</ele><time>2026-08-01T04:01:45Z</time></trkpt>
<trkpt lat="36.972729" lon="138.407322"><ele>631.0</ele><time>2026-08-01T04:01:51Z</time></trkpt>
<trkpt lat="36.972207" lon="138.407297"><ele>629.2</ele><time>2026-08-01T04:01:58Z</time></trkpt>
<trkpt lat="36.972017" lon="138.407413"><ele>628.8</ele><time>2026-08-01T04:02:01Z</time></trkpt>
<trkpt lat="36.971901" lon="138.407612"><ele>628.4</ele><time>2026-08-01T04:02:04Z</time></trkpt>
<trkpt lat="36.971837" lon="138.408518"><ele>626.4</ele><time>2026-08-01T04:02:12Z</time></trkpt>
<trkpt lat="36.971743" lon="138.408972"><ele>623.2</ele><time>2026-08-01T04:02:16Z</time></trkpt>
<trkpt lat="36.971869" lon="138.409973"><ele>615.2</ele><time>2026-08-01T04:02:24Z</time></trkpt>
<trkpt lat="36.972029" lon="138.410303"><ele>611.8</ele><time>2026-08-01T04:02:27Z</time></trkpt>
<trkpt lat="36.972552" lon="138.410657"><ele>606.2</ele><time>2026-08-01T04:02:33Z</time></trkpt>
<trkpt lat="36.972801" lon="138.411015"><ele>602.6</ele><time>2026-08-01T04:02:37Z</time></trkpt>
<trkpt lat="36.973002" lon="138.412251"><ele>594.8</ele><time>2026-08-01T04:02:46Z</time></trkpt>
<trkpt lat="36.973417" lon="138.412892"><ele>588.2</ele><time>2026-08-01T04:02:52Z</time></trkpt>
<trkpt lat="36.973783" lon="138.414029"><ele>579.2</ele><time>2026-08-01T04:03:00Z</time></trkpt>
<trkpt lat="36.974213" lon="138.414789"><ele>572.2</ele><time>2026-08-01T04:03:06Z</time></trkpt>
<trkpt lat="36.974265" lon="138.415143"><ele>570.4</ele><time>2026-08-01T04:03:09Z</time></trkpt>
<trkpt lat="36.974138" lon="138.415283"><ele>569.8</ele><time>2026-08-01T04:03:11Z</time></trkpt>
<trkpt lat="36.974042" lon="138.415285"><ele>569.8</ele><time>2026-08-01T04:03:12Z</time></trkpt>
<trkpt lat="36.973828" lon="138.415084"><ele>569.2</ele><time>2026-08-01T04:03:15Z</time></trkpt>
<trkpt lat="36.973495" lon="138.414281"><ele>565.6</ele><time>2026-08-01T04:03:23Z</time></trkpt>
<trkpt lat="36.973347" lon="138.414073"><ele>564.2</ele><time>2026-08-01T04:03:25Z</time></trkpt>
<trkpt lat="36.972507" lon="138.413631"><ele>558.6</ele><time>2026-08-01T04:03:33Z</time></trkpt>
<trkpt lat="36.971983" lon="138.412969"><ele>552.0</ele><time>2026-08-01T04:03:40Z</time></trkpt>
<trkpt lat="36.971510" lon="138.412953"><ele>547.2</ele><time>2026-08-01T04:03:44Z</time></trkpt>
<trkpt lat="36.971192" lon="138.412826"><ele>544.2</ele><time>2026-08-01T04:03:47Z</time></trkpt>
<trkpt lat="36.970479" lon="138.412032"><ele>534.6</ele><time>2026-08-01T04:03:56Z</time></trkpt>
<trkpt lat="36.970262" lon="138.411959"><ele>533.2</ele><time>2026-08-01T04:03:59Z</time></trkpt>
<trkpt lat="36.970140" lon="138.412053"><ele>532.4</ele><time>2026-08-01T04:04:01Z</time></trkpt>
<trkpt lat="36.969968" lon="138.412559"><ele>529.6</ele><time>2026-08-01T04:04:06Z</time></trkpt>
<trkpt lat="36.969659" lon="138.412701"><ele>528.8</ele><time>2026-08-01T04:04:10Z</time></trkpt>
<trkpt lat="36.968730" lon="138.412735"><ele>526.6</ele><time>2026-08-01T04:04:21Z</time></trkpt>
<trkpt lat="36.968075" lon="138.412359"><ele>524.4</ele><time>2026-08-01T04:04:30Z</time></trkpt>
<trkpt lat="36.967834" lon="138.412320"><ele>524.2</ele><time>2026-08-01T04:04:33Z</time></trkpt>
<trkpt lat="36.966610" lon="138.413232"><ele>517.2</ele><time>2026-08-01T04:04:49Z</time></trkpt>
<trkpt lat="36.965848" lon="138.413573"><ele>508.0</ele><time>2026-08-01T04:04:57Z</time></trkpt>
<trkpt lat="36.965244" lon="138.413940"><ele>503.8</ele><time>2026-08-01T04:05:04Z</time></trkpt>
<trkpt lat="36.963144" lon="138.414139"><ele>492.0</ele><time>2026-08-01T04:05:23Z</time></trkpt>
<trkpt lat="36.962349" lon="138.413986"><ele>491.2</ele><time>2026-08-01T04:05:33Z</time></trkpt>
<trkpt lat="36.962028" lon="138.414603"><ele>490.0</ele><time>2026-08-01T04:05:41Z</time></trkpt>
<trkpt lat="36.960494" lon="138.416435"><ele>476.2</ele><time>2026-08-01T04:06:02Z</time></trkpt>
<trkpt lat="36.959767" lon="138.416953"><ele>483.6</ele><time>2026-08-01T04:06:21Z</time></trkpt>
<trkpt lat="36.959056" lon="138.416886"><ele>487.8</ele><time>2026-08-01T04:06:44Z</time></trkpt>
<trkpt lat="36.956870" lon="138.417220"><ele>489.8</ele><time>2026-08-01T04:07:37Z</time></trkpt>
<trkpt lat="36.955722" lon="138.417659"><ele>491.4</ele><time>2026-08-01T04:08:00Z</time></trkpt>
<trkpt lat="36.954197" lon="138.417611"><ele>490.4</ele><time>2026-08-01T04:08:29Z</time></trkpt>
<trkpt lat="36.953869" lon="138.417537"><ele>490.8</ele><time>2026-08-01T04:08:36Z</time></trkpt>
<trkpt lat="36.953272" lon="138.417023"><ele>491.0</ele><time>2026-08-01T04:08:50Z</time></trkpt>
<trkpt lat="36.952861" lon="138.416863"><ele>490.2</ele><time>2026-08-01T04:08:57Z</time></trkpt>
<trkpt lat="36.951293" lon="138.417348"><ele>482.6</ele><time>2026-08-01T04:09:15Z</time></trkpt>
<trkpt lat="36.951043" lon="138.417347"><ele>480.2</ele><time>2026-08-01T04:09:18Z</time></trkpt>
<trkpt lat="36.950924" lon="138.417209"><ele>478.8</ele><time>2026-08-01T04:09:20Z</time></trkpt>
<trkpt lat="36.950896" lon="138.416990"><ele>477.2</ele><time>2026-08-01T04:09:22Z</time></trkpt>
<trkpt lat="36.951144" lon="138.416539"><ele>474.6</ele><time>2026-08-01T04:09:27Z</time></trkpt>
<trkpt lat="36.951162" lon="138.416334"><ele>473.2</ele><time>2026-08-01T04:09:29Z</time></trkpt>
<trkpt lat="36.951081" lon="138.416133"><ele>471.8</ele><time>2026-08-01T04:09:31Z</time></trkpt>
<trkpt lat="36.949925" lon="138.415522"><ele>460.2</ele><time>2026-08-01T04:09:42Z</time></trkpt>
<trkpt lat="36.948994" lon="138.413113"><ele>442.2</ele><time>2026-08-01T04:09:59Z</time></trkpt>
<trkpt lat="36.948707" lon="138.412847"><ele>440.6</ele><time>2026-08-01T04:10:02Z</time></trkpt>
<trkpt lat="36.947770" lon="138.412301"><ele>437.4</ele><time>2026-08-01T04:10:11Z</time></trkpt>
<trkpt lat="36.947549" lon="138.412278"><ele>436.6</ele><time>2026-08-01T04:10:13Z</time></trkpt>
<trkpt lat="36.947345" lon="138.412380"><ele>435.4</ele><time>2026-08-01T04:10:15Z</time></trkpt>
<trkpt lat="36.946616" lon="138.413249"><ele>431.4</ele><time>2026-08-01T04:10:25Z</time></trkpt>
<trkpt lat="36.946451" lon="138.413305"><ele>431.2</ele><time>2026-08-01T04:10:27Z</time></trkpt>
<trkpt lat="36.945590" lon="138.413238"><ele>430.2</ele><time>2026-08-01T04:10:37Z</time></trkpt>
<trkpt lat="36.944973" lon="138.413908"><ele>428.6</ele><time>2026-08-01T04:10:48Z</time></trkpt>
<trkpt lat="36.944125" lon="138.414075"><ele>427.6</ele><time>2026-08-01T04:10:59Z</time></trkpt>
<trkpt lat="36.943634" lon="138.414016"><ele>425.0</ele><time>2026-08-01T04:11:04Z</time></trkpt>
<trkpt lat="36.940555" lon="138.412904"><ele>402.2</ele><time>2026-08-01T04:11:28Z</time></trkpt>
<trkpt lat="36.939968" lon="138.412760"><ele>397.4</ele><time>2026-08-01T04:11:33Z</time></trkpt>
<trkpt lat="36.938912" lon="138.413003"><ele>393.8</ele><time>2026-08-01T04:11:42Z</time></trkpt>
<trkpt lat="36.938350" lon="138.413278"><ele>389.4</ele><time>2026-08-01T04:11:47Z</time></trkpt>
<trkpt lat="36.937079" lon="138.414198"><ele>375.4</ele><time>2026-08-01T04:11:59Z</time></trkpt>
<trkpt lat="36.936908" lon="138.414531"><ele>372.0</ele><time>2026-08-01T04:12:02Z</time></trkpt>
<trkpt lat="36.936883" lon="138.414800"><ele>369.6</ele><time>2026-08-01T04:12:04Z</time></trkpt>
<trkpt lat="36.936998" lon="138.416015"><ele>359.8</ele><time>2026-08-01T04:12:13Z</time></trkpt>
<trkpt lat="36.937192" lon="138.416416"><ele>355.8</ele><time>2026-08-01T04:12:17Z</time></trkpt>
<trkpt lat="36.938218" lon="138.416964"><ele>347.4</ele><time>2026-08-01T04:12:27Z</time></trkpt>
<trkpt lat="36.939314" lon="138.416881"><ele>336.6</ele><time>2026-08-01T04:12:36Z</time></trkpt>
<trkpt lat="36.939821" lon="138.417007"><ele>333.6</ele><time>2026-08-01T04:12:40Z</time></trkpt>
<trkpt lat="36.940178" lon="138.417219"><ele>328.4</ele><time>2026-08-01T04:12:43Z</time></trkpt>
<trkpt lat="36.940767" lon="138.417812"><ele>321.4</ele><time>2026-08-01T04:12:49Z</time></trkpt>
<trkpt lat="36.940849" lon="138.418257"><ele>319.2</ele><time>2026-08-01T04:12:52Z</time></trkpt>
<trkpt lat="36.940746" lon="138.418477"><ele>318.0</ele><time>2026-08-01T04:12:54Z</time></trkpt>
<trkpt lat="36.940246" lon="138.419088"><ele>312.4</ele><time>2026-08-01T04:13:00Z</time></trkpt>
<trkpt lat="36.939946" lon="138.420102"><ele>305.6</ele><time>2026-08-01T04:13:12Z</time></trkpt>
<trkpt lat="36.939533" lon="138.419951"><ele>306.4</ele><time>2026-08-01T04:13:25Z</time></trkpt>
<trkpt lat="36.938283" lon="138.419701"><ele>313.4</ele><time>2026-08-01T04:14:07Z</time></trkpt>
<trkpt lat="36.936631" lon="138.419052"><ele>314.0</ele><time>2026-08-01T04:14:44Z</time></trkpt>
<trkpt lat="36.936343" lon="138.418904"><ele>313.8</ele><time>2026-08-01T04:14:50Z</time></trkpt>
<trkpt lat="36.935384" lon="138.418157"><ele>309.4</ele><time>2026-08-01T04:15:07Z</time></trkpt>
<trkpt lat="36.935251" lon="138.418175"><ele>309.0</ele><time>2026-08-01T04:15:10Z</time></trkpt>
<trkpt lat="36.933731" lon="138.419231"><ele>308.8</ele><time>2026-08-01T04:15:47Z</time></trkpt>
<trkpt lat="36.933120" lon="138.417618"><ele>315.0</ele><time>2026-08-01T04:16:23Z</time></trkpt>
<trkpt lat="36.932788" lon="138.415841"><ele>313.6</ele><time>2026-08-01T04:16:49Z</time></trkpt>
<trkpt lat="36.931896" lon="138.413468"><ele>312.0</ele><time>2026-08-01T04:17:17Z</time></trkpt>
<trkpt lat="36.931113" lon="138.410385"><ele>310.2</ele><time>2026-08-01T04:17:51Z</time></trkpt>
<trkpt lat="36.930814" lon="138.409538"><ele>312.2</ele><time>2026-08-01T04:18:05Z</time></trkpt>
<trkpt lat="36.930392" lon="138.408771"><ele>316.0</ele><time>2026-08-01T04:18:24Z</time></trkpt>
<trkpt lat="36.929912" lon="138.408156"><ele>319.4</ele><time>2026-08-01T04:18:42Z</time></trkpt>
<trkpt lat="36.927934" lon="138.406375"><ele>326.6</ele><time>2026-08-01T04:19:35Z</time></trkpt>
<trkpt lat="36.927157" lon="138.406029"><ele>327.2</ele><time>2026-08-01T04:19:50Z</time></trkpt>
<trkpt lat="36.925741" lon="138.405877"><ele>323.2</ele><time>2026-08-01T04:20:09Z</time></trkpt>
<trkpt lat="36.925154" lon="138.405718"><ele>320.6</ele><time>2026-08-01T04:20:16Z</time></trkpt>
<trkpt lat="36.923023" lon="138.404324"><ele>314.4</ele><time>2026-08-01T04:20:43Z</time></trkpt>
<trkpt lat="36.922608" lon="138.404125"><ele>313.6</ele><time>2026-08-01T04:20:48Z</time></trkpt>
<trkpt lat="36.922052" lon="138.404087"><ele>312.0</ele><time>2026-08-01T04:20:54Z</time></trkpt>
<trkpt lat="36.921110" lon="138.404304"><ele>310.6</ele><time>2026-08-01T04:21:05Z</time></trkpt>
<trkpt lat="36.920557" lon="138.404161"><ele>310.0</ele><time>2026-08-01T04:21:12Z</time></trkpt>
<trkpt lat="36.920117" lon="138.403791"><ele>310.0</ele><time>2026-08-01T04:21:19Z</time></trkpt>
<trkpt lat="36.918372" lon="138.401555"><ele>307.4</ele><time>2026-08-01T04:21:51Z</time></trkpt>
<trkpt lat="36.917180" lon="138.400216"><ele>308.0</ele><time>2026-08-01T04:22:13Z</time></trkpt>
<trkpt lat="36.916441" lon="138.399786"><ele>309.4</ele><time>2026-08-01T04:22:27Z</time></trkpt>
<trkpt lat="36.914809" lon="138.399295"><ele>308.8</ele><time>2026-08-01T04:23:15Z</time></trkpt>
<trkpt lat="36.913349" lon="138.399119"><ele>308.0</ele><time>2026-08-01T04:23:36Z</time></trkpt>
<trkpt lat="36.912163" lon="138.399120"><ele>309.2</ele><time>2026-08-01T04:23:53Z</time></trkpt>
<trkpt lat="36.908958" lon="138.399563"><ele>310.6</ele><time>2026-08-01T04:24:40Z</time></trkpt>
<trkpt lat="36.908003" lon="138.400065"><ele>311.6</ele><time>2026-08-01T04:24:57Z</time></trkpt>
<trkpt lat="36.907836" lon="138.400568"><ele>313.0</ele><time>2026-08-01T04:38:57Z</time></trkpt>
<trkpt lat="36.907532" lon="138.400412"><ele>313.4</ele><time>2026-08-01T04:40:31Z</time></trkpt>
<trkpt lat="36.905067" lon="138.402007"><ele>315.4</ele><time>2026-08-01T04:41:23Z</time></trkpt>
<trkpt lat="36.904664" lon="138.402085"><ele>315.6</ele><time>2026-08-01T04:41:30Z</time></trkpt>
<trkpt lat="36.904310" lon="138.402031"><ele>316.0</ele><time>2026-08-01T04:41:36Z</time></trkpt>
<trkpt lat="36.903768" lon="138.401709"><ele>316.6</ele><time>2026-08-01T04:41:46Z</time></trkpt>
<trkpt lat="36.903386" lon="138.401179"><ele>317.4</ele><time>2026-08-01T04:41:55Z</time></trkpt>
<trkpt lat="36.902464" lon="138.398178"><ele>316.8</ele><time>2026-08-01T04:42:35Z</time></trkpt>
<trkpt lat="36.902260" lon="138.397774"><ele>316.4</ele><time>2026-08-01T04:42:41Z</time></trkpt>
<trkpt lat="36.902032" lon="138.397491"><ele>316.6</ele><time>2026-08-01T04:42:46Z</time></trkpt>
<trkpt lat="36.901708" lon="138.397254"><ele>316.6</ele><time>2026-08-01T04:42:52Z</time></trkpt>
<trkpt lat="36.901402" lon="138.397150"><ele>316.4</ele><time>2026-08-01T04:42:57Z</time></trkpt>
<trkpt lat="36.901022" lon="138.397134"><ele>316.4</ele><time>2026-08-01T04:43:03Z</time></trkpt>
<trkpt lat="36.898717" lon="138.397705"><ele>316.8</ele><time>2026-08-01T04:43:37Z</time></trkpt>
<trkpt lat="36.895768" lon="138.398319"><ele>313.0</ele><time>2026-08-01T04:44:18Z</time></trkpt>
<trkpt lat="36.893768" lon="138.399141"><ele>313.4</ele><time>2026-08-01T04:44:49Z</time></trkpt>
<trkpt lat="36.893003" lon="138.399233"><ele>313.2</ele><time>2026-08-01T04:45:00Z</time></trkpt>
<trkpt lat="36.892370" lon="138.399181"><ele>312.8</ele><time>2026-08-01T04:45:37Z</time></trkpt>
<trkpt lat="36.892310" lon="138.399382"><ele>313.0</ele><time>2026-08-01T04:45:42Z</time></trkpt>
<trkpt lat="36.892503" lon="138.405181"><ele>313.8</ele><time>2026-08-01T04:47:06Z</time></trkpt>
<trkpt lat="36.892642" lon="138.406322"><ele>315.4</ele><time>2026-08-01T04:47:25Z</time></trkpt>
<trkpt lat="36.892766" lon="138.406565"><ele>315.4</ele><time>2026-08-01T04:47:33Z</time></trkpt>
<trkpt lat="36.891103" lon="138.407344"><ele>317.6</ele><time>2026-08-01T04:48:25Z</time></trkpt>
<trkpt lat="36.887932" lon="138.409132"><ele>333.8</ele><time>2026-08-01T04:50:07Z</time></trkpt>
<trkpt lat="36.886296" lon="138.410271"><ele>335.2</ele><time>2026-08-01T04:50:52Z</time></trkpt>
<trkpt lat="36.884980" lon="138.411737"><ele>332.2</ele><time>2026-08-01T04:51:17Z</time></trkpt>
<trkpt lat="36.884591" lon="138.411958"><ele>332.0</ele><time>2026-08-01T04:51:22Z</time></trkpt>
<trkpt lat="36.883600" lon="138.412331"><ele>329.0</ele><time>2026-08-01T04:51:33Z</time></trkpt>
<trkpt lat="36.883141" lon="138.412336"><ele>326.6</ele><time>2026-08-01T04:51:38Z</time></trkpt>
<trkpt lat="36.882686" lon="138.412180"><ele>325.2</ele><time>2026-08-01T04:51:43Z</time></trkpt>
<trkpt lat="36.878281" lon="138.409812"><ele>308.8</ele><time>2026-08-01T04:52:52Z</time></trkpt>
<trkpt lat="36.875518" lon="138.409347"><ele>307.0</ele><time>2026-08-01T04:53:32Z</time></trkpt>
<trkpt lat="36.873810" lon="138.408062"><ele>311.8</ele><time>2026-08-01T04:54:05Z</time></trkpt>
<trkpt lat="36.873164" lon="138.407746"><ele>312.4</ele><time>2026-08-01T04:54:17Z</time></trkpt>
<trkpt lat="36.867452" lon="138.407407"><ele>321.6</ele><time>2026-08-01T04:56:23Z</time></trkpt>
<trkpt lat="36.864858" lon="138.406579"><ele>323.8</ele><time>2026-08-01T04:57:14Z</time></trkpt>
<trkpt lat="36.862152" lon="138.405570"><ele>318.8</ele><time>2026-08-01T04:57:58Z</time></trkpt>
<trkpt lat="36.861625" lon="138.405358"><ele>318.6</ele><time>2026-08-01T04:58:06Z</time></trkpt>
<trkpt lat="36.861282" lon="138.405082"><ele>319.0</ele><time>2026-08-01T04:58:12Z</time></trkpt>
<trkpt lat="36.861090" lon="138.405168"><ele>319.0</ele><time>2026-08-01T04:58:15Z</time></trkpt>
<trkpt lat="36.860729" lon="138.405747"><ele>319.0</ele><time>2026-08-01T04:58:24Z</time></trkpt>
<trkpt lat="36.859235" lon="138.407152"><ele>325.6</ele><time>2026-08-01T04:59:12Z</time></trkpt>
<trkpt lat="36.858630" lon="138.407306"><ele>328.0</ele><time>2026-08-01T04:59:30Z</time></trkpt>
<trkpt lat="36.858249" lon="138.407659"><ele>330.0</ele><time>2026-08-01T04:59:44Z</time></trkpt>
<trkpt lat="36.857494" lon="138.408134"><ele>334.0</ele><time>2026-08-01T05:00:09Z</time></trkpt>
<trkpt lat="36.856782" lon="138.408774"><ele>339.0</ele><time>2026-08-01T05:00:39Z</time></trkpt>
<trkpt lat="36.856242" lon="138.408907"><ele>341.4</ele><time>2026-08-01T05:00:56Z</time></trkpt>
<trkpt lat="36.855494" lon="138.408787"><ele>341.6</ele><time>2026-08-01T05:01:13Z</time></trkpt>
<trkpt lat="36.854853" lon="138.409008"><ele>342.8</ele><time>2026-08-01T05:01:30Z</time></trkpt>
<trkpt lat="36.854641" lon="138.409209"><ele>344.6</ele><time>2026-08-01T05:01:39Z</time></trkpt>
<trkpt lat="36.853484" lon="138.410775"><ele>355.2</ele><time>2026-08-01T05:02:40Z</time></trkpt>
<trkpt lat="36.852867" lon="138.411304"><ele>358.8</ele><time>2026-08-01T05:03:05Z</time></trkpt>
<trkpt lat="36.852423" lon="138.411531"><ele>361.0</ele><time>2026-08-01T05:03:19Z</time></trkpt>
<trkpt lat="36.851608" lon="138.411737"><ele>362.4</ele><time>2026-08-01T05:03:38Z</time></trkpt>
<trkpt lat="36.851299" lon="138.411947"><ele>362.4</ele><time>2026-08-01T05:03:46Z</time></trkpt>
<trkpt lat="36.850843" lon="138.412422"><ele>364.0</ele><time>2026-08-01T05:04:00Z</time></trkpt>
<trkpt lat="36.850270" lon="138.412751"><ele>365.2</ele><time>2026-08-01T05:04:14Z</time></trkpt>
<trkpt lat="36.849704" lon="138.413271"><ele>366.0</ele><time>2026-08-01T05:04:29Z</time></trkpt>
<trkpt lat="36.849316" lon="138.413436"><ele>366.0</ele><time>2026-08-01T05:04:38Z</time></trkpt>
<trkpt lat="36.848726" lon="138.413527"><ele>365.0</ele><time>2026-08-01T05:04:48Z</time></trkpt>
<trkpt lat="36.847889" lon="138.414113"><ele>364.2</ele><time>2026-08-01T05:05:04Z</time></trkpt>
<trkpt lat="36.847243" lon="138.414619"><ele>364.6</ele><time>2026-08-01T05:05:17Z</time></trkpt>
<trkpt lat="36.846808" lon="138.415074"><ele>364.4</ele><time>2026-08-01T05:05:26Z</time></trkpt>
<trkpt lat="36.845530" lon="138.416728"><ele>364.8</ele><time>2026-08-01T05:06:00Z</time></trkpt>
<trkpt lat="36.843811" lon="138.415439"><ele>353.4</ele><time>2026-08-01T05:06:23Z</time></trkpt>
<trkpt lat="36.843152" lon="138.414654"><ele>353.2</ele><time>2026-08-01T05:06:35Z</time></trkpt>
<trkpt lat="36.842361" lon="138.414001"><ele>353.8</ele><time>2026-08-01T05:06:50Z</time></trkpt>
<trkpt lat="36.841550" lon="138.412691"><ele>354.8</ele><time>2026-08-01T05:07:14Z</time></trkpt>
<trkpt lat="36.841406" lon="138.412664"><ele>355.0</ele><time>2026-08-01T05:07:18Z</time></trkpt>
<trkpt lat="36.841167" lon="138.412985"><ele>356.2</ele><time>2026-08-01T05:07:26Z</time></trkpt>
<trkpt lat="36.841004" lon="138.413725"><ele>358.0</ele><time>2026-08-01T05:07:41Z</time></trkpt>
<trkpt lat="36.840586" lon="138.414438"><ele>360.8</ele><time>2026-08-01T05:08:01Z</time></trkpt>
<trkpt lat="36.840378" lon="138.414685"><ele>361.8</ele><time>2026-08-01T05:08:09Z</time></trkpt>
<trkpt lat="36.839804" lon="138.415079"><ele>365.2</ele><time>2026-08-01T05:08:30Z</time></trkpt>
<trkpt lat="36.839291" lon="138.415764"><ele>368.0</ele><time>2026-08-01T05:08:54Z</time></trkpt>
<trkpt lat="36.838936" lon="138.416679"><ele>370.2</ele><time>2026-08-01T05:09:18Z</time></trkpt>
<trkpt lat="36.838887" lon="138.417391"><ele>374.0</ele><time>2026-08-01T05:09:41Z</time></trkpt>
<trkpt lat="36.838582" lon="138.417548"><ele>376.0</ele><time>2026-08-01T05:09:53Z</time></trkpt>
<trkpt lat="36.837544" lon="138.418481"><ele>381.2</ele><time>2026-08-01T05:10:36Z</time></trkpt>
<trkpt lat="36.836343" lon="138.419291"><ele>388.2</ele><time>2026-08-01T05:12:01Z</time></trkpt>
<trkpt lat="36.836301" lon="138.419665"><ele>390.2</ele><time>2026-08-01T05:12:13Z</time></trkpt>
<trkpt lat="36.836200" lon="138.419868"><ele>391.0</ele><time>2026-08-01T05:12:20Z</time></trkpt>
<trkpt lat="36.835535" lon="138.420660"><ele>394.8</ele><time>2026-08-01T05:12:51Z</time></trkpt>
<trkpt lat="36.834876" lon="138.421230"><ele>398.4</ele><time>2026-08-01T05:13:20Z</time></trkpt>
<trkpt lat="36.834279" lon="138.421576"><ele>402.2</ele><time>2026-08-01T05:13:46Z</time></trkpt>
<trkpt lat="36.833366" lon="138.421906"><ele>408.4</ele><time>2026-08-01T05:14:30Z</time></trkpt>
<trkpt lat="36.831181" lon="138.422447"><ele>420.0</ele><time>2026-08-01T05:15:57Z</time></trkpt>
<trkpt lat="36.830403" lon="138.422403"><ele>422.6</ele><time>2026-08-01T05:16:25Z</time></trkpt>
<trkpt lat="36.829940" lon="138.422278"><ele>425.0</ele><time>2026-08-01T05:16:41Z</time></trkpt>
<trkpt lat="36.829654" lon="138.422155"><ele>426.6</ele><time>2026-08-01T05:16:51Z</time></trkpt>
<trkpt lat="36.829222" lon="138.421819"><ele>428.2</ele><time>2026-08-01T05:17:06Z</time></trkpt>
<trkpt lat="36.828960" lon="138.421736"><ele>428.2</ele><time>2026-08-01T05:17:12Z</time></trkpt>
<trkpt lat="36.828585" lon="138.421942"><ele>429.4</ele><time>2026-08-01T05:17:24Z</time></trkpt>
<trkpt lat="36.828241" lon="138.422335"><ele>432.0</ele><time>2026-08-01T05:17:40Z</time></trkpt>
<trkpt lat="36.827819" lon="138.422646"><ele>433.6</ele><time>2026-08-01T05:17:56Z</time></trkpt>
<trkpt lat="36.827633" lon="138.423452"><ele>437.8</ele><time>2026-08-01T05:18:20Z</time></trkpt>
<trkpt lat="36.827245" lon="138.424605"><ele>444.8</ele><time>2026-08-01T05:19:07Z</time></trkpt>
<trkpt lat="36.827151" lon="138.424741"><ele>445.2</ele><time>2026-08-01T05:19:12Z</time></trkpt>
<trkpt lat="36.826890" lon="138.424885"><ele>447.4</ele><time>2026-08-01T05:19:26Z</time></trkpt>
<trkpt lat="36.826592" lon="138.425305"><ele>449.6</ele><time>2026-08-01T05:19:40Z</time></trkpt>
<trkpt lat="36.826467" lon="138.425326"><ele>451.0</ele><time>2026-08-01T05:19:47Z</time></trkpt>
<trkpt lat="36.826412" lon="138.425509"><ele>451.6</ele><time>2026-08-01T05:19:51Z</time></trkpt>
<trkpt lat="36.825995" lon="138.425965"><ele>457.8</ele><time>2026-08-01T05:20:27Z</time></trkpt>
<trkpt lat="36.825486" lon="138.426693"><ele>465.0</ele><time>2026-08-01T05:21:07Z</time></trkpt>
<trkpt lat="36.825285" lon="138.427344"><ele>469.6</ele><time>2026-08-01T05:21:36Z</time></trkpt>
<trkpt lat="36.825447" lon="138.427937"><ele>475.2</ele><time>2026-08-01T05:22:02Z</time></trkpt>
<trkpt lat="36.825340" lon="138.428369"><ele>478.8</ele><time>2026-08-01T05:22:22Z</time></trkpt>
<trkpt lat="36.825249" lon="138.429354"><ele>484.8</ele><time>2026-08-01T05:23:00Z</time></trkpt>
<trkpt lat="36.824865" lon="138.430256"><ele>492.0</ele><time>2026-08-01T05:23:43Z</time></trkpt>
<trkpt lat="36.822676" lon="138.432138"><ele>509.2</ele><time>2026-08-01T05:25:44Z</time></trkpt>
<trkpt lat="36.822454" lon="138.432409"><ele>511.6</ele><time>2026-08-01T05:25:59Z</time></trkpt>
<trkpt lat="36.822093" lon="138.433158"><ele>517.0</ele><time>2026-08-01T05:26:33Z</time></trkpt>
<trkpt lat="36.821949" lon="138.433325"><ele>518.8</ele><time>2026-08-01T05:26:42Z</time></trkpt>
<trkpt lat="36.821671" lon="138.433348"><ele>520.8</ele><time>2026-08-01T05:26:56Z</time></trkpt>
<trkpt lat="36.821365" lon="138.433116"><ele>524.6</ele><time>2026-08-01T05:27:18Z</time></trkpt>
<trkpt lat="36.820844" lon="138.433127"><ele>529.8</ele><time>2026-08-01T05:27:46Z</time></trkpt>
<trkpt lat="36.820053" lon="138.433353"><ele>536.2</ele><time>2026-08-01T05:28:29Z</time></trkpt>
<trkpt lat="36.819508" lon="138.433599"><ele>541.6</ele><time>2026-08-01T05:28:59Z</time></trkpt>
<trkpt lat="36.819116" lon="138.434109"><ele>548.4</ele><time>2026-08-01T05:29:30Z</time></trkpt>
<trkpt lat="36.818847" lon="138.435146"><ele>557.0</ele><time>2026-08-01T05:30:17Z</time></trkpt>
<trkpt lat="36.818207" lon="138.436303"><ele>566.0</ele><time>2026-08-01T05:31:07Z</time></trkpt>
<trkpt lat="36.817307" lon="138.437127"><ele>570.0</ele><time>2026-08-01T05:31:46Z</time></trkpt>
<trkpt lat="36.816892" lon="138.437307"><ele>571.4</ele><time>2026-08-01T05:32:00Z</time></trkpt>
<trkpt lat="36.816569" lon="138.437140"><ele>572.8</ele><time>2026-08-01T05:32:12Z</time></trkpt>
<trkpt lat="36.816396" lon="138.436855"><ele>573.8</ele><time>2026-08-01T05:32:22Z</time></trkpt>
<trkpt lat="36.816365" lon="138.436613"><ele>574.6</ele><time>2026-08-01T05:32:29Z</time></trkpt>
<trkpt lat="36.816461" lon="138.436045"><ele>576.4</ele><time>2026-08-01T05:32:46Z</time></trkpt>
<trkpt lat="36.817228" lon="138.433314"><ele>587.0</ele><time>2026-08-01T05:34:16Z</time></trkpt>
<trkpt lat="36.817151" lon="138.432730"><ele>590.4</ele><time>2026-08-01T05:34:38Z</time></trkpt>
<trkpt lat="36.816943" lon="138.432476"><ele>592.4</ele><time>2026-08-01T05:34:51Z</time></trkpt>
<trkpt lat="36.816715" lon="138.432335"><ele>593.6</ele><time>2026-08-01T05:35:00Z</time></trkpt>
<trkpt lat="36.816429" lon="138.432298"><ele>596.2</ele><time>2026-08-01T05:35:15Z</time></trkpt>
<trkpt lat="36.816133" lon="138.432468"><ele>598.6</ele><time>2026-08-01T05:35:30Z</time></trkpt>
<trkpt lat="36.815790" lon="138.432846"><ele>601.4</ele><time>2026-08-01T05:35:48Z</time></trkpt>
<trkpt lat="36.815717" lon="138.433096"><ele>602.4</ele><time>2026-08-01T05:35:56Z</time></trkpt>
<trkpt lat="36.815424" lon="138.433609"><ele>605.6</ele><time>2026-08-01T05:36:20Z</time></trkpt>
<trkpt lat="36.815159" lon="138.433911"><ele>608.0</ele><time>2026-08-01T05:36:36Z</time></trkpt>
<trkpt lat="36.814742" lon="138.434000"><ele>610.6</ele><time>2026-08-01T05:36:55Z</time></trkpt>
<trkpt lat="36.814209" lon="138.433980"><ele>614.4</ele><time>2026-08-01T05:37:22Z</time></trkpt>
<trkpt lat="36.813457" lon="138.434584"><ele>619.0</ele><time>2026-08-01T05:37:55Z</time></trkpt>
<trkpt lat="36.812854" lon="138.434743"><ele>620.8</ele><time>2026-08-01T05:38:13Z</time></trkpt>
<trkpt lat="36.812607" lon="138.434742"><ele>621.6</ele><time>2026-08-01T05:38:21Z</time></trkpt>
<trkpt lat="36.812096" lon="138.434579"><ele>624.6</ele><time>2026-08-01T05:38:41Z</time></trkpt>
<trkpt lat="36.811493" lon="138.434558"><ele>627.0</ele><time>2026-08-01T05:38:59Z</time></trkpt>
<trkpt lat="36.809525" lon="138.435019"><ele>627.6</ele><time>2026-08-01T05:39:40Z</time></trkpt>
<trkpt lat="36.808729" lon="138.435023"><ele>630.4</ele><time>2026-08-01T05:40:04Z</time></trkpt>
<trkpt lat="36.807660" lon="138.434182"><ele>629.6</ele><time>2026-08-01T05:40:28Z</time></trkpt>
<trkpt lat="36.806695" lon="138.433552"><ele>631.2</ele><time>2026-08-01T05:40:49Z</time></trkpt>
<trkpt lat="36.804986" lon="138.433470"><ele>630.4</ele><time>2026-08-01T05:41:20Z</time></trkpt>
<trkpt lat="36.804240" lon="138.433323"><ele>630.2</ele><time>2026-08-01T05:41:34Z</time></trkpt>
<trkpt lat="36.803794" lon="138.433074"><ele>630.2</ele><time>2026-08-01T05:41:43Z</time></trkpt>
<trkpt lat="36.803386" lon="138.432719"><ele>629.6</ele><time>2026-08-01T05:41:59Z</time></trkpt>
<trkpt lat="36.803252" lon="138.432490"><ele>630.0</ele><time>2026-08-01T05:43:08Z</time></trkpt>
<trkpt lat="36.802635" lon="138.433061"><ele>633.8</ele><time>2026-08-01T05:52:15Z</time></trkpt>
<trkpt lat="36.801987" lon="138.433412"><ele>637.0</ele><time>2026-08-01T05:52:42Z</time></trkpt>
<trkpt lat="36.801758" lon="138.433730"><ele>639.0</ele><time>2026-08-01T05:52:55Z</time></trkpt>
<trkpt lat="36.801381" lon="138.434484"><ele>645.2</ele><time>2026-08-01T05:53:33Z</time></trkpt>
<trkpt lat="36.799859" lon="138.435175"><ele>655.8</ele><time>2026-08-01T05:54:45Z</time></trkpt>
<trkpt lat="36.799476" lon="138.435247"><ele>658.6</ele><time>2026-08-01T05:55:03Z</time></trkpt>
<trkpt lat="36.797668" lon="138.435272"><ele>670.8</ele><time>2026-08-01T05:56:19Z</time></trkpt>
<trkpt lat="36.796617" lon="138.435115"><ele>674.4</ele><time>2026-08-01T05:56:54Z</time></trkpt>
<trkpt lat="36.795586" lon="138.435210"><ele>678.0</ele><time>2026-08-01T05:57:28Z</time></trkpt>
<trkpt lat="36.793735" lon="138.434772"><ele>684.0</ele><time>2026-08-01T05:58:25Z</time></trkpt>
<trkpt lat="36.793171" lon="138.434547"><ele>686.2</ele><time>2026-08-01T05:58:42Z</time></trkpt>
<trkpt lat="36.792155" lon="138.433771"><ele>687.0</ele><time>2026-08-01T05:59:09Z</time></trkpt>
<trkpt lat="36.790687" lon="138.432279"><ele>687.8</ele><time>2026-08-01T05:59:48Z</time></trkpt>
<trkpt lat="36.790389" lon="138.432072"><ele>688.2</ele><time>2026-08-01T05:59:55Z</time></trkpt>
<trkpt lat="36.789049" lon="138.431914"><ele>691.0</ele><time>2026-08-01T06:00:26Z</time></trkpt>
<trkpt lat="36.788279" lon="138.431528"><ele>691.8</ele><time>2026-08-01T06:00:45Z</time></trkpt>
<trkpt lat="36.786922" lon="138.431585"><ele>697.4</ele><time>2026-08-01T06:01:24Z</time></trkpt>
<trkpt lat="36.785170" lon="138.431351"><ele>703.6</ele><time>2026-08-01T06:02:16Z</time></trkpt>
<trkpt lat="36.784830" lon="138.431260"><ele>705.2</ele><time>2026-08-01T06:02:27Z</time></trkpt>
<trkpt lat="36.783896" lon="138.430714"><ele>711.4</ele><time>2026-08-01T06:03:07Z</time></trkpt>
<trkpt lat="36.782137" lon="138.430592"><ele>723.2</ele><time>2026-08-01T06:04:19Z</time></trkpt>
<trkpt lat="36.779193" lon="138.429234"><ele>717.2</ele><time>2026-08-01T06:05:13Z</time></trkpt>
<trkpt lat="36.778345" lon="138.429107"><ele>714.8</ele><time>2026-08-01T06:05:22Z</time></trkpt>
<trkpt lat="36.778060" lon="138.428906"><ele>713.4</ele><time>2026-08-01T06:05:25Z</time></trkpt>
<trkpt lat="36.777721" lon="138.428473"><ele>711.2</ele><time>2026-08-01T06:05:29Z</time></trkpt>
<trkpt lat="36.777399" lon="138.427902"><ele>707.2</ele><time>2026-08-01T06:05:33Z</time></trkpt>
<trkpt lat="36.777300" lon="138.427456"><ele>703.4</ele><time>2026-08-01T06:05:36Z</time></trkpt>
<trkpt lat="36.777510" lon="138.426313"><ele>697.8</ele><time>2026-08-01T06:05:43Z</time></trkpt>
<trkpt lat="36.777555" lon="138.425434"><ele>693.2</ele><time>2026-08-01T06:05:48Z</time></trkpt>
<trkpt lat="36.777786" lon="138.424268"><ele>685.6</ele><time>2026-08-01T06:05:55Z</time></trkpt>
<trkpt lat="36.777402" lon="138.423016"><ele>678.4</ele><time>2026-08-01T06:06:03Z</time></trkpt>
<trkpt lat="36.777352" lon="138.422658"><ele>675.8</ele><time>2026-08-01T06:06:05Z</time></trkpt>
<trkpt lat="36.777797" lon="138.419887"><ele>663.4</ele><time>2026-08-01T06:06:21Z</time></trkpt>
<trkpt lat="36.777632" lon="138.419085"><ele>658.2</ele><time>2026-08-01T06:06:26Z</time></trkpt>
<trkpt lat="36.777531" lon="138.418052"><ele>651.8</ele><time>2026-08-01T06:06:32Z</time></trkpt>
<trkpt lat="36.776943" lon="138.416487"><ele>639.4</ele><time>2026-08-01T06:06:41Z</time></trkpt>
<trkpt lat="36.774878" lon="138.413070"><ele>611.4</ele><time>2026-08-01T06:07:01Z</time></trkpt>
<trkpt lat="36.773487" lon="138.410513"><ele>588.8</ele><time>2026-08-01T06:07:18Z</time></trkpt>
<trkpt lat="36.773361" lon="138.410450"><ele>588.2</ele><time>2026-08-01T06:07:20Z</time></trkpt>
<trkpt lat="36.773314" lon="138.410514"><ele>588.0</ele><time>2026-08-01T06:07:21Z</time></trkpt>
<trkpt lat="36.773009" lon="138.411894"><ele>582.4</ele><time>2026-08-01T06:07:33Z</time></trkpt>
<trkpt lat="36.772325" lon="138.413373"><ele>572.6</ele><time>2026-08-01T06:07:45Z</time></trkpt>
<trkpt lat="36.772190" lon="138.414399"><ele>567.8</ele><time>2026-08-01T06:07:52Z</time></trkpt>
<trkpt lat="36.771986" lon="138.414735"><ele>565.6</ele><time>2026-08-01T06:07:55Z</time></trkpt>
<trkpt lat="36.771659" lon="138.414869"><ele>564.6</ele><time>2026-08-01T06:07:58Z</time></trkpt>
<trkpt lat="36.771329" lon="138.414870"><ele>561.8</ele><time>2026-08-01T06:08:01Z</time></trkpt>
<trkpt lat="36.769772" lon="138.414508"><ele>560.2</ele><time>2026-08-01T06:08:18Z</time></trkpt>
<trkpt lat="36.769304" lon="138.414490"><ele>559.6</ele><time>2026-08-01T06:08:23Z</time></trkpt>
<trkpt lat="36.768881" lon="138.414347"><ele>557.2</ele><time>2026-08-01T06:08:27Z</time></trkpt>
<trkpt lat="36.768177" lon="138.414301"><ele>550.8</ele><time>2026-08-01T06:08:33Z</time></trkpt>
<trkpt lat="36.767863" lon="138.414107"><ele>548.8</ele><time>2026-08-01T06:08:36Z</time></trkpt>
<trkpt lat="36.766694" lon="138.412929"><ele>543.0</ele><time>2026-08-01T06:08:48Z</time></trkpt>
<trkpt lat="36.765725" lon="138.410806"><ele>530.6</ele><time>2026-08-01T06:09:02Z</time></trkpt>
<trkpt lat="36.764868" lon="138.409273"><ele>520.0</ele><time>2026-08-01T06:09:12Z</time></trkpt>
<trkpt lat="36.764564" lon="138.408850"><ele>516.4</ele><time>2026-08-01T06:09:15Z</time></trkpt>
<trkpt lat="36.764197" lon="138.408516"><ele>513.6</ele><time>2026-08-01T06:09:18Z</time></trkpt>
<trkpt lat="36.763746" lon="138.408289"><ele>511.0</ele><time>2026-08-01T06:09:21Z</time></trkpt>
<trkpt lat="36.761563" lon="138.407747"><ele>499.6</ele><time>2026-08-01T06:09:38Z</time></trkpt>
<trkpt lat="36.761353" lon="138.407474"><ele>499.0</ele><time>2026-08-01T06:09:41Z</time></trkpt>
<trkpt lat="36.761154" lon="138.406903"><ele>495.4</ele><time>2026-08-01T06:09:47Z</time></trkpt>
<trkpt lat="36.761055" lon="138.406863"><ele>495.0</ele><time>2026-08-01T06:09:49Z</time></trkpt>
<trkpt lat="36.759807" lon="138.407679"><ele>497.8</ele><time>2026-08-01T06:10:17Z</time></trkpt>
<trkpt lat="36.754430" lon="138.410773"><ele>515.8</ele><time>2026-08-01T06:12:55Z</time></trkpt>
<trkpt lat="36.753584" lon="138.410972"><ele>519.8</ele><time>2026-08-01T06:13:23Z</time></trkpt>
<trkpt lat="36.752621" lon="138.410981"><ele>523.8</ele><time>2026-08-01T06:13:54Z</time></trkpt>
<trkpt lat="36.752433" lon="138.411189"><ele>525.0</ele><time>2026-08-01T06:14:02Z</time></trkpt>
<trkpt lat="36.752105" lon="138.411765"><ele>527.6</ele><time>2026-08-01T06:14:21Z</time></trkpt>
<trkpt lat="36.751356" lon="138.412355"><ele>532.4</ele><time>2026-08-01T06:14:54Z</time></trkpt>
<trkpt lat="36.750980" lon="138.412588"><ele>534.2</ele><time>2026-08-01T06:15:07Z</time></trkpt>
<trkpt lat="36.749993" lon="138.412898"><ele>540.0</ele><time>2026-08-01T06:15:45Z</time></trkpt>
<trkpt lat="36.748277" lon="138.413999"><ele>547.2</ele><time>2026-08-01T06:16:46Z</time></trkpt>
<trkpt lat="36.748086" lon="138.414020"><ele>547.8</ele><time>2026-08-01T06:16:52Z</time></trkpt>
<trkpt lat="36.747197" lon="138.413774"><ele>552.6</ele><time>2026-08-01T06:17:21Z</time></trkpt>
<trkpt lat="36.746660" lon="138.413707"><ele>554.8</ele><time>2026-08-01T06:17:39Z</time></trkpt>
<trkpt lat="36.745200" lon="138.413919"><ele>562.4</ele><time>2026-08-01T06:18:29Z</time></trkpt>
<trkpt lat="36.744196" lon="138.414244"><ele>568.8</ele><time>2026-08-01T06:19:08Z</time></trkpt>
<trkpt lat="36.743931" lon="138.414501"><ele>570.0</ele><time>2026-08-01T06:19:20Z</time></trkpt>
<trkpt lat="36.742925" lon="138.415081"><ele>576.0</ele><time>2026-08-01T06:20:02Z</time></trkpt>
<trkpt lat="36.742748" lon="138.415048"><ele>577.0</ele><time>2026-08-01T06:20:08Z</time></trkpt>
<trkpt lat="36.742574" lon="138.414802"><ele>578.0</ele><time>2026-08-01T06:20:16Z</time></trkpt>
<trkpt lat="36.742498" lon="138.414795"><ele>578.2</ele><time>2026-08-01T06:20:19Z</time></trkpt>
<trkpt lat="36.742035" lon="138.414973"><ele>579.4</ele><time>2026-08-01T06:20:35Z</time></trkpt>
<trkpt lat="36.741570" lon="138.415334"><ele>583.0</ele><time>2026-08-01T06:20:54Z</time></trkpt>
<trkpt lat="36.741447" lon="138.415359"><ele>583.6</ele><time>2026-08-01T06:20:58Z</time></trkpt>
<trkpt lat="36.741186" lon="138.415190"><ele>583.6</ele><time>2026-08-01T06:21:06Z</time></trkpt>
<trkpt lat="36.741143" lon="138.415230"><ele>582.8</ele><time>2026-08-01T06:28:30Z</time></trkpt>
<trkpt lat="36.741193" lon="138.415036"><ele>583.0</ele><time>2026-08-01T06:32:19Z</time></trkpt>
<trkpt lat="36.741059" lon="138.414979"><ele>582.4</ele><time>2026-08-01T06:32:22Z</time></trkpt>
<trkpt lat="36.740111" lon="138.415895"><ele>578.2</ele><time>2026-08-01T06:32:43Z</time></trkpt>
<trkpt lat="36.739969" lon="138.415959"><ele>577.0</ele><time>2026-08-01T06:32:45Z</time></trkpt>
<trkpt lat="36.739824" lon="138.415916"><ele>576.2</ele><time>2026-08-01T06:32:47Z</time></trkpt>
<trkpt lat="36.739175" lon="138.415385"><ele>575.0</ele><time>2026-08-01T06:32:59Z</time></trkpt>
<trkpt lat="36.739064" lon="138.415404"><ele>576.0</ele><time>2026-08-01T06:33:02Z</time></trkpt>
<trkpt lat="36.736166" lon="138.421335"><ele>600.8</ele><time>2026-08-01T06:35:47Z</time></trkpt>
<trkpt lat="36.735852" lon="138.422659"><ele>605.0</ele><time>2026-08-01T06:36:19Z</time></trkpt>
<trkpt lat="36.735467" lon="138.426135"><ele>617.2</ele><time>2026-08-01T06:37:46Z</time></trkpt>
<trkpt lat="36.735300" lon="138.427081"><ele>620.6</ele><time>2026-08-01T06:38:11Z</time></trkpt>
<trkpt lat="36.735246" lon="138.427118"><ele>621.0</ele><time>2026-08-01T06:38:14Z</time></trkpt>
<trkpt lat="36.734509" lon="138.426839"><ele>622.6</ele><time>2026-08-01T06:38:38Z</time></trkpt>
<trkpt lat="36.734298" lon="138.426903"><ele>624.8</ele><time>2026-08-01T06:38:49Z</time></trkpt>
<trkpt lat="36.734396" lon="138.428204"><ele>636.2</ele><time>2026-08-01T06:39:47Z</time></trkpt>
<trkpt lat="36.734354" lon="138.428444"><ele>638.0</ele><time>2026-08-01T06:40:00Z</time></trkpt>
<trkpt lat="36.733830" lon="138.429435"><ele>647.2</ele><time>2026-08-01T06:40:51Z</time></trkpt>
<trkpt lat="36.733279" lon="138.430758"><ele>658.2</ele><time>2026-08-01T06:41:52Z</time></trkpt>
<trkpt lat="36.733024" lon="138.431083"><ele>660.0</ele><time>2026-08-01T06:42:09Z</time></trkpt>
<trkpt lat="36.732517" lon="138.431457"><ele>663.6</ele><time>2026-08-01T06:42:34Z</time></trkpt>
<trkpt lat="36.732262" lon="138.431804"><ele>665.8</ele><time>2026-08-01T06:42:51Z</time></trkpt>
<trkpt lat="36.731480" lon="138.433850"><ele>675.4</ele><time>2026-08-01T06:44:26Z</time></trkpt>
<trkpt lat="36.730835" lon="138.435782"><ele>688.4</ele><time>2026-08-01T06:45:48Z</time></trkpt>
<trkpt lat="36.730593" lon="138.437704"><ele>699.2</ele><time>2026-08-01T06:46:58Z</time></trkpt>
<trkpt lat="36.730439" lon="138.438215"><ele>701.8</ele><time>2026-08-01T06:47:17Z</time></trkpt>
<trkpt lat="36.729839" lon="138.439238"><ele>709.0</ele><time>2026-08-01T06:48:03Z</time></trkpt>
<trkpt lat="36.729538" lon="138.439502"><ele>711.6</ele><time>2026-08-01T06:48:19Z</time></trkpt>
<trkpt lat="36.729347" lon="138.440150"><ele>716.8</ele><time>2026-08-01T06:48:48Z</time></trkpt>
<trkpt lat="36.728953" lon="138.441103"><ele>723.2</ele><time>2026-08-01T06:49:26Z</time></trkpt>
<trkpt lat="36.728212" lon="138.442556"><ele>732.2</ele><time>2026-08-01T06:50:28Z</time></trkpt>
<trkpt lat="36.726462" lon="138.444279"><ele>750.0</ele><time>2026-08-01T06:52:23Z</time></trkpt>
<trkpt lat="36.725857" lon="138.444687"><ele>755.2</ele><time>2026-08-01T06:52:59Z</time></trkpt>
<trkpt lat="36.722435" lon="138.445637"><ele>777.4</ele><time>2026-08-01T06:55:33Z</time></trkpt>
<trkpt lat="36.721736" lon="138.446011"><ele>785.0</ele><time>2026-08-01T06:56:16Z</time></trkpt>
<trkpt lat="36.720697" lon="138.445929"><ele>792.6</ele><time>2026-08-01T06:57:08Z</time></trkpt>
<trkpt lat="36.720507" lon="138.446018"><ele>793.6</ele><time>2026-08-01T06:57:17Z</time></trkpt>
<trkpt lat="36.720380" lon="138.446246"><ele>795.6</ele><time>2026-08-01T06:57:29Z</time></trkpt>
<trkpt lat="36.720381" lon="138.446522"><ele>797.8</ele><time>2026-08-01T06:57:42Z</time></trkpt>
<trkpt lat="36.720615" lon="138.446908"><ele>801.8</ele><time>2026-08-01T06:58:04Z</time></trkpt>
<trkpt lat="36.721746" lon="138.447503"><ele>811.0</ele><time>2026-08-01T06:59:09Z</time></trkpt>
<trkpt lat="36.722031" lon="138.447980"><ele>815.8</ele><time>2026-08-01T06:59:37Z</time></trkpt>
<trkpt lat="36.722272" lon="138.448966"><ele>823.6</ele><time>2026-08-01T07:00:23Z</time></trkpt>
<trkpt lat="36.722428" lon="138.450282"><ele>830.2</ele><time>2026-08-01T07:01:11Z</time></trkpt>
<trkpt lat="36.722270" lon="138.450578"><ele>832.6</ele><time>2026-08-01T07:01:27Z</time></trkpt>
<trkpt lat="36.722254" lon="138.450855"><ele>834.4</ele><time>2026-08-01T07:01:38Z</time></trkpt>
<trkpt lat="36.722108" lon="138.451282"><ele>836.8</ele><time>2026-08-01T07:01:55Z</time></trkpt>
<trkpt lat="36.722233" lon="138.451664"><ele>839.6</ele><time>2026-08-01T07:02:10Z</time></trkpt>
<trkpt lat="36.722502" lon="138.451904"><ele>843.6</ele><time>2026-08-01T07:02:34Z</time></trkpt>
<trkpt lat="36.722669" lon="138.451922"><ele>845.2</ele><time>2026-08-01T07:02:44Z</time></trkpt>
<trkpt lat="36.722895" lon="138.451796"><ele>847.2</ele><time>2026-08-01T07:02:55Z</time></trkpt>
<trkpt lat="36.723047" lon="138.451513"><ele>849.4</ele><time>2026-08-01T07:03:09Z</time></trkpt>
<trkpt lat="36.723044" lon="138.451044"><ele>852.0</ele><time>2026-08-01T07:03:28Z</time></trkpt>
<trkpt lat="36.722878" lon="138.450785"><ele>853.8</ele><time>2026-08-01T07:03:41Z</time></trkpt>
<trkpt lat="36.722606" lon="138.450676"><ele>855.4</ele><time>2026-08-01T07:03:54Z</time></trkpt>
<trkpt lat="36.721638" lon="138.450853"><ele>862.2</ele><time>2026-08-01T07:04:41Z</time></trkpt>
<trkpt lat="36.721326" lon="138.451137"><ele>864.8</ele><time>2026-08-01T07:05:00Z</time></trkpt>
<trkpt lat="36.721204" lon="138.451702"><ele>868.0</ele><time>2026-08-01T07:05:21Z</time></trkpt>
<trkpt lat="36.721333" lon="138.452287"><ele>872.4</ele><time>2026-08-01T07:05:50Z</time></trkpt>
<trkpt lat="36.721542" lon="138.452667"><ele>875.6</ele><time>2026-08-01T07:06:07Z</time></trkpt>
<trkpt lat="36.721623" lon="138.453144"><ele>878.6</ele><time>2026-08-01T07:06:28Z</time></trkpt>
<trkpt lat="36.722293" lon="138.454607"><ele>888.2</ele><time>2026-08-01T07:07:29Z</time></trkpt>
<trkpt lat="36.722593" lon="138.454957"><ele>890.2</ele><time>2026-08-01T07:07:46Z</time></trkpt>
<trkpt lat="36.723146" lon="138.455332"><ele>894.0</ele><time>2026-08-01T07:08:15Z</time></trkpt>
<trkpt lat="36.723300" lon="138.455614"><ele>895.8</ele><time>2026-08-01T07:08:28Z</time></trkpt>
<trkpt lat="36.723346" lon="138.455880"><ele>897.2</ele><time>2026-08-01T07:08:37Z</time></trkpt>
<trkpt lat="36.723274" lon="138.456234"><ele>899.0</ele><time>2026-08-01T07:08:49Z</time></trkpt>
<trkpt lat="36.723164" lon="138.456348"><ele>900.0</ele><time>2026-08-01T07:08:57Z</time></trkpt>
<trkpt lat="36.722763" lon="138.456305"><ele>903.0</ele><time>2026-08-01T07:09:18Z</time></trkpt>
<trkpt lat="36.721965" lon="138.455395"><ele>908.8</ele><time>2026-08-01T07:10:05Z</time></trkpt>
<trkpt lat="36.721666" lon="138.454829"><ele>912.8</ele><time>2026-08-01T07:10:28Z</time></trkpt>
<trkpt lat="36.721548" lon="138.454772"><ele>913.4</ele><time>2026-08-01T07:10:32Z</time></trkpt>
<trkpt lat="36.721395" lon="138.454141"><ele>917.2</ele><time>2026-08-01T07:10:57Z</time></trkpt>
<trkpt lat="36.721410" lon="138.453971"><ele>917.8</ele><time>2026-08-01T07:11:03Z</time></trkpt>
<trkpt lat="36.721118" lon="138.453413"><ele>921.4</ele><time>2026-08-01T07:11:26Z</time></trkpt>
<trkpt lat="36.720422" lon="138.452738"><ele>927.2</ele><time>2026-08-01T07:12:06Z</time></trkpt>
<trkpt lat="36.720274" lon="138.452462"><ele>929.8</ele><time>2026-08-01T07:12:19Z</time></trkpt>
<trkpt lat="36.719946" lon="138.451710"><ele>936.4</ele><time>2026-08-01T07:13:01Z</time></trkpt>
<trkpt lat="36.719796" lon="138.451147"><ele>940.4</ele><time>2026-08-01T07:13:30Z</time></trkpt>
<trkpt lat="36.719311" lon="138.450871"><ele>943.8</ele><time>2026-08-01T07:13:51Z</time></trkpt>
<trkpt lat="36.718185" lon="138.450627"><ele>954.8</ele><time>2026-08-01T07:15:03Z</time></trkpt>
<trkpt lat="36.717625" lon="138.450260"><ele>959.4</ele><time>2026-08-01T07:15:31Z</time></trkpt>
<trkpt lat="36.717277" lon="138.450626"><ele>964.0</ele><time>2026-08-01T07:15:58Z</time></trkpt>
<trkpt lat="36.717196" lon="138.451390"><ele>968.6</ele><time>2026-08-01T07:16:22Z</time></trkpt>
<trkpt lat="36.717242" lon="138.451963"><ele>971.8</ele><time>2026-08-01T07:16:45Z</time></trkpt>
<trkpt lat="36.716968" lon="138.452670"><ele>975.8</ele><time>2026-08-01T07:17:14Z</time></trkpt>
<trkpt lat="36.717052" lon="138.453243"><ele>979.8</ele><time>2026-08-01T07:17:43Z</time></trkpt>
<trkpt lat="36.717250" lon="138.453450"><ele>983.6</ele><time>2026-08-01T07:17:59Z</time></trkpt>
<trkpt lat="36.717517" lon="138.453526"><ele>986.2</ele><time>2026-08-01T07:18:15Z</time></trkpt>
<trkpt lat="36.718936" lon="138.453506"><ele>1000.8</ele><time>2026-08-01T07:19:45Z</time></trkpt>
<trkpt lat="36.719156" lon="138.453604"><ele>1003.0</ele><time>2026-08-01T07:19:59Z</time></trkpt>
<trkpt lat="36.719358" lon="138.453803"><ele>1005.6</ele><time>2026-08-01T07:20:13Z</time></trkpt>
<trkpt lat="36.719737" lon="138.454861"><ele>1015.4</ele><time>2026-08-01T07:21:14Z</time></trkpt>
<trkpt lat="36.720116" lon="138.456564"><ele>1029.6</ele><time>2026-08-01T07:22:46Z</time></trkpt>
<trkpt lat="36.720241" lon="138.456901"><ele>1032.6</ele><time>2026-08-01T07:23:01Z</time></trkpt>
<trkpt lat="36.720230" lon="138.457039"><ele>1032.8</ele><time>2026-08-01T07:23:06Z</time></trkpt>
<trkpt lat="36.720391" lon="138.457460"><ele>1037.8</ele><time>2026-08-01T07:23:36Z</time></trkpt>
<trkpt lat="36.720428" lon="138.457926"><ele>1041.2</ele><time>2026-08-01T07:23:56Z</time></trkpt>
<trkpt lat="36.720381" lon="138.458095"><ele>1042.8</ele><time>2026-08-01T07:24:06Z</time></trkpt>
<trkpt lat="36.720035" lon="138.458596"><ele>1048.4</ele><time>2026-08-01T07:24:42Z</time></trkpt>
<trkpt lat="36.719383" lon="138.459148"><ele>1055.4</ele><time>2026-08-01T07:25:30Z</time></trkpt>
<trkpt lat="36.719162" lon="138.459640"><ele>1060.0</ele><time>2026-08-01T07:25:51Z</time></trkpt>
<trkpt lat="36.719153" lon="138.459932"><ele>1061.8</ele><time>2026-08-01T07:26:01Z</time></trkpt>
<trkpt lat="36.719245" lon="138.460180"><ele>1063.4</ele><time>2026-08-01T07:26:10Z</time></trkpt>
<trkpt lat="36.719735" lon="138.460811"><ele>1069.0</ele><time>2026-08-01T07:26:43Z</time></trkpt>
<trkpt lat="36.719842" lon="138.461189"><ele>1071.8</ele><time>2026-08-01T07:26:59Z</time></trkpt>
<trkpt lat="36.719674" lon="138.461479"><ele>1075.2</ele><time>2026-08-01T07:27:16Z</time></trkpt>
<trkpt lat="36.719337" lon="138.461688"><ele>1078.8</ele><time>2026-08-01T07:27:37Z</time></trkpt>
<trkpt lat="36.719128" lon="138.461913"><ele>1081.2</ele><time>2026-08-01T07:27:49Z</time></trkpt>
<trkpt lat="36.719055" lon="138.462213"><ele>1083.2</ele><time>2026-08-01T07:28:00Z</time></trkpt>
<trkpt lat="36.719140" lon="138.462937"><ele>1088.2</ele><time>2026-08-01T07:28:25Z</time></trkpt>
<trkpt lat="36.719338" lon="138.463246"><ele>1090.6</ele><time>2026-08-01T07:28:40Z</time></trkpt>
<trkpt lat="36.719694" lon="138.464750"><ele>1101.2</ele><time>2026-08-01T07:29:40Z</time></trkpt>
<trkpt lat="36.720686" lon="138.467494"><ele>1121.8</ele><time>2026-08-01T07:31:34Z</time></trkpt>
<trkpt lat="36.721054" lon="138.468229"><ele>1127.8</ele><time>2026-08-01T07:32:08Z</time></trkpt>
<trkpt lat="36.721314" lon="138.468560"><ele>1129.8</ele><time>2026-08-01T07:32:23Z</time></trkpt>
<trkpt lat="36.721610" lon="138.468721"><ele>1132.0</ele><time>2026-08-01T07:32:39Z</time></trkpt>
<trkpt lat="36.722108" lon="138.468721"><ele>1136.8</ele><time>2026-08-01T07:33:06Z</time></trkpt>
<trkpt lat="36.722558" lon="138.468453"><ele>1142.2</ele><time>2026-08-01T07:33:37Z</time></trkpt>
<trkpt lat="36.723216" lon="138.467399"><ele>1150.4</ele><time>2026-08-01T07:34:28Z</time></trkpt>
<trkpt lat="36.723283" lon="138.466963"><ele>1153.0</ele><time>2026-08-01T07:34:42Z</time></trkpt>
<trkpt lat="36.723171" lon="138.466214"><ele>1156.8</ele><time>2026-08-01T07:35:08Z</time></trkpt>
<trkpt lat="36.723317" lon="138.465817"><ele>1158.8</ele><time>2026-08-01T07:35:22Z</time></trkpt>
<trkpt lat="36.723534" lon="138.465666"><ele>1160.0</ele><time>2026-08-01T07:35:33Z</time></trkpt>
<trkpt lat="36.723781" lon="138.465665"><ele>1161.2</ele><time>2026-08-01T07:35:44Z</time></trkpt>
<trkpt lat="36.723999" lon="138.465812"><ele>1162.8</ele><time>2026-08-01T07:35:55Z</time></trkpt>
<trkpt lat="36.724122" lon="138.466037"><ele>1164.0</ele><time>2026-08-01T07:36:05Z</time></trkpt>
<trkpt lat="36.724115" lon="138.466566"><ele>1166.4</ele><time>2026-08-01T07:36:23Z</time></trkpt>
<trkpt lat="36.723829" lon="138.467455"><ele>1173.0</ele><time>2026-08-01T07:37:08Z</time></trkpt>
<trkpt lat="36.722868" lon="138.469130"><ele>1188.6</ele><time>2026-08-01T07:38:41Z</time></trkpt>
<trkpt lat="36.722350" lon="138.469670"><ele>1193.8</ele><time>2026-08-01T07:39:12Z</time></trkpt>
<trkpt lat="36.721912" lon="138.469941"><ele>1197.6</ele><time>2026-08-01T07:39:36Z</time></trkpt>
<trkpt lat="36.721680" lon="138.470904"><ele>1204.8</ele><time>2026-08-01T07:40:17Z</time></trkpt>
<trkpt lat="36.721794" lon="138.471257"><ele>1208.4</ele><time>2026-08-01T07:40:38Z</time></trkpt>
<trkpt lat="36.722052" lon="138.471380"><ele>1211.6</ele><time>2026-08-01T07:40:55Z</time></trkpt>
<trkpt lat="36.722265" lon="138.471341"><ele>1214.2</ele><time>2026-08-01T07:41:08Z</time></trkpt>
<trkpt lat="36.722408" lon="138.471182"><ele>1215.8</ele><time>2026-08-01T07:41:18Z</time></trkpt>
<trkpt lat="36.722562" lon="138.470240"><ele>1221.0</ele><time>2026-08-01T07:41:55Z</time></trkpt>
<trkpt lat="36.722812" lon="138.469900"><ele>1224.6</ele><time>2026-08-01T07:42:15Z</time></trkpt>
<trkpt lat="36.723930" lon="138.469360"><ele>1236.2</ele><time>2026-08-01T07:43:21Z</time></trkpt>
<trkpt lat="36.724237" lon="138.469382"><ele>1238.8</ele><time>2026-08-01T07:43:36Z</time></trkpt>
<trkpt lat="36.724454" lon="138.469613"><ele>1241.4</ele><time>2026-08-01T07:43:52Z</time></trkpt>
<trkpt lat="36.724563" lon="138.469899"><ele>1243.6</ele><time>2026-08-01T07:44:06Z</time></trkpt>
<trkpt lat="36.724561" lon="138.470190"><ele>1245.6</ele><time>2026-08-01T07:44:19Z</time></trkpt>
<trkpt lat="36.723903" lon="138.472351"><ele>1263.8</ele><time>2026-08-01T07:46:07Z</time></trkpt>
<trkpt lat="36.723740" lon="138.472631"><ele>1267.6</ele><time>2026-08-01T07:46:26Z</time></trkpt>
<trkpt lat="36.723504" lon="138.472843"><ele>1270.0</ele><time>2026-08-01T07:46:40Z</time></trkpt>
<trkpt lat="36.722896" lon="138.473121"><ele>1276.4</ele><time>2026-08-01T07:47:15Z</time></trkpt>
<trkpt lat="36.722720" lon="138.473431"><ele>1279.6</ele><time>2026-08-01T07:47:31Z</time></trkpt>
<trkpt lat="36.722679" lon="138.473641"><ele>1281.6</ele><time>2026-08-01T07:47:42Z</time></trkpt>
<trkpt lat="36.722831" lon="138.474029"><ele>1285.4</ele><time>2026-08-01T07:48:02Z</time></trkpt>
<trkpt lat="36.723114" lon="138.474211"><ele>1289.2</ele><time>2026-08-01T07:48:20Z</time></trkpt>
<trkpt lat="36.723315" lon="138.474190"><ele>1291.6</ele><time>2026-08-01T07:48:34Z</time></trkpt>
<trkpt lat="36.723741" lon="138.473931"><ele>1297.2</ele><time>2026-08-01T07:49:03Z</time></trkpt>
<trkpt lat="36.724087" lon="138.473818"><ele>1300.2</ele><time>2026-08-01T07:49:19Z</time></trkpt>
<trkpt lat="36.724444" lon="138.473935"><ele>1303.6</ele><time>2026-08-01T07:49:39Z</time></trkpt>
<trkpt lat="36.724566" lon="138.474130"><ele>1306.2</ele><time>2026-08-01T07:49:50Z</time></trkpt>
<trkpt lat="36.724665" lon="138.474687"><ele>1309.8</ele><time>2026-08-01T07:50:11Z</time></trkpt>
<trkpt lat="36.724759" lon="138.474772"><ele>1310.4</ele><time>2026-08-01T07:50:16Z</time></trkpt>
<trkpt lat="36.724928" lon="138.474696"><ele>1311.6</ele><time>2026-08-01T07:50:29Z</time></trkpt>
<trkpt lat="36.724796" lon="138.474783"><ele>1313.4</ele><time>2026-08-01T08:30:41Z</time></trkpt>
<trkpt lat="36.724558" lon="138.474764"><ele>1312.0</ele><time>2026-08-01T08:30:48Z</time></trkpt>
<trkpt lat="36.724249" lon="138.474991"><ele>1313.6</ele><time>2026-08-01T08:31:04Z</time></trkpt>
<trkpt lat="36.724250" lon="138.474918"><ele>1315.0</ele><time>2026-08-01T08:31:13Z</time></trkpt>
<trkpt lat="36.724503" lon="138.474730"><ele>1313.6</ele><time>2026-08-01T08:31:21Z</time></trkpt>
<trkpt lat="36.724902" lon="138.474684"><ele>1313.0</ele><time>2026-08-01T08:31:41Z</time></trkpt>
<trkpt lat="36.724629" lon="138.474697"><ele>1313.0</ele><time>2026-08-01T08:31:53Z</time></trkpt>
<trkpt lat="36.724535" lon="138.474210"><ele>1311.0</ele><time>2026-08-01T08:32:02Z</time></trkpt>
<trkpt lat="36.724403" lon="138.473989"><ele>1309.8</ele><time>2026-08-01T08:32:06Z</time></trkpt>
<trkpt lat="36.724076" lon="138.473920"><ele>1306.8</ele><time>2026-08-01T08:32:11Z</time></trkpt>
<trkpt lat="36.723357" lon="138.474263"><ele>1298.4</ele><time>2026-08-01T08:32:21Z</time></trkpt>
<trkpt lat="36.723064" lon="138.474295"><ele>1295.2</ele><time>2026-08-01T08:32:25Z</time></trkpt>
<trkpt lat="36.722758" lon="138.474068"><ele>1291.2</ele><time>2026-08-01T08:32:30Z</time></trkpt>
<trkpt lat="36.722634" lon="138.473611"><ele>1287.8</ele><time>2026-08-01T08:32:35Z</time></trkpt>
<trkpt lat="36.722733" lon="138.473264"><ele>1285.2</ele><time>2026-08-01T08:32:39Z</time></trkpt>
<trkpt lat="36.722890" lon="138.473068"><ele>1282.8</ele><time>2026-08-01T08:32:42Z</time></trkpt>
<trkpt lat="36.723571" lon="138.472772"><ele>1276.0</ele><time>2026-08-01T08:32:51Z</time></trkpt>
<trkpt lat="36.723812" lon="138.472422"><ele>1272.6</ele><time>2026-08-01T08:32:55Z</time></trkpt>
<trkpt lat="36.724464" lon="138.470303"><ele>1253.6</ele><time>2026-08-01T08:33:17Z</time></trkpt>
<trkpt lat="36.724501" lon="138.469920"><ele>1250.4</ele><time>2026-08-01T08:33:21Z</time></trkpt>
<trkpt lat="36.724400" lon="138.469629"><ele>1247.2</ele><time>2026-08-01T08:33:24Z</time></trkpt>
<trkpt lat="36.724187" lon="138.469445"><ele>1245.4</ele><time>2026-08-01T08:33:27Z</time></trkpt>
<trkpt lat="36.723846" lon="138.469428"><ele>1241.2</ele><time>2026-08-01T08:33:31Z</time></trkpt>
<trkpt lat="36.722877" lon="138.469947"><ele>1231.4</ele><time>2026-08-01T08:33:43Z</time></trkpt>
<trkpt lat="36.722646" lon="138.470257"><ele>1228.0</ele><time>2026-08-01T08:33:47Z</time></trkpt>
<trkpt lat="36.722489" lon="138.471180"><ele>1219.2</ele><time>2026-08-01T08:33:56Z</time></trkpt>
<trkpt lat="36.722213" lon="138.471487"><ele>1217.0</ele><time>2026-08-01T08:34:01Z</time></trkpt>
<trkpt lat="36.721984" lon="138.471512"><ele>1215.8</ele><time>2026-08-01T08:34:04Z</time></trkpt>
<trkpt lat="36.721823" lon="138.471431"><ele>1214.8</ele><time>2026-08-01T08:34:06Z</time></trkpt>
<trkpt lat="36.721651" lon="138.471205"><ele>1212.4</ele><time>2026-08-01T08:34:09Z</time></trkpt>
<trkpt lat="36.721597" lon="138.471003"><ele>1210.6</ele><time>2026-08-01T08:34:11Z</time></trkpt>
<trkpt lat="36.721669" lon="138.470573"><ele>1208.6</ele><time>2026-08-01T08:34:15Z</time></trkpt>
<trkpt lat="36.721936" lon="138.469886"><ele>1202.8</ele><time>2026-08-01T08:34:22Z</time></trkpt>
<trkpt lat="36.722469" lon="138.469544"><ele>1198.6</ele><time>2026-08-01T08:34:29Z</time></trkpt>
<trkpt lat="36.722993" lon="138.469033"><ele>1192.4</ele><time>2026-08-01T08:34:37Z</time></trkpt>
<trkpt lat="36.723470" lon="138.468053"><ele>1184.2</ele><time>2026-08-01T08:34:48Z</time></trkpt>
<trkpt lat="36.723764" lon="138.467674"><ele>1180.4</ele><time>2026-08-01T08:34:54Z</time></trkpt>
<trkpt lat="36.724073" lon="138.466695"><ele>1171.4</ele><time>2026-08-01T08:35:06Z</time></trkpt>
<trkpt lat="36.724090" lon="138.466162"><ele>1167.8</ele><time>2026-08-01T08:35:12Z</time></trkpt>
<trkpt lat="36.723979" lon="138.465934"><ele>1167.0</ele><time>2026-08-01T08:35:15Z</time></trkpt>
<trkpt lat="36.723779" lon="138.465791"><ele>1165.0</ele><time>2026-08-01T08:35:18Z</time></trkpt>
<trkpt lat="36.723551" lon="138.465798"><ele>1163.2</ele><time>2026-08-01T08:35:21Z</time></trkpt>
<trkpt lat="36.723363" lon="138.465955"><ele>1161.8</ele><time>2026-08-01T08:35:24Z</time></trkpt>
<trkpt lat="36.723262" lon="138.466313"><ele>1159.4</ele><time>2026-08-01T08:35:28Z</time></trkpt>
<trkpt lat="36.723378" lon="138.467088"><ele>1155.2</ele><time>2026-08-01T08:35:36Z</time></trkpt>
<trkpt lat="36.723315" lon="138.467494"><ele>1154.0</ele><time>2026-08-01T08:35:41Z</time></trkpt>
<trkpt lat="36.722691" lon="138.468349"><ele>1148.2</ele><time>2026-08-01T08:35:53Z</time></trkpt>
<trkpt lat="36.722120" lon="138.468745"><ele>1142.8</ele><time>2026-08-01T08:36:01Z</time></trkpt>
<trkpt lat="36.721764" lon="138.468811"><ele>1139.6</ele><time>2026-08-01T08:36:05Z</time></trkpt>
<trkpt lat="36.721280" lon="138.468609"><ele>1134.6</ele><time>2026-08-01T08:36:11Z</time></trkpt>
<trkpt lat="36.721052" lon="138.468324"><ele>1131.8</ele><time>2026-08-01T08:36:15Z</time></trkpt>
<trkpt lat="36.720738" lon="138.467725"><ele>1127.8</ele><time>2026-08-01T08:36:22Z</time></trkpt>
<trkpt lat="36.719621" lon="138.464581"><ele>1104.4</ele><time>2026-08-01T08:36:54Z</time></trkpt>
<trkpt lat="36.719027" lon="138.462216"><ele>1087.4</ele><time>2026-08-01T08:37:22Z</time></trkpt>
<trkpt lat="36.719166" lon="138.461880"><ele>1084.2</ele><time>2026-08-01T08:37:28Z</time></trkpt>
<trkpt lat="36.719592" lon="138.461540"><ele>1077.6</ele><time>2026-08-01T08:37:49Z</time></trkpt>
<trkpt lat="36.719795" lon="138.461231"><ele>1075.2</ele><time>2026-08-01T08:38:00Z</time></trkpt>
<trkpt lat="36.719730" lon="138.460915"><ele>1072.2</ele><time>2026-08-01T08:38:08Z</time></trkpt>
<trkpt lat="36.719178" lon="138.460044"><ele>1065.6</ele><time>2026-08-01T08:40:16Z</time></trkpt>
<trkpt lat="36.719111" lon="138.459795"><ele>1063.8</ele><time>2026-08-01T08:40:19Z</time></trkpt>
<trkpt lat="36.719131" lon="138.459504"><ele>1062.8</ele><time>2026-08-01T08:40:22Z</time></trkpt>
<trkpt lat="36.719336" lon="138.459135"><ele>1060.2</ele><time>2026-08-01T08:40:27Z</time></trkpt>
<trkpt lat="36.719938" lon="138.458666"><ele>1054.0</ele><time>2026-08-01T08:40:35Z</time></trkpt>
<trkpt lat="36.720292" lon="138.458227"><ele>1048.6</ele><time>2026-08-01T08:40:41Z</time></trkpt>
<trkpt lat="36.720398" lon="138.457931"><ele>1045.6</ele><time>2026-08-01T08:40:44Z</time></trkpt>
<trkpt lat="36.720374" lon="138.457539"><ele>1042.6</ele><time>2026-08-01T08:40:47Z</time></trkpt>
<trkpt lat="36.720032" lon="138.456406"><ele>1034.0</ele><time>2026-08-01T08:40:56Z</time></trkpt>
<trkpt lat="36.719610" lon="138.454590"><ele>1017.8</ele><time>2026-08-01T08:41:12Z</time></trkpt>
<trkpt lat="36.719278" lon="138.453754"><ele>1009.0</ele><time>2026-08-01T08:41:20Z</time></trkpt>
<trkpt lat="36.718984" lon="138.453578"><ele>1005.8</ele><time>2026-08-01T08:41:24Z</time></trkpt>
<trkpt lat="36.717367" lon="138.453575"><ele>989.8</ele><time>2026-08-01T08:41:40Z</time></trkpt>
<trkpt lat="36.717129" lon="138.453446"><ele>986.6</ele><time>2026-08-01T08:41:43Z</time></trkpt>
<trkpt lat="36.716973" lon="138.453176"><ele>983.8</ele><time>2026-08-01T08:41:46Z</time></trkpt>
<trkpt lat="36.716920" lon="138.452637"><ele>979.2</ele><time>2026-08-01T08:41:51Z</time></trkpt>
<trkpt lat="36.717153" lon="138.451825"><ele>972.8</ele><time>2026-08-01T08:41:58Z</time></trkpt>
<trkpt lat="36.717202" lon="138.450870"><ele>968.0</ele><time>2026-08-01T08:42:06Z</time></trkpt>
<trkpt lat="36.717322" lon="138.450394"><ele>965.2</ele><time>2026-08-01T08:42:12Z</time></trkpt>
<trkpt lat="36.717641" lon="138.450246"><ele>960.4</ele><time>2026-08-01T08:42:30Z</time></trkpt>
<trkpt lat="36.718449" lon="138.450725"><ele>954.6</ele><time>2026-08-01T08:45:51Z</time></trkpt>
<trkpt lat="36.719391" lon="138.450865"><ele>946.8</ele><time>2026-08-01T08:46:00Z</time></trkpt>
<trkpt lat="36.719660" lon="138.450993"><ele>944.6</ele><time>2026-08-01T08:46:03Z</time></trkpt>
<trkpt lat="36.719897" lon="138.451348"><ele>941.4</ele><time>2026-08-01T08:46:07Z</time></trkpt>
<trkpt lat="36.720306" lon="138.452444"><ele>935.2</ele><time>2026-08-01T08:46:17Z</time></trkpt>
<trkpt lat="36.721004" lon="138.453411"><ele>925.6</ele><time>2026-08-01T08:46:27Z</time></trkpt>
<trkpt lat="36.721591" lon="138.454753"><ele>916.0</ele><time>2026-08-01T08:46:39Z</time></trkpt>
<trkpt lat="36.722393" lon="138.455953"><ele>906.6</ele><time>2026-08-01T08:46:52Z</time></trkpt>
<trkpt lat="36.722897" lon="138.456389"><ele>901.0</ele><time>2026-08-01T08:47:10Z</time></trkpt>
<trkpt lat="36.722968" lon="138.456374"><ele>901.2</ele><time>2026-08-01T08:47:13Z</time></trkpt>
<trkpt lat="36.723240" lon="138.456066"><ele>898.8</ele><time>2026-08-01T08:47:27Z</time></trkpt>
<trkpt lat="36.723250" lon="138.455567"><ele>896.0</ele><time>2026-08-01T08:47:41Z</time></trkpt>
<trkpt lat="36.723133" lon="138.455371"><ele>894.0</ele><time>2026-08-01T08:47:53Z</time></trkpt>
<trkpt lat="36.722584" lon="138.454921"><ele>889.2</ele><time>2026-08-01T08:53:13Z</time></trkpt></trkseg></trk></gpx>