<?xml version="1.0" encoding="UTF-8"?><gpx xmlns="http://www.topografix.com/GPX/1/1" xmlns:xsi="http://www.w3.org/2001/XMLSchema-instance" xmlns:gpxtpx="http://www.garmin.com/xmlschemas/TrackPointExtension/v1" xmlns:gpxx="http://www.garmin.com/xmlschemas/GpxExtensions/v3" creator="StravaGPX" version="1.1" xsi:schemaLocation="http://www.topografix.com/GPX/1/1 http://www.topografix.com/GPX/1/1/gpx.xsd http://www.garmin.com/xmlschemas/GpxExtensions/v3 http://www.garmin.com/xmlschemas/GpxExtensionsv3.xsd http://www.garmin.com/xmlschemas/TrackPointExtension/v1 http://www.garmin.com/xmlschemas/TrackPointExtensionv1.xsd">
<metadata><time>2026-08-14T20:20:42Z</time></metadata>
<trk><name>利尻富士 ほぼSea to Summit</name><type>hiking</type><trkseg>
<trkpt lat="45.238799" lon="141.216818"><ele>46.2</ele><time>2026-08-14T20:20:42Z</time></trkpt>
<trkpt lat="45.238791" lon="141.216745"><ele>46.4</ele><time>2026-08-14T20:20:50Z</time></trkpt>
<trkpt lat="45.238846" lon="141.216619"><ele>45.8</ele><time>2026-08-14T20:21:03Z</time></trkpt>
<trkpt lat="45.239071" lon="141.216312"><ele>44.0</ele><time>2026-08-14T20:21:25Z</time></trkpt>
<trkpt lat="45.239143" lon="141.216152"><ele>44.2</ele><time>2026-08-14T20:21:35Z</time></trkpt>
<trkpt lat="45.239115" lon="141.216027"><ele>45.0</ele><time>2026-08-14T20:21:42Z</time></trkpt>
<trkpt lat="45.239025" lon="141.215833"><ele>46.2</ele><time>2026-08-14T20:21:54Z</time></trkpt>
<trkpt lat="45.238852" lon="141.215651"><ele>47.6</ele><time>2026-08-14T20:22:08Z</time></trkpt>
<trkpt lat="45.238041" lon="141.214245"><ele>57.4</ele><time>2026-08-14T20:23:43Z</time></trkpt>
<trkpt lat="45.237641" lon="141.213950"><ele>60.2</ele><time>2026-08-14T20:24:17Z</time></trkpt>
<trkpt lat="45.236990" lon="141.213912"><ele>64.0</ele><time>2026-08-14T20:25:03Z</time></trkpt>
<trkpt lat="45.236161" lon="141.214003"><ele>69.4</ele><time>2026-08-14T20:26:03Z</time></trkpt>
<trkpt lat="45.235596" lon="141.214011"><ele>73.2</ele><time>2026-08-14T20:26:46Z</time></trkpt>
<trkpt lat="45.235342" lon="141.214086"><ele>74.8</ele><time>2026-08-14T20:27:04Z</time></trkpt>
<trkpt lat="45.234855" lon="141.214113"><ele>78.8</ele><time>2026-08-14T20:27:43Z</time></trkpt>
<trkpt lat="45.234474" lon="141.213961"><ele>81.6</ele><time>2026-08-14T20:28:10Z</time></trkpt>
<trkpt lat="45.234167" lon="141.213705"><ele>84.2</ele><time>2026-08-14T20:28:35Z</time></trkpt>
<trkpt lat="45.234036" lon="141.213661"><ele>85.2</ele><time>2026-08-14T20:28:44Z</time></trkpt>
<trkpt lat="45.233492" lon="141.213063"><ele>90.4</ele><time>2026-08-14T20:29:37Z</time></trkpt>
<trkpt lat="45.232491" lon="141.212271"><ele>99.2</ele><time>2026-08-14T20:31:09Z</time></trkpt>
<trkpt lat="45.228912" lon="141.211999"><ele>130.0</ele><time>2026-08-14T20:35:48Z</time></trkpt>
<trkpt lat="45.228596" lon="141.211927"><ele>133.2</ele><time>2026-08-14T20:36:12Z</time></trkpt>
<trkpt lat="45.228234" lon="141.211749"><ele>137.2</ele><time>2026-08-14T20:36:44Z</time></trkpt>
<trkpt lat="45.227824" lon="141.211640"><ele>141.6</ele><time>2026-08-14T20:37:16Z</time></trkpt>
<trkpt lat="45.227639" lon="141.211526"><ele>144.0</ele><time>2026-08-14T20:37:34Z</time></trkpt>
<trkpt lat="45.227456" lon="141.211580"><ele>146.6</ele><time>2026-08-14T20:37:53Z</time></trkpt>
<trkpt lat="45.227253" lon="141.211831"><ele>149.0</ele><time>2026-08-14T20:38:12Z</time></trkpt>
<trkpt lat="45.226748" lon="141.212775"><ele>158.8</ele><time>2026-08-14T20:39:22Z</time></trkpt>
<trkpt lat="45.226589" lon="141.212878"><ele>161.0</ele><time>2026-08-14T20:39:38Z</time></trkpt>
<trkpt lat="45.226478" lon="141.212868"><ele>162.0</ele><time>2026-08-14T20:39:45Z</time></trkpt>
<trkpt lat="45.226323" lon="141.212744"><ele>163.4</ele><time>2026-08-14T20:39:56Z</time></trkpt>
<trkpt lat="45.226182" lon="141.212515"><ele>164.6</ele><time>2026-08-14T20:40:13Z</time></trkpt>
<trkpt lat="45.225559" lon="141.211758"><ele>169.2</ele><time>2026-08-14T20:41:17Z</time></trkpt>
<trkpt lat="45.225188" lon="141.211358"><ele>172.6</ele><time>2026-08-14T20:41:54Z</time></trkpt>
<trkpt lat="45.224944" lon="141.211198"><ele>174.8</ele><time>2026-08-14T20:42:16Z</time></trkpt>
<trkpt lat="45.224847" lon="141.211267"><ele>176.0</ele><time>2026-08-14T20:42:26Z</time></trkpt>
<trkpt lat="45.224745" lon="141.211698"><ele>178.8</ele><time>2026-08-14T20:42:52Z</time></trkpt>
<trkpt lat="45.224301" lon="141.213020"><ele>189.0</ele><time>2026-08-14T20:44:12Z</time></trkpt>
<trkpt lat="45.224225" lon="141.213132"><ele>190.4</ele><time>2026-08-14T20:44:22Z</time></trkpt>
<trkpt lat="45.223997" lon="141.213157"><ele>193.0</ele><time>2026-08-14T20:44:41Z</time></trkpt>
<trkpt lat="45.223598" lon="141.212928"><ele>196.4</ele><time>2026-08-14T20:45:15Z</time></trkpt>
<trkpt lat="45.223237" lon="141.212649"><ele>198.8</ele><time>2026-08-14T20:45:43Z</time></trkpt>
<trkpt lat="45.222893" lon="141.212483"><ele>202.6</ele><time>2026-08-14T20:46:14Z</time></trkpt>
<trkpt lat="45.222816" lon="141.212526"><ele>202.8</ele><time>2026-08-14T20:46:22Z</time></trkpt>
<trkpt lat="45.222681" lon="141.212786"><ele>205.8</ele><time>2026-08-14T20:46:40Z</time></trkpt>
<trkpt lat="45.222356" lon="141.213156"><ele>212.2</ele><time>2026-08-14T20:47:24Z</time></trkpt>
<trkpt lat="45.222265" lon="141.213372"><ele>214.4</ele><time>2026-08-14T20:47:40Z</time></trkpt>
<trkpt lat="45.221836" lon="141.213752"><ele>220.8</ele><time>2026-08-14T20:48:25Z</time></trkpt>
<trkpt lat="45.221763" lon="141.213966"><ele>223.0</ele><time>2026-08-14T20:48:42Z</time></trkpt>
<trkpt lat="45.221592" lon="141.214122"><ele>226.6</ele><time>2026-08-14T20:49:01Z</time></trkpt>
<trkpt lat="45.221279" lon="141.214583"><ele>232.0</ele><time>2026-08-14T20:49:38Z</time></trkpt>
<trkpt lat="45.220889" lon="141.214983"><ele>239.8</ele><time>2026-08-14T20:50:23Z</time></trkpt>
<trkpt lat="45.220737" lon="141.215250"><ele>241.8</ele><time>2026-08-14T20:50:42Z</time></trkpt>
<trkpt lat="45.220232" lon="141.215600"><ele>249.0</ele><time>2026-08-14T20:51:35Z</time></trkpt>
<trkpt lat="45.220043" lon="141.215951"><ele>252.2</ele><time>2026-08-14T20:52:00Z</time></trkpt>
<trkpt lat="45.219889" lon="141.216401"><ele>257.0</ele><time>2026-08-14T20:52:32Z</time></trkpt>
<trkpt lat="45.219864" lon="141.216678"><ele>259.6</ele><time>2026-08-14T20:52:50Z</time></trkpt>
<trkpt lat="45.219727" lon="141.217060"><ele>264.8</ele><time>2026-08-14T20:53:19Z</time></trkpt>
<trkpt lat="45.219704" lon="141.217238"><ele>263.4</ele><time>2026-08-14T20:53:29Z</time></trkpt>
<trkpt lat="45.219751" lon="141.217607"><ele>265.6</ele><time>2026-08-14T20:53:55Z</time></trkpt>
<trkpt lat="45.219839" lon="141.217643"><ele>265.4</ele><time>2026-08-14T20:54:41Z</time></trkpt>
<trkpt lat="45.219780" lon="141.217674"><ele>265.0</ele><time>2026-08-14T20:54:58Z</time></trkpt>
<trkpt lat="45.219819" lon="141.217674"><ele>264.8</ele><time>2026-08-14T20:55:18Z</time></trkpt>
<trkpt lat="45.219802" lon="141.217588"><ele>266.8</ele><time>2026-08-14T20:55:55Z</time></trkpt>
<trkpt lat="45.219800" lon="141.217694"><ele>267.4</ele><time>2026-08-14T20:56:38Z</time></trkpt>
<trkpt lat="45.219748" lon="141.217701"><ele>267.6</ele><time>2026-08-14T20:56:47Z</time></trkpt>
<trkpt lat="45.219727" lon="141.217637"><ele>267.6</ele><time>2026-08-14T20:56:57Z</time></trkpt>
<trkpt lat="45.219795" lon="141.217699"><ele>267.6</ele><time>2026-08-14T20:57:15Z</time></trkpt>
<trkpt lat="45.219795" lon="141.217614"><ele>267.6</ele><time>2026-08-14T20:57:32Z</time></trkpt>
<trkpt lat="45.219818" lon="141.217690"><ele>269.0</ele><time>2026-08-14T20:57:55Z</time></trkpt>
<trkpt lat="45.219840" lon="141.217650"><ele>269.8</ele><time>2026-08-14T20:58:04Z</time></trkpt>
<trkpt lat="45.219940" lon="141.217675"><ele>271.2</ele><time>2026-08-14T20:58:13Z</time></trkpt>
<trkpt lat="45.220154" lon="141.217847"><ele>274.6</ele><time>2026-08-14T20:58:45Z</time></trkpt>
<trkpt lat="45.220134" lon="141.217759"><ele>275.0</ele><time>2026-08-14T20:59:21Z</time></trkpt>
<trkpt lat="45.220137" lon="141.217845"><ele>275.6</ele><time>2026-08-14T20:59:30Z</time></trkpt>
<trkpt lat="45.220006" lon="141.218122"><ele>280.8</ele><time>2026-08-14T20:59:53Z</time></trkpt>
<trkpt lat="45.219923" lon="141.218173"><ele>282.6</ele><time>2026-08-14T21:00:03Z</time></trkpt>
<trkpt lat="45.219717" lon="141.218587"><ele>285.2</ele><time>2026-08-14T21:00:37Z</time></trkpt>
<trkpt lat="45.219511" lon="141.218810"><ele>283.0</ele><time>2026-08-14T21:01:03Z</time></trkpt>
<trkpt lat="45.219350" lon="141.218946"><ele>283.6</ele><time>2026-08-14T21:01:17Z</time></trkpt>
<trkpt lat="45.218987" lon="141.219076"><ele>288.4</ele><time>2026-08-14T21:01:52Z</time></trkpt>
<trkpt lat="45.218841" lon="141.219565"><ele>297.8</ele><time>2026-08-14T21:02:44Z</time></trkpt>
<trkpt lat="45.218484" lon="141.219992"><ele>303.0</ele><time>2026-08-14T21:03:31Z</time></trkpt>
<trkpt lat="45.218394" lon="141.220172"><ele>306.4</ele><time>2026-08-14T21:03:50Z</time></trkpt>
<trkpt lat="45.218318" lon="141.220214"><ele>308.4</ele><time>2026-08-14T21:04:00Z</time></trkpt>
<trkpt lat="45.218027" lon="141.220667"><ele>317.4</ele><time>2026-08-14T21:04:55Z</time></trkpt>
<trkpt lat="45.217812" lon="141.220897"><ele>325.0</ele><time>2026-08-14T21:05:33Z</time></trkpt>
<trkpt lat="45.217567" lon="141.221067"><ele>327.2</ele><time>2026-08-14T21:05:55Z</time></trkpt>
<trkpt lat="45.217539" lon="141.221161"><ele>328.8</ele><time>2026-08-14T21:06:03Z</time></trkpt>
<trkpt lat="45.217287" lon="141.221437"><ele>333.4</ele><time>2026-08-14T21:06:38Z</time></trkpt>
<trkpt lat="45.217142" lon="141.221503"><ele>332.8</ele><time>2026-08-14T21:06:51Z</time></trkpt>
<trkpt lat="45.216731" lon="141.221918"><ele>333.2</ele><time>2026-08-14T21:07:34Z</time></trkpt>
<trkpt lat="45.216464" lon="141.222339"><ele>335.8</ele><time>2026-08-14T21:08:12Z</time></trkpt>
<trkpt lat="45.216353" lon="141.222403"><ele>338.0</ele><time>2026-08-14T21:08:27Z</time></trkpt>
<trkpt lat="45.216272" lon="141.222546"><ele>340.2</ele><time>2026-08-14T21:08:38Z</time></trkpt>
<trkpt lat="45.216230" lon="141.222777"><ele>344.2</ele><time>2026-08-14T21:09:04Z</time></trkpt>
<trkpt lat="45.215993" lon="141.223280"><ele>347.6</ele><time>2026-08-14T21:09:43Z</time></trkpt>
<trkpt lat="45.215916" lon="141.223301"><ele>348.0</ele><time>2026-08-14T21:10:00Z</time></trkpt>
<trkpt lat="45.215925" lon="141.223388"><ele>350.4</ele><time>2026-08-14T21:10:49Z</time></trkpt>
<trkpt lat="45.215892" lon="141.223451"><ele>353.6</ele><time>2026-08-14T21:11:00Z</time></trkpt>
<trkpt lat="45.215753" lon="141.223513"><ele>356.8</ele><time>2026-08-14T21:11:17Z</time></trkpt>
<trkpt lat="45.215734" lon="141.223642"><ele>360.4</ele><time>2026-08-14T21:11:31Z</time></trkpt>
<trkpt lat="45.215553" lon="141.224103"><ele>362.4</ele><time>2026-08-14T21:12:08Z</time></trkpt>
<trkpt lat="45.215532" lon="141.224206"><ele>363.0</ele><time>2026-08-14T21:12:15Z</time></trkpt>
<trkpt lat="45.215563" lon="141.224402"><ele>365.6</ele><time>2026-08-14T21:12:33Z</time></trkpt>
<trkpt lat="45.215416" lon="141.224992"><ele>372.0</ele><time>2026-08-14T21:13:24Z</time></trkpt>
<trkpt lat="45.215314" lon="141.225697"><ele>380.8</ele><time>2026-08-14T21:14:26Z</time></trkpt>
<trkpt lat="45.215087" lon="141.225896"><ele>386.2</ele><time>2026-08-14T21:14:58Z</time></trkpt>
<trkpt lat="45.215001" lon="141.226039"><ele>389.6</ele><time>2026-08-14T21:15:18Z</time></trkpt>
<trkpt lat="45.214249" lon="141.226049"><ele>398.2</ele><time>2026-08-14T21:16:40Z</time></trkpt>
<trkpt lat="45.214104" lon="141.226190"><ele>402.4</ele><time>2026-08-14T21:17:03Z</time></trkpt>
<trkpt lat="45.213903" lon="141.226284"><ele>407.8</ele><time>2026-08-14T21:17:35Z</time></trkpt>
<trkpt lat="45.213782" lon="141.226471"><ele>412.2</ele><time>2026-08-14T21:18:00Z</time></trkpt>
<trkpt lat="45.213375" lon="141.226860"><ele>416.6</ele><time>2026-08-14T21:18:54Z</time></trkpt>
<trkpt lat="45.213164" lon="141.227153"><ele>420.6</ele><time>2026-08-14T21:19:25Z</time></trkpt>
<trkpt lat="45.212857" lon="141.227274"><ele>425.0</ele><time>2026-08-14T21:20:04Z</time></trkpt>
<trkpt lat="45.212763" lon="141.227395"><ele>427.2</ele><time>2026-08-14T21:20:20Z</time></trkpt>
<trkpt lat="45.212405" lon="141.227534"><ele>433.0</ele><time>2026-08-14T21:21:01Z</time></trkpt>
<trkpt lat="45.212187" lon="141.227750"><ele>437.8</ele><time>2026-08-14T21:21:35Z</time></trkpt>
<trkpt lat="45.211836" lon="141.228290"><ele>451.2</ele><time>2026-08-14T21:22:47Z</time></trkpt>
<trkpt lat="45.211578" lon="141.228489"><ele>456.2</ele><time>2026-08-14T21:23:23Z</time></trkpt>
<trkpt lat="45.211466" lon="141.228646"><ele>460.0</ele><time>2026-08-14T21:23:41Z</time></trkpt>
<trkpt lat="45.211351" lon="141.228959"><ele>464.2</ele><time>2026-08-14T21:24:05Z</time></trkpt>
<trkpt lat="45.211207" lon="141.229100"><ele>467.8</ele><time>2026-08-14T21:24:22Z</time></trkpt>
<trkpt lat="45.211022" lon="141.229200"><ele>472.4</ele><time>2026-08-14T21:24:44Z</time></trkpt>
<trkpt lat="45.210832" lon="141.229473"><ele>478.8</ele><time>2026-08-14T21:25:16Z</time></trkpt>
<trkpt lat="45.210472" lon="141.229835"><ele>489.8</ele><time>2026-08-14T21:26:13Z</time></trkpt>
<trkpt lat="45.210344" lon="141.229895"><ele>494.2</ele><time>2026-08-14T21:26:39Z</time></trkpt>
<trkpt lat="45.210184" lon="141.230154"><ele>499.8</ele><time>2026-08-14T21:27:09Z</time></trkpt>
<trkpt lat="45.209808" lon="141.230379"><ele>511.8</ele><time>2026-08-14T21:28:14Z</time></trkpt>
<trkpt lat="45.209614" lon="141.230600"><ele>517.4</ele><time>2026-08-14T21:28:46Z</time></trkpt>
<trkpt lat="45.209530" lon="141.230595"><ele>519.6</ele><time>2026-08-14T21:28:59Z</time></trkpt>
<trkpt lat="45.209384" lon="141.230743"><ele>524.4</ele><time>2026-08-14T21:29:29Z</time></trkpt>
<trkpt lat="45.209130" lon="141.230775"><ele>529.0</ele><time>2026-08-14T21:30:04Z</time></trkpt>
<trkpt lat="45.208518" lon="141.231099"><ele>539.8</ele><time>2026-08-14T21:31:27Z</time></trkpt>
<trkpt lat="45.207871" lon="141.231285"><ele>555.0</ele><time>2026-08-14T21:33:03Z</time></trkpt>
<trkpt lat="45.207453" lon="141.231583"><ele>567.0</ele><time>2026-08-14T21:34:20Z</time></trkpt>
<trkpt lat="45.207195" lon="141.231656"><ele>575.8</ele><time>2026-08-14T21:35:06Z</time></trkpt>
<trkpt lat="45.207126" lon="141.231781"><ele>580.2</ele><time>2026-08-14T21:35:30Z</time></trkpt>
<trkpt lat="45.206690" lon="141.232227"><ele>593.2</ele><time>2026-08-14T21:36:59Z</time></trkpt>
<trkpt lat="45.206627" lon="141.232374"><ele>596.8</ele><time>2026-08-14T21:37:19Z</time></trkpt>
<trkpt lat="45.206503" lon="141.232421"><ele>600.6</ele><time>2026-08-14T21:37:41Z</time></trkpt>
<trkpt lat="45.206445" lon="141.232530"><ele>603.8</ele><time>2026-08-14T21:37:59Z</time></trkpt>
<trkpt lat="45.206368" lon="141.232516"><ele>606.0</ele><time>2026-08-14T21:38:11Z</time></trkpt>
<trkpt lat="45.206123" lon="141.232660"><ele>614.0</ele><time>2026-08-14T21:38:59Z</time></trkpt>
<trkpt lat="45.206074" lon="141.232663"><ele>615.4</ele><time>2026-08-14T21:39:17Z</time></trkpt>
<trkpt lat="45.206064" lon="141.232616"><ele>615.4</ele><time>2026-08-14T21:39:36Z</time></trkpt>
<trkpt lat="45.206097" lon="141.232673"><ele>615.6</ele><time>2026-08-14T21:39:58Z</time></trkpt>
<trkpt lat="45.206066" lon="141.232662"><ele>615.6</ele><time>2026-08-14T21:40:15Z</time></trkpt>
<trkpt lat="45.206047" lon="141.232725"><ele>618.0</ele><time>2026-08-14T21:40:55Z</time></trkpt>
<trkpt lat="45.205391" lon="141.233013"><ele>643.6</ele><time>2026-08-14T21:43:08Z</time></trkpt>
<trkpt lat="45.205248" lon="141.233010"><ele>648.0</ele><time>2026-08-14T21:43:32Z</time></trkpt>
<trkpt lat="45.205114" lon="141.233098"><ele>652.2</ele><time>2026-08-14T21:43:53Z</time></trkpt>
<trkpt lat="45.204922" lon="141.233094"><ele>661.2</ele><time>2026-08-14T21:44:52Z</time></trkpt>
<trkpt lat="45.204827" lon="141.233243"><ele>665.0</ele><time>2026-08-14T21:45:15Z</time></trkpt>
<trkpt lat="45.204745" lon="141.233277"><ele>668.6</ele><time>2026-08-14T21:45:33Z</time></trkpt>
<trkpt lat="45.204691" lon="141.233456"><ele>673.2</ele><time>2026-08-14T21:46:00Z</time></trkpt>
<trkpt lat="45.204568" lon="141.233540"><ele>676.6</ele><time>2026-08-14T21:46:23Z</time></trkpt>
<trkpt lat="45.204466" lon="141.233707"><ele>681.2</ele><time>2026-08-14T21:46:52Z</time></trkpt>
<trkpt lat="45.204393" lon="141.233746"><ele>683.2</ele><time>2026-08-14T21:47:03Z</time></trkpt>
<trkpt lat="45.204377" lon="141.233835"><ele>685.2</ele><time>2026-08-14T21:47:16Z</time></trkpt>
<trkpt lat="45.204306" lon="141.233886"><ele>687.4</ele><time>2026-08-14T21:47:32Z</time></trkpt>
<trkpt lat="45.204061" lon="141.233890"><ele>694.2</ele><time>2026-08-14T21:48:17Z</time></trkpt>
<trkpt lat="45.204025" lon="141.233968"><ele>696.4</ele><time>2026-08-14T21:48:33Z</time></trkpt>
<trkpt lat="45.203981" lon="141.233948"><ele>697.8</ele><time>2026-08-14T21:48:41Z</time></trkpt>
<trkpt lat="45.203876" lon="141.234060"><ele>701.0</ele><time>2026-08-14T21:48:58Z</time></trkpt>
<trkpt lat="45.203637" lon="141.234200"><ele>710.2</ele><time>2026-08-14T21:50:02Z</time></trkpt>
<trkpt lat="45.203520" lon="141.234210"><ele>712.0</ele><time>2026-08-14T21:50:19Z</time></trkpt>
<trkpt lat="45.203403" lon="141.234304"><ele>714.8</ele><time>2026-08-14T21:50:36Z</time></trkpt>
<trkpt lat="45.202994" lon="141.234108"><ele>727.4</ele><time>2026-08-14T21:51:55Z</time></trkpt>
<trkpt lat="45.202690" lon="141.234401"><ele>739.4</ele><time>2026-08-14T21:53:16Z</time></trkpt>
<trkpt lat="45.202539" lon="141.234440"><ele>743.4</ele><time>2026-08-14T21:53:41Z</time></trkpt>
<trkpt lat="45.202447" lon="141.234638"><ele>748.8</ele><time>2026-08-14T21:54:11Z</time></trkpt>
<trkpt lat="45.202333" lon="141.234758"><ele>754.0</ele><time>2026-08-14T21:54:37Z</time></trkpt>
<trkpt lat="45.202595" lon="141.234846"><ele>758.2</ele><time>2026-08-14T21:55:09Z</time></trkpt>
<trkpt lat="45.202596" lon="141.234814"><ele>758.2</ele><time>2026-08-14T21:55:16Z</time></trkpt>
<trkpt lat="45.202678" lon="141.234934"><ele>758.2</ele><time>2026-08-14T21:56:26Z</time></trkpt>
<trkpt lat="45.202642" lon="141.234868"><ele>757.8</ele><time>2026-08-14T21:57:02Z</time></trkpt>
<trkpt lat="45.202635" lon="141.234933"><ele>758.0</ele><time>2026-08-14T21:59:12Z</time></trkpt>
<trkpt lat="45.202639" lon="141.234869"><ele>758.2</ele><time>2026-08-14T22:00:09Z</time></trkpt>
<trkpt lat="45.202635" lon="141.234949"><ele>758.6</ele><time>2026-08-14T22:01:23Z</time></trkpt>
<trkpt lat="45.202656" lon="141.234902"><ele>758.2</ele><time>2026-08-14T22:01:51Z</time></trkpt>
<trkpt lat="45.202629" lon="141.234839"><ele>759.0</ele><time>2026-08-14T22:02:17Z</time></trkpt>
<trkpt lat="45.202544" lon="141.234868"><ele>760.8</ele><time>2026-08-14T22:02:28Z</time></trkpt>
<trkpt lat="45.202539" lon="141.234976"><ele>763.0</ele><time>2026-08-14T22:02:47Z</time></trkpt>
<trkpt lat="45.202426" lon="141.235159"><ele>768.6</ele><time>2026-08-14T22:03:28Z</time></trkpt>
<trkpt lat="45.202416" lon="141.235359"><ele>773.8</ele><time>2026-08-14T22:04:36Z</time></trkpt>
<trkpt lat="45.202269" lon="141.235467"><ele>779.4</ele><time>2026-08-14T22:05:16Z</time></trkpt>
<trkpt lat="45.202012" lon="141.235803"><ele>792.8</ele><time>2026-08-14T22:06:42Z</time></trkpt>
<trkpt lat="45.201973" lon="141.235783"><ele>794.6</ele><time>2026-08-14T22:06:58Z</time></trkpt>
<trkpt lat="45.201913" lon="141.235898"><ele>797.8</ele><time>2026-08-14T22:07:16Z</time></trkpt>
<trkpt lat="45.201872" lon="141.235905"><ele>800.0</ele><time>2026-08-14T22:07:26Z</time></trkpt>
<trkpt lat="45.201847" lon="141.236016"><ele>803.2</ele><time>2026-08-14T22:07:43Z</time></trkpt>
<trkpt lat="45.201705" lon="141.236024"><ele>807.6</ele><time>2026-08-14T22:08:13Z</time></trkpt>
<trkpt lat="45.201369" lon="141.236153"><ele>818.6</ele><time>2026-08-14T22:09:15Z</time></trkpt>
<trkpt lat="45.201464" lon="141.236362"><ele>824.2</ele><time>2026-08-14T22:09:46Z</time></trkpt>
<trkpt lat="45.201485" lon="141.236936"><ele>835.8</ele><time>2026-08-14T22:10:53Z</time></trkpt>
<trkpt lat="45.201426" lon="141.236859"><ele>838.0</ele><time>2026-08-14T22:11:04Z</time></trkpt>
<trkpt lat="45.201130" lon="141.236687"><ele>847.8</ele><time>2026-08-14T22:12:04Z</time></trkpt>
<trkpt lat="45.200890" lon="141.236698"><ele>854.8</ele><time>2026-08-14T22:12:47Z</time></trkpt>
<trkpt lat="45.200953" lon="141.237033"><ele>862.4</ele><time>2026-08-14T22:13:32Z</time></trkpt>
<trkpt lat="45.200941" lon="141.237237"><ele>867.0</ele><time>2026-08-14T22:13:58Z</time></trkpt>
<trkpt lat="45.200980" lon="141.237312"><ele>868.8</ele><time>2026-08-14T22:14:07Z</time></trkpt>
<trkpt lat="45.200946" lon="141.237524"><ele>873.2</ele><time>2026-08-14T22:14:34Z</time></trkpt>
<trkpt lat="45.200883" lon="141.237443"><ele>876.4</ele><time>2026-08-14T22:14:52Z</time></trkpt>
<trkpt lat="45.200538" lon="141.237372"><ele>886.2</ele><time>2026-08-14T22:16:10Z</time></trkpt>
<trkpt lat="45.200542" lon="141.237611"><ele>891.8</ele><time>2026-08-14T22:16:43Z</time></trkpt>
<trkpt lat="45.200489" lon="141.237716"><ele>896.0</ele><time>2026-08-14T22:17:08Z</time></trkpt>
<trkpt lat="45.200196" lon="141.237515"><ele>903.8</ele><time>2026-08-14T22:17:59Z</time></trkpt>
<trkpt lat="45.200075" lon="141.237531"><ele>909.0</ele><time>2026-08-14T22:18:27Z</time></trkpt>
<trkpt lat="45.199928" lon="141.237454"><ele>913.4</ele><time>2026-08-14T22:18:51Z</time></trkpt>
<trkpt lat="45.199853" lon="141.237766"><ele>922.2</ele><time>2026-08-14T22:19:37Z</time></trkpt>
<trkpt lat="45.199870" lon="141.237877"><ele>925.0</ele><time>2026-08-14T22:19:53Z</time></trkpt>
<trkpt lat="45.199795" lon="141.237893"><ele>928.4</ele><time>2026-08-14T22:20:11Z</time></trkpt>
<trkpt lat="45.199778" lon="141.237845"><ele>930.0</ele><time>2026-08-14T22:20:19Z</time></trkpt>
<trkpt lat="45.199731" lon="141.237848"><ele>931.2</ele><time>2026-08-14T22:20:26Z</time></trkpt>
<trkpt lat="45.199671" lon="141.238077"><ele>937.8</ele><time>2026-08-14T22:21:02Z</time></trkpt>
<trkpt lat="45.199474" lon="141.238071"><ele>946.2</ele><time>2026-08-14T22:21:49Z</time></trkpt>
<trkpt lat="45.199340" lon="141.237997"><ele>950.4</ele><time>2026-08-14T22:22:24Z</time></trkpt>
<trkpt lat="45.199338" lon="141.238149"><ele>954.0</ele><time>2026-08-14T22:22:50Z</time></trkpt>
<trkpt lat="45.199305" lon="141.238193"><ele>955.2</ele><time>2026-08-14T22:23:03Z</time></trkpt>
<trkpt lat="45.199064" lon="141.237962"><ele>963.6</ele><time>2026-08-14T22:24:16Z</time></trkpt>
<trkpt lat="45.199047" lon="141.238065"><ele>966.0</ele><time>2026-08-14T22:24:31Z</time></trkpt>
<trkpt lat="45.199097" lon="141.238208"><ele>969.2</ele><time>2026-08-14T22:25:02Z</time></trkpt>
<trkpt lat="45.199063" lon="141.238230"><ele>970.4</ele><time>2026-08-14T22:25:14Z</time></trkpt>
<trkpt lat="45.198975" lon="141.238139"><ele>973.6</ele><time>2026-08-14T22:25:40Z</time></trkpt>
<trkpt lat="45.198766" lon="141.238094"><ele>979.2</ele><time>2026-08-14T22:26:32Z</time></trkpt>
<trkpt lat="45.198852" lon="141.238272"><ele>985.2</ele><time>2026-08-14T22:27:07Z</time></trkpt>
<trkpt lat="45.198821" lon="141.238296"><ele>986.2</ele><time>2026-08-14T22:27:18Z</time></trkpt>
<trkpt lat="45.198675" lon="141.238212"><ele>991.8</ele><time>2026-08-14T22:27:56Z</time></trkpt>
<trkpt lat="45.198630" lon="141.238261"><ele>994.6</ele><time>2026-08-14T22:28:12Z</time></trkpt>
<trkpt lat="45.198483" lon="141.238247"><ele>999.0</ele><time>2026-08-14T22:28:34Z</time></trkpt>
<trkpt lat="45.198468" lon="141.238207"><ele>1001.4</ele><time>2026-08-14T22:28:43Z</time></trkpt>
<trkpt lat="45.198270" lon="141.238206"><ele>1007.6</ele><time>2026-08-14T22:29:15Z</time></trkpt>
<trkpt lat="45.198139" lon="141.238105"><ele>1013.2</ele><time>2026-08-14T22:29:41Z</time></trkpt>
<trkpt lat="45.198088" lon="141.238122"><ele>1015.2</ele><time>2026-08-14T22:29:51Z</time></trkpt>
<trkpt lat="45.198024" lon="141.238049"><ele>1019.0</ele><time>2026-08-14T22:30:10Z</time></trkpt>
<trkpt lat="45.198011" lon="141.237921"><ele>1021.6</ele><time>2026-08-14T22:30:25Z</time></trkpt>
<trkpt lat="45.197902" lon="141.237855"><ele>1026.2</ele><time>2026-08-14T22:30:51Z</time></trkpt>
<trkpt lat="45.197846" lon="141.237890"><ele>1030.4</ele><time>2026-08-14T22:31:09Z</time></trkpt>
<trkpt lat="45.197749" lon="141.237753"><ele>1033.4</ele><time>2026-08-14T22:31:28Z</time></trkpt>
<trkpt lat="45.197613" lon="141.237657"><ele>1038.0</ele><time>2026-08-14T22:31:56Z</time></trkpt>
<trkpt lat="45.197532" lon="141.237635"><ele>1042.4</ele><time>2026-08-14T22:32:19Z</time></trkpt>
<trkpt lat="45.197512" lon="141.237773"><ele>1047.6</ele><time>2026-08-14T22:32:49Z</time></trkpt>
<trkpt lat="45.197399" lon="141.237688"><ele>1051.0</ele><time>2026-08-14T22:33:16Z</time></trkpt>
<trkpt lat="45.197255" lon="141.237716"><ele>1058.8</ele><time>2026-08-14T22:34:02Z</time></trkpt>
<trkpt lat="45.196837" lon="141.237585"><ele>1080.4</ele><time>2026-08-14T22:36:04Z</time></trkpt>
<trkpt lat="45.196724" lon="141.237596"><ele>1084.8</ele><time>2026-08-14T22:36:29Z</time></trkpt>
<trkpt lat="45.196596" lon="141.237513"><ele>1092.4</ele><time>2026-08-14T22:37:09Z</time></trkpt>
<trkpt lat="45.196529" lon="141.237559"><ele>1095.6</ele><time>2026-08-14T22:37:30Z</time></trkpt>
<trkpt lat="45.196482" lon="141.237489"><ele>1099.4</ele><time>2026-08-14T22:37:57Z</time></trkpt>
<trkpt lat="45.196317" lon="141.237549"><ele>1107.8</ele><time>2026-08-14T22:38:45Z</time></trkpt>
<trkpt lat="45.196261" lon="141.237475"><ele>1109.0</ele><time>2026-08-14T22:41:14Z</time></trkpt>
<trkpt lat="45.196250" lon="141.237521"><ele>1110.0</ele><time>2026-08-14T22:42:37Z</time></trkpt>
<trkpt lat="45.196150" lon="141.237514"><ele>1113.2</ele><time>2026-08-14T22:42:57Z</time></trkpt>
<trkpt lat="45.195767" lon="141.237723"><ele>1119.8</ele><time>2026-08-14T22:44:02Z</time></trkpt>
<trkpt lat="45.195550" lon="141.237741"><ele>1124.2</ele><time>2026-08-14T22:44:32Z</time></trkpt>
<trkpt lat="45.195483" lon="141.237793"><ele>1126.4</ele><time>2026-08-14T22:44:43Z</time></trkpt>
<trkpt lat="45.195391" lon="141.237753"><ele>1130.2</ele><time>2026-08-14T22:45:01Z</time></trkpt>
<trkpt lat="45.195239" lon="141.237824"><ele>1135.2</ele><time>2026-08-14T22:45:28Z</time></trkpt>
<trkpt lat="45.194841" lon="141.237840"><ele>1155.0</ele><time>2026-08-14T22:47:05Z</time></trkpt>
<trkpt lat="45.194673" lon="141.237983"><ele>1161.0</ele><time>2026-08-14T22:47:53Z</time></trkpt>
<trkpt lat="45.194467" lon="141.238006"><ele>1171.2</ele><time>2026-08-14T22:48:40Z</time></trkpt>
<trkpt lat="45.194458" lon="141.238062"><ele>1173.2</ele><time>2026-08-14T22:48:51Z</time></trkpt>
<trkpt lat="45.194342" lon="141.238105"><ele>1180.0</ele><time>2026-08-14T22:49:33Z</time></trkpt>
<trkpt lat="45.194292" lon="141.238201"><ele>1184.4</ele><time>2026-08-14T22:50:02Z</time></trkpt>
<trkpt lat="45.194259" lon="141.238162"><ele>1187.0</ele><time>2026-08-14T22:50:12Z</time></trkpt>
<trkpt lat="45.194200" lon="141.238199"><ele>1191.4</ele><time>2026-08-14T22:50:33Z</time></trkpt>
<trkpt lat="45.193894" lon="141.238187"><ele>1199.0</ele><time>2026-08-14T22:51:23Z</time></trkpt>
<trkpt lat="45.193810" lon="141.238083"><ele>1203.4</ele><time>2026-08-14T22:51:48Z</time></trkpt>
<trkpt lat="45.193582" lon="141.238041"><ele>1212.4</ele><time>2026-08-14T22:52:53Z</time></trkpt>
<trkpt lat="45.193375" lon="141.237876"><ele>1216.4</ele><time>2026-08-14T22:53:54Z</time></trkpt>
<trkpt lat="45.192927" lon="141.237350"><ele>1225.2</ele><time>2026-08-14T22:55:19Z</time></trkpt>
<trkpt lat="45.192676" lon="141.237134"><ele>1231.2</ele><time>2026-08-14T22:55:59Z</time></trkpt>
<trkpt lat="45.192581" lon="141.237133"><ele>1231.2</ele><time>2026-08-14T22:56:10Z</time></trkpt>
<trkpt lat="45.192385" lon="141.236967"><ele>1235.4</ele><time>2026-08-14T22:56:41Z</time></trkpt>
<trkpt lat="45.192210" lon="141.236775"><ele>1240.4</ele><time>2026-08-14T22:57:15Z</time></trkpt>
<trkpt lat="45.192087" lon="141.236484"><ele>1246.8</ele><time>2026-08-14T22:57:52Z</time></trkpt>
<trkpt lat="45.191971" lon="141.236346"><ele>1251.4</ele><time>2026-08-14T22:58:16Z</time></trkpt>
<trkpt lat="45.191744" lon="141.236412"><ele>1245.6</ele><time>2026-08-14T22:58:53Z</time></trkpt>
<trkpt lat="45.191582" lon="141.236352"><ele>1241.8</ele><time>2026-08-14T22:59:19Z</time></trkpt>
<trkpt lat="45.190928" lon="141.236318"><ele>1229.6</ele><time>2026-08-14T23:00:55Z</time></trkpt>
<trkpt lat="45.190704" lon="141.236206"><ele>1228.4</ele><time>2026-08-14T23:01:31Z</time></trkpt>
<trkpt lat="45.190386" lon="141.236206"><ele>1225.6</ele><time>2026-08-14T23:02:00Z</time></trkpt>
<trkpt lat="45.190259" lon="141.236092"><ele>1225.8</ele><time>2026-08-14T23:02:17Z</time></trkpt>
<trkpt lat="45.190138" lon="141.236068"><ele>1225.4</ele><time>2026-08-14T23:02:28Z</time></trkpt>
<trkpt lat="45.190000" lon="141.236144"><ele>1226.0</ele><time>2026-08-14T23:02:44Z</time></trkpt>
<trkpt lat="45.189889" lon="141.236136"><ele>1226.8</ele><time>2026-08-14T23:02:52Z</time></trkpt>
<trkpt lat="45.189907" lon="141.236097"><ele>1227.2</ele><time>2026-08-14T23:03:00Z</time></trkpt>
<trkpt lat="45.189594" lon="141.236164"><ele>1232.2</ele><time>2026-08-14T23:03:42Z</time></trkpt>
<trkpt lat="45.189415" lon="141.236374"><ele>1231.2</ele><time>2026-08-14T23:04:04Z</time></trkpt>
<trkpt lat="45.189223" lon="141.236497"><ele>1234.0</ele><time>2026-08-14T23:04:22Z</time></trkpt>
<trkpt lat="45.189179" lon="141.236650"><ele>1233.8</ele><time>2026-08-14T23:04:38Z</time></trkpt>
<trkpt lat="45.189067" lon="141.236630"><ele>1236.4</ele><time>2026-08-14T23:04:52Z</time></trkpt>
<trkpt lat="45.188974" lon="141.236675"><ele>1238.6</ele><time>2026-08-14T23:05:02Z</time></trkpt>
<trkpt lat="45.188966" lon="141.236622"><ele>1240.8</ele><time>2026-08-14T23:05:11Z</time></trkpt>
<trkpt lat="45.188691" lon="141.236559"><ele>1248.2</ele><time>2026-08-14T23:06:05Z</time></trkpt>
<trkpt lat="45.188705" lon="141.236504"><ele>1249.2</ele><time>2026-08-14T23:06:14Z</time></trkpt>
<trkpt lat="45.188646" lon="141.236367"><ele>1254.2</ele><time>2026-08-14T23:06:37Z</time></trkpt>
<trkpt lat="45.188517" lon="141.236176"><ele>1259.8</ele><time>2026-08-14T23:07:03Z</time></trkpt>
<trkpt lat="45.188586" lon="141.235859"><ele>1266.4</ele><time>2026-08-14T23:07:39Z</time></trkpt>
<trkpt lat="45.188122" lon="141.235755"><ele>1274.0</ele><time>2026-08-14T23:08:34Z</time></trkpt>
<trkpt lat="45.187918" lon="141.235758"><ele>1278.4</ele><time>2026-08-14T23:09:06Z</time></trkpt>
<trkpt lat="45.187559" lon="141.235936"><ele>1289.8</ele><time>2026-08-14T23:10:13Z</time></trkpt>
<trkpt lat="45.187298" lon="141.235886"><ele>1300.8</ele><time>2026-08-14T23:11:01Z</time></trkpt>
<trkpt lat="45.187198" lon="141.236000"><ele>1303.8</ele><time>2026-08-14T23:11:19Z</time></trkpt>
<trkpt lat="45.187109" lon="141.235979"><ele>1306.6</ele><time>2026-08-14T23:11:35Z</time></trkpt>
<trkpt lat="45.186953" lon="141.236065"><ele>1311.0</ele><time>2026-08-14T23:12:02Z</time></trkpt>
<trkpt lat="45.186790" lon="141.236606"><ele>1320.8</ele><time>2026-08-14T23:13:04Z</time></trkpt>
<trkpt lat="45.186773" lon="141.236797"><ele>1325.6</ele><time>2026-08-14T23:13:24Z</time></trkpt>
<trkpt lat="45.186695" lon="141.236827"><ele>1328.6</ele><time>2026-08-14T23:13:40Z</time></trkpt>
<trkpt lat="45.186635" lon="141.236997"><ele>1332.4</ele><time>2026-08-14T23:13:59Z</time></trkpt>
<trkpt lat="45.186537" lon="141.237076"><ele>1335.8</ele><time>2026-08-14T23:14:19Z</time></trkpt>
<trkpt lat="45.186568" lon="141.237115"><ele>1338.0</ele><time>2026-08-14T23:14:29Z</time></trkpt>
<trkpt lat="45.186518" lon="141.237228"><ele>1340.8</ele><time>2026-08-14T23:14:43Z</time></trkpt>
<trkpt lat="45.186411" lon="141.237255"><ele>1346.0</ele><time>2026-08-14T23:15:10Z</time></trkpt>
<trkpt lat="45.186301" lon="141.237402"><ele>1352.4</ele><time>2026-08-14T23:15:38Z</time></trkpt>
<trkpt lat="45.186193" lon="141.237438"><ele>1356.8</ele><time>2026-08-14T23:16:01Z</time></trkpt>
<trkpt lat="45.186176" lon="141.237521"><ele>1359.6</ele><time>2026-08-14T23:16:16Z</time></trkpt>
<trkpt lat="45.186041" lon="141.237518"><ele>1364.6</ele><time>2026-08-14T23:16:39Z</time></trkpt>
<trkpt lat="45.186032" lon="141.237598"><ele>1366.8</ele><time>2026-08-14T23:16:48Z</time></trkpt>
<trkpt lat="45.185942" lon="141.237612"><ele>1371.2</ele><time>2026-08-14T23:17:08Z</time></trkpt>
<trkpt lat="45.185841" lon="141.237753"><ele>1380.0</ele><time>2026-08-14T23:17:48Z</time></trkpt>
<trkpt lat="45.185586" lon="141.237710"><ele>1390.8</ele><time>2026-08-14T23:18:48Z</time></trkpt>
<trkpt lat="45.185509" lon="141.238165"><ele>1400.4</ele><time>2026-08-14T23:19:46Z</time></trkpt>
<trkpt lat="45.185444" lon="141.238204"><ele>1401.8</ele><time>2026-08-14T23:20:09Z</time></trkpt>
<trkpt lat="45.185478" lon="141.238239"><ele>1401.6</ele><time>2026-08-14T23:20:52Z</time></trkpt>
<trkpt lat="45.185424" lon="141.238226"><ele>1402.4</ele><time>2026-08-14T23:23:53Z</time></trkpt>
<trkpt lat="45.185457" lon="141.238242"><ele>1402.6</ele><time>2026-08-14T23:24:02Z</time></trkpt>
<trkpt lat="45.185436" lon="141.238282"><ele>1403.0</ele><time>2026-08-14T23:24:06Z</time></trkpt>
<trkpt lat="45.185312" lon="141.238452"><ele>1407.6</ele><time>2026-08-14T23:24:30Z</time></trkpt>
<trkpt lat="45.185239" lon="141.238476"><ele>1411.6</ele><time>2026-08-14T23:24:48Z</time></trkpt>
<trkpt lat="45.185173" lon="141.238629"><ele>1416.8</ele><time>2026-08-14T23:25:15Z</time></trkpt>
<trkpt lat="45.185103" lon="141.238667"><ele>1420.2</ele><time>2026-08-14T23:25:30Z</time></trkpt>
<trkpt lat="45.185053" lon="141.238628"><ele>1423.4</ele><time>2026-08-14T23:25:45Z</time></trkpt>
<trkpt lat="45.185042" lon="141.238689"><ele>1424.8</ele><time>2026-08-14T23:25:51Z</time></trkpt>
<trkpt lat="45.184954" lon="141.238766"><ele>1431.2</ele><time>2026-08-14T23:26:24Z</time></trkpt>
<trkpt lat="45.184944" lon="141.238872"><ele>1434.6</ele><time>2026-08-14T23:26:42Z</time></trkpt>
<trkpt lat="45.184878" lon="141.238915"><ele>1436.8</ele><time>2026-08-14T23:26:52Z</time></trkpt>
<trkpt lat="45.184873" lon="141.238875"><ele>1439.0</ele><time>2026-08-14T23:27:02Z</time></trkpt>
<trkpt lat="45.184858" lon="141.238951"><ele>1441.4</ele><time>2026-08-14T23:27:14Z</time></trkpt>
<trkpt lat="45.184761" lon="141.239019"><ele>1447.4</ele><time>2026-08-14T23:27:45Z</time></trkpt>
<trkpt lat="45.184809" lon="141.239088"><ele>1449.8</ele><time>2026-08-14T23:27:58Z</time></trkpt>
<trkpt lat="45.184806" lon="141.239174"><ele>1451.2</ele><time>2026-08-14T23:28:06Z</time></trkpt>
<trkpt lat="45.184702" lon="141.239204"><ele>1454.2</ele><time>2026-08-14T23:28:21Z</time></trkpt>
<trkpt lat="45.184700" lon="141.239145"><ele>1456.6</ele><time>2026-08-14T23:28:33Z</time></trkpt>
<trkpt lat="45.184661" lon="141.239134"><ele>1458.8</ele><time>2026-08-14T23:28:46Z</time></trkpt>
<trkpt lat="45.184649" lon="141.239256"><ele>1462.0</ele><time>2026-08-14T23:29:08Z</time></trkpt>
<trkpt lat="45.184595" lon="141.239285"><ele>1466.4</ele><time>2026-08-14T23:29:31Z</time></trkpt>
<trkpt lat="45.184471" lon="141.239584"><ele>1477.0</ele><time>2026-08-14T23:30:38Z</time></trkpt>
<trkpt lat="45.184404" lon="141.239580"><ele>1481.4</ele><time>2026-08-14T23:30:58Z</time></trkpt>
<trkpt lat="45.184387" lon="141.239671"><ele>1484.2</ele><time>2026-08-14T23:31:14Z</time></trkpt>
<trkpt lat="45.184278" lon="141.239699"><ele>1489.6</ele><time>2026-08-14T23:31:41Z</time></trkpt>
<trkpt lat="45.184261" lon="141.239759"><ele>1491.8</ele><time>2026-08-14T23:31:54Z</time></trkpt>
<trkpt lat="45.184216" lon="141.239734"><ele>1494.0</ele><time>2026-08-14T23:32:04Z</time></trkpt>
<trkpt lat="45.184159" lon="141.239856"><ele>1496.4</ele><time>2026-08-14T23:32:20Z</time></trkpt>
<trkpt lat="45.184017" lon="141.239933"><ele>1502.0</ele><time>2026-08-14T23:32:55Z</time></trkpt>
<trkpt lat="45.183915" lon="141.239919"><ele>1506.4</ele><time>2026-08-14T23:33:22Z</time></trkpt>
<trkpt lat="45.183812" lon="141.239988"><ele>1513.0</ele><time>2026-08-14T23:33:57Z</time></trkpt>
<trkpt lat="45.183811" lon="141.239952"><ele>1514.4</ele><time>2026-08-14T23:34:05Z</time></trkpt>
<trkpt lat="45.183726" lon="141.240060"><ele>1519.0</ele><time>2026-08-14T23:34:31Z</time></trkpt>
<trkpt lat="45.183685" lon="141.239994"><ele>1523.6</ele><time>2026-08-14T23:34:58Z</time></trkpt>
<trkpt lat="45.183629" lon="141.240054"><ele>1524.8</ele><time>2026-08-14T23:35:11Z</time></trkpt>
<trkpt lat="45.183647" lon="141.240034"><ele>1525.8</ele><time>2026-08-14T23:35:24Z</time></trkpt>
<trkpt lat="45.183559" lon="141.240032"><ele>1529.6</ele><time>2026-08-14T23:35:44Z</time></trkpt>
<trkpt lat="45.183264" lon="141.240239"><ele>1544.8</ele><time>2026-08-14T23:37:01Z</time></trkpt>
<trkpt lat="45.183077" lon="141.240145"><ele>1553.8</ele><time>2026-08-14T23:37:51Z</time></trkpt>
<trkpt lat="45.182980" lon="141.240200"><ele>1558.4</ele><time>2026-08-14T23:38:12Z</time></trkpt>
<trkpt lat="45.182924" lon="141.240118"><ele>1561.4</ele><time>2026-08-14T23:38:30Z</time></trkpt>
<trkpt lat="45.182770" lon="141.240048"><ele>1570.0</ele><time>2026-08-14T23:39:14Z</time></trkpt>
<trkpt lat="45.182750" lon="141.240133"><ele>1571.8</ele><time>2026-08-14T23:39:25Z</time></trkpt>
<trkpt lat="45.182643" lon="141.240114"><ele>1576.2</ele><time>2026-08-14T23:39:52Z</time></trkpt>
<trkpt lat="45.182578" lon="141.240248"><ele>1580.6</ele><time>2026-08-14T23:40:29Z</time></trkpt>
<trkpt lat="45.182536" lon="141.240231"><ele>1581.8</ele><time>2026-08-14T23:40:36Z</time></trkpt>
<trkpt lat="45.182539" lon="141.240306"><ele>1583.2</ele><time>2026-08-14T23:40:44Z</time></trkpt>
<trkpt lat="45.182478" lon="141.240288"><ele>1586.2</ele><time>2026-08-14T23:40:58Z</time></trkpt>
<trkpt lat="45.182427" lon="141.240416"><ele>1591.6</ele><time>2026-08-14T23:41:17Z</time></trkpt>
<trkpt lat="45.182358" lon="141.240507"><ele>1596.4</ele><time>2026-08-14T23:41:39Z</time></trkpt>
<trkpt lat="45.182291" lon="141.240513"><ele>1601.0</ele><time>2026-08-14T23:41:58Z</time></trkpt>
<trkpt lat="45.182253" lon="141.240616"><ele>1604.2</ele><time>2026-08-14T23:42:10Z</time></trkpt>
<trkpt lat="45.182190" lon="141.240575"><ele>1607.6</ele><time>2026-08-14T23:42:23Z</time></trkpt>
<trkpt lat="45.181997" lon="141.240669"><ele>1616.6</ele><time>2026-08-14T23:43:10Z</time></trkpt>
<trkpt lat="45.181992" lon="141.240636"><ele>1618.0</ele><time>2026-08-14T23:43:15Z</time></trkpt>
<trkpt lat="45.181978" lon="141.240750"><ele>1624.6</ele><time>2026-08-14T23:43:45Z</time></trkpt>
<trkpt lat="45.181939" lon="141.240775"><ele>1626.2</ele><time>2026-08-14T23:44:00Z</time></trkpt>
<trkpt lat="45.181910" lon="141.240736"><ele>1628.0</ele><time>2026-08-14T23:44:13Z</time></trkpt>
<trkpt lat="45.181825" lon="141.240757"><ele>1631.2</ele><time>2026-08-14T23:44:28Z</time></trkpt>
<trkpt lat="45.181756" lon="141.240690"><ele>1636.8</ele><time>2026-08-14T23:44:52Z</time></trkpt>
<trkpt lat="45.181744" lon="141.240726"><ele>1638.2</ele><time>2026-08-14T23:45:04Z</time></trkpt>
<trkpt lat="45.181625" lon="141.240637"><ele>1644.2</ele><time>2026-08-14T23:45:22Z</time></trkpt>
<trkpt lat="45.181633" lon="141.240592"><ele>1646.4</ele><time>2026-08-14T23:45:30Z</time></trkpt>
<trkpt lat="45.181385" lon="141.240717"><ele>1661.8</ele><time>2026-08-14T23:46:55Z</time></trkpt>
<trkpt lat="45.181294" lon="141.240697"><ele>1666.4</ele><time>2026-08-14T23:47:14Z</time></trkpt>
<trkpt lat="45.181051" lon="141.240916"><ele>1682.8</ele><time>2026-08-14T23:48:40Z</time></trkpt>
<trkpt lat="45.180966" lon="141.240875"><ele>1686.2</ele><time>2026-08-14T23:48:55Z</time></trkpt>
<trkpt lat="45.180952" lon="141.240958"><ele>1688.4</ele><time>2026-08-14T23:49:06Z</time></trkpt>
<trkpt lat="45.180820" lon="141.241159"><ele>1696.0</ele><time>2026-08-14T23:49:44Z</time></trkpt>
<trkpt lat="45.180799" lon="141.241284"><ele>1693.8</ele><time>2026-08-14T23:50:05Z</time></trkpt>
<trkpt lat="45.180707" lon="141.241371"><ele>1696.0</ele><time>2026-08-14T23:50:23Z</time></trkpt>
<trkpt lat="45.180503" lon="141.241385"><ele>1704.6</ele><time>2026-08-14T23:51:05Z</time></trkpt>
<trkpt lat="45.180426" lon="141.241471"><ele>1707.4</ele><time>2026-08-14T23:51:31Z</time></trkpt>
<trkpt lat="45.180425" lon="141.241530"><ele>1708.4</ele><time>2026-08-14T23:52:00Z</time></trkpt>
<trkpt lat="45.180419" lon="141.241447"><ele>1708.4</ele><time>2026-08-14T23:52:20Z</time></trkpt>
<trkpt lat="45.180377" lon="141.241573"><ele>1707.0</ele><time>2026-08-14T23:52:43Z</time></trkpt>
<trkpt lat="45.180340" lon="141.241562"><ele>1707.0</ele><time>2026-08-14T23:53:30Z</time></trkpt>
<trkpt lat="45.180383" lon="141.241615"><ele>1707.4</ele><time>2026-08-14T23:55:37Z</time></trkpt>
<trkpt lat="45.180361" lon="141.241508"><ele>1708.4</ele><time>2026-08-14T23:56:30Z</time></trkpt>
<trkpt lat="45.180383" lon="141.241544"><ele>1708.2</ele><time>2026-08-14T23:56:56Z</time></trkpt>
<trkpt lat="45.180450" lon="141.241430"><ele>1710.0</ele><time>2026-08-14T23:57:35Z</time></trkpt>
<trkpt lat="45.180368" lon="141.241579"><ele>1709.0</ele><time>2026-08-14T23:59:51Z</time></trkpt>
<trkpt lat="45.180392" lon="141.241547"><ele>1709.6</ele><time>2026-08-15T00:01:04Z</time></trkpt>
<trkpt lat="45.180360" lon="141.241540"><ele>1709.2</ele><time>2026-08-15T00:02:01Z</time></trkpt>
<trkpt lat="45.180378" lon="141.241562"><ele>1708.8</ele><time>2026-08-15T00:02:14Z</time></trkpt>
<trkpt lat="45.180472" lon="141.241386"><ele>1711.2</ele><time>2026-08-15T00:02:50Z</time></trkpt>
<trkpt lat="45.180643" lon="141.241314"><ele>1703.2</ele><time>2026-08-15T00:03:57Z</time></trkpt>
<trkpt lat="45.180684" lon="141.241366"><ele>1701.4</ele><time>2026-08-15T00:04:09Z</time></trkpt>
<trkpt lat="45.180754" lon="141.241314"><ele>1699.4</ele><time>2026-08-15T00:04:41Z</time></trkpt>
<trkpt lat="45.180923" lon="141.240877"><ele>1694.0</ele><time>2026-08-15T00:05:32Z</time></trkpt>
<trkpt lat="45.180945" lon="141.240850"><ele>1693.0</ele><time>2026-08-15T00:05:35Z</time></trkpt>
<trkpt lat="45.181053" lon="141.240909"><ele>1689.6</ele><time>2026-08-15T00:05:46Z</time></trkpt>
<trkpt lat="45.181066" lon="141.240854"><ele>1687.2</ele><time>2026-08-15T00:06:08Z</time></trkpt>
<trkpt lat="45.181113" lon="141.240853"><ele>1684.2</ele><time>2026-08-15T00:06:28Z</time></trkpt>
<trkpt lat="45.181251" lon="141.240685"><ele>1675.0</ele><time>2026-08-15T00:07:15Z</time></trkpt>
<trkpt lat="45.181335" lon="141.240728"><ele>1667.0</ele><time>2026-08-15T00:07:46Z</time></trkpt>
<trkpt lat="45.181471" lon="141.240688"><ele>1659.4</ele><time>2026-08-15T00:08:27Z</time></trkpt>
<trkpt lat="45.181535" lon="141.240588"><ele>1656.8</ele><time>2026-08-15T00:08:53Z</time></trkpt>
<trkpt lat="45.181556" lon="141.240630"><ele>1655.0</ele><time>2026-08-15T00:09:01Z</time></trkpt>
<trkpt lat="45.181590" lon="141.240600"><ele>1652.6</ele><time>2026-08-15T00:09:12Z</time></trkpt>
<trkpt lat="45.181616" lon="141.240669"><ele>1649.2</ele><time>2026-08-15T00:09:25Z</time></trkpt>
<trkpt lat="45.181905" lon="141.240765"><ele>1631.4</ele><time>2026-08-15T00:11:00Z</time></trkpt>
<trkpt lat="45.182020" lon="141.240623"><ele>1623.6</ele><time>2026-08-15T00:11:40Z</time></trkpt>
<trkpt lat="45.182080" lon="141.240662"><ele>1619.0</ele><time>2026-08-15T00:12:01Z</time></trkpt>
<trkpt lat="45.182181" lon="141.240580"><ele>1612.2</ele><time>2026-08-15T00:12:34Z</time></trkpt>
<trkpt lat="45.182215" lon="141.240605"><ele>1609.8</ele><time>2026-08-15T00:12:48Z</time></trkpt>
<trkpt lat="45.182358" lon="141.240486"><ele>1601.6</ele><time>2026-08-15T00:13:17Z</time></trkpt>
<trkpt lat="45.182444" lon="141.240303"><ele>1593.4</ele><time>2026-08-15T00:13:45Z</time></trkpt>
<trkpt lat="45.182545" lon="141.240290"><ele>1589.2</ele><time>2026-08-15T00:14:00Z</time></trkpt>
<trkpt lat="45.182534" lon="141.240235"><ele>1588.6</ele><time>2026-08-15T00:14:06Z</time></trkpt>
<trkpt lat="45.182571" lon="141.240253"><ele>1587.0</ele><time>2026-08-15T00:14:13Z</time></trkpt>
<trkpt lat="45.182572" lon="141.240178"><ele>1585.6</ele><time>2026-08-15T00:14:20Z</time></trkpt>
<trkpt lat="45.182608" lon="141.240209"><ele>1584.4</ele><time>2026-08-15T00:14:25Z</time></trkpt>
<trkpt lat="45.182654" lon="141.240120"><ele>1582.4</ele><time>2026-08-15T00:14:36Z</time></trkpt>
<trkpt lat="45.182687" lon="141.240158"><ele>1581.0</ele><time>2026-08-15T00:14:42Z</time></trkpt>
<trkpt lat="45.182708" lon="141.240100"><ele>1579.8</ele><time>2026-08-15T00:14:47Z</time></trkpt>
<trkpt lat="45.182764" lon="141.240115"><ele>1578.4</ele><time>2026-08-15T00:14:54Z</time></trkpt>
<trkpt lat="45.182747" lon="141.240075"><ele>1577.6</ele><time>2026-08-15T00:14:58Z</time></trkpt>
<trkpt lat="45.182780" lon="141.240052"><ele>1576.6</ele><time>2026-08-15T00:15:02Z</time></trkpt>
<trkpt lat="45.182822" lon="141.240085"><ele>1575.4</ele><time>2026-08-15T00:15:08Z</time></trkpt>
<trkpt lat="45.182824" lon="141.240150"><ele>1573.8</ele><time>2026-08-15T00:15:30Z</time></trkpt>
<trkpt lat="45.183280" lon="141.240212"><ele>1551.8</ele><time>2026-08-15T00:17:11Z</time></trkpt>
<trkpt lat="45.183460" lon="141.240074"><ele>1540.4</ele><time>2026-08-15T00:18:03Z</time></trkpt>
<trkpt lat="45.183536" lon="141.240081"><ele>1538.2</ele><time>2026-08-15T00:18:17Z</time></trkpt>
<trkpt lat="45.183563" lon="141.240020"><ele>1535.0</ele><time>2026-08-15T00:18:37Z</time></trkpt>
<trkpt lat="45.183604" lon="141.240011"><ele>1531.8</ele><time>2026-08-15T00:19:06Z</time></trkpt>
<trkpt lat="45.183618" lon="141.240058"><ele>1531.0</ele><time>2026-08-15T00:19:18Z</time></trkpt>
<trkpt lat="45.183635" lon="141.240006"><ele>1529.0</ele><time>2026-08-15T00:19:35Z</time></trkpt>
<trkpt lat="45.183683" lon="141.240004"><ele>1526.0</ele><time>2026-08-15T00:20:01Z</time></trkpt>
<trkpt lat="45.183656" lon="141.240044"><ele>1525.4</ele><time>2026-08-15T00:20:36Z</time></trkpt>
<trkpt lat="45.183736" lon="141.239996"><ele>1522.0</ele><time>2026-08-15T00:21:02Z</time></trkpt>
<trkpt lat="45.183719" lon="141.239971"><ele>1521.2</ele><time>2026-08-15T00:21:11Z</time></trkpt>
<trkpt lat="45.183790" lon="141.240010"><ele>1518.8</ele><time>2026-08-15T00:21:28Z</time></trkpt>
<trkpt lat="45.183892" lon="141.239937"><ele>1511.4</ele><time>2026-08-15T00:22:26Z</time></trkpt>
<trkpt lat="45.183961" lon="141.239957"><ele>1508.0</ele><time>2026-08-15T00:22:43Z</time></trkpt>
<trkpt lat="45.184020" lon="141.239878"><ele>1505.6</ele><time>2026-08-15T00:22:55Z</time></trkpt>
<trkpt lat="45.184137" lon="141.239844"><ele>1501.2</ele><time>2026-08-15T00:23:23Z</time></trkpt>
<trkpt lat="45.184233" lon="141.239714"><ele>1496.0</ele><time>2026-08-15T00:23:57Z</time></trkpt>
<trkpt lat="45.184213" lon="141.239734"><ele>1495.8</ele><time>2026-08-15T00:24:18Z</time></trkpt>
<trkpt lat="45.184376" lon="141.239715"><ele>1487.6</ele><time>2026-08-15T00:25:03Z</time></trkpt>
<trkpt lat="45.184370" lon="141.239620"><ele>1484.6</ele><time>2026-08-15T00:25:24Z</time></trkpt>
<trkpt lat="45.184487" lon="141.239594"><ele>1480.2</ele><time>2026-08-15T00:25:46Z</time></trkpt>
<trkpt lat="45.184591" lon="141.239380"><ele>1472.8</ele><time>2026-08-15T00:26:25Z</time></trkpt>
<trkpt lat="45.184581" lon="141.239324"><ele>1470.0</ele><time>2026-08-15T00:26:51Z</time></trkpt>
<trkpt lat="45.184646" lon="141.239290"><ele>1466.8</ele><time>2026-08-15T00:27:10Z</time></trkpt>
<trkpt lat="45.184633" lon="141.239181"><ele>1463.8</ele><time>2026-08-15T00:27:26Z</time></trkpt>
<trkpt lat="45.184665" lon="141.239141"><ele>1461.6</ele><time>2026-08-15T00:27:42Z</time></trkpt>
<trkpt lat="45.184709" lon="141.239188"><ele>1460.0</ele><time>2026-08-15T00:27:56Z</time></trkpt>
<trkpt lat="45.184776" lon="141.239133"><ele>1456.4</ele><time>2026-08-15T00:28:21Z</time></trkpt>
<trkpt lat="45.184738" lon="141.239055"><ele>1453.4</ele><time>2026-08-15T00:28:58Z</time></trkpt>
<trkpt lat="45.184813" lon="141.239039"><ele>1451.0</ele><time>2026-08-15T00:29:17Z</time></trkpt>
<trkpt lat="45.184828" lon="141.238900"><ele>1445.4</ele><time>2026-08-15T00:29:48Z</time></trkpt>
<trkpt lat="45.184880" lon="141.238910"><ele>1443.4</ele><time>2026-08-15T00:30:00Z</time></trkpt>
<trkpt lat="45.185070" lon="141.238696"><ele>1432.4</ele><time>2026-08-15T00:31:01Z</time></trkpt>
<trkpt lat="45.185052" lon="141.238641"><ele>1429.0</ele><time>2026-08-15T00:31:25Z</time></trkpt>
<trkpt lat="45.185077" lon="141.238698"><ele>1427.6</ele><time>2026-08-15T00:31:36Z</time></trkpt>
<trkpt lat="45.185136" lon="141.238672"><ele>1425.4</ele><time>2026-08-15T00:32:07Z</time></trkpt>
<trkpt lat="45.185226" lon="141.238478"><ele>1419.2</ele><time>2026-08-15T00:32:40Z</time></trkpt>
<trkpt lat="45.185302" lon="141.238454"><ele>1415.6</ele><time>2026-08-15T00:33:13Z</time></trkpt>
<trkpt lat="45.185383" lon="141.238333"><ele>1411.4</ele><time>2026-08-15T00:33:31Z</time></trkpt>
<trkpt lat="45.185499" lon="141.238316"><ele>1409.4</ele><time>2026-08-15T00:34:05Z</time></trkpt>
<trkpt lat="45.185474" lon="141.238269"><ele>1408.8</ele><time>2026-08-15T00:35:19Z</time></trkpt>
<trkpt lat="45.185511" lon="141.238311"><ele>1408.8</ele><time>2026-08-15T00:35:42Z</time></trkpt>
<trkpt lat="45.185491" lon="141.238290"><ele>1408.6</ele><time>2026-08-15T00:36:01Z</time></trkpt>
<trkpt lat="45.185539" lon="141.238270"><ele>1408.4</ele><time>2026-08-15T00:36:21Z</time></trkpt>
<trkpt lat="45.185509" lon="141.238246"><ele>1408.4</ele><time>2026-08-15T00:36:32Z</time></trkpt>
<trkpt lat="45.185518" lon="141.238321"><ele>1408.0</ele><time>2026-08-15T00:37:12Z</time></trkpt>
<trkpt lat="45.185464" lon="141.238312"><ele>1408.0</ele><time>2026-08-15T00:37:48Z</time></trkpt>
<trkpt lat="45.185515" lon="141.238296"><ele>1407.4</ele><time>2026-08-15T00:39:24Z</time></trkpt>
<trkpt lat="45.185503" lon="141.238335"><ele>1407.2</ele><time>2026-08-15T00:40:07Z</time></trkpt>
<trkpt lat="45.185484" lon="141.238270"><ele>1407.0</ele><time>2026-08-15T00:40:45Z</time></trkpt>
<trkpt lat="45.185472" lon="141.238352"><ele>1406.8</ele><time>2026-08-15T00:41:36Z</time></trkpt>
<trkpt lat="45.185505" lon="141.238308"><ele>1407.0</ele><time>2026-08-15T00:42:18Z</time></trkpt>
<trkpt lat="45.185472" lon="141.238316"><ele>1406.6</ele><time>2026-08-15T00:43:05Z</time></trkpt>
<trkpt lat="45.185532" lon="141.237795"><ele>1399.6</ele><time>2026-08-15T00:45:03Z</time></trkpt>
<trkpt lat="45.185636" lon="141.237721"><ele>1394.8</ele><time>2026-08-15T00:45:26Z</time></trkpt>
<trkpt lat="45.185748" lon="141.237797"><ele>1389.4</ele><time>2026-08-15T00:45:50Z</time></trkpt>
<trkpt lat="45.185902" lon="141.237614"><ele>1379.0</ele><time>2026-08-15T00:46:39Z</time></trkpt>
<trkpt lat="45.186007" lon="141.237604"><ele>1374.6</ele><time>2026-08-15T00:46:55Z</time></trkpt>
<trkpt lat="45.186053" lon="141.237531"><ele>1371.2</ele><time>2026-08-15T00:47:11Z</time></trkpt>
<trkpt lat="45.186180" lon="141.237532"><ele>1366.6</ele><time>2026-08-15T00:47:30Z</time></trkpt>
<trkpt lat="45.186239" lon="141.237390"><ele>1362.0</ele><time>2026-08-15T00:47:51Z</time></trkpt>
<trkpt lat="45.186321" lon="141.237390"><ele>1359.4</ele><time>2026-08-15T00:48:02Z</time></trkpt>
<trkpt lat="45.186489" lon="141.237289"><ele>1349.6</ele><time>2026-08-15T00:48:47Z</time></trkpt>
<trkpt lat="45.186579" lon="141.237152"><ele>1347.0</ele><time>2026-08-15T00:49:01Z</time></trkpt>
<trkpt lat="45.186540" lon="141.237035"><ele>1343.6</ele><time>2026-08-15T00:49:17Z</time></trkpt>
<trkpt lat="45.186657" lon="141.237006"><ele>1340.8</ele><time>2026-08-15T00:49:33Z</time></trkpt>
<trkpt lat="45.186680" lon="141.236846"><ele>1337.0</ele><time>2026-08-15T00:49:50Z</time></trkpt>
<trkpt lat="45.186744" lon="141.236810"><ele>1334.2</ele><time>2026-08-15T00:50:02Z</time></trkpt>
<trkpt lat="45.186826" lon="141.236584"><ele>1327.0</ele><time>2026-08-15T00:50:34Z</time></trkpt>
<trkpt lat="45.186911" lon="141.236092"><ele>1320.6</ele><time>2026-08-15T00:51:32Z</time></trkpt>
<trkpt lat="45.187323" lon="141.235874"><ele>1306.6</ele><time>2026-08-15T00:52:34Z</time></trkpt>
<trkpt lat="45.187402" lon="141.235922"><ele>1301.8</ele><time>2026-08-15T00:53:08Z</time></trkpt>
<trkpt lat="45.187703" lon="141.235910"><ele>1290.6</ele><time>2026-08-15T00:53:52Z</time></trkpt>
<trkpt lat="45.187871" lon="141.235790"><ele>1287.2</ele><time>2026-08-15T00:54:09Z</time></trkpt>
<trkpt lat="45.188131" lon="141.235774"><ele>1282.6</ele><time>2026-08-15T00:54:43Z</time></trkpt>
<trkpt lat="45.188577" lon="141.235865"><ele>1274.0</ele><time>2026-08-15T00:55:32Z</time></trkpt>
<trkpt lat="45.188603" lon="141.235957"><ele>1271.8</ele><time>2026-08-15T00:55:42Z</time></trkpt>
<trkpt lat="45.188520" lon="141.236198"><ele>1267.4</ele><time>2026-08-15T00:56:10Z</time></trkpt>
<trkpt lat="45.188623" lon="141.236384"><ele>1262.0</ele><time>2026-08-15T00:56:32Z</time></trkpt>
<trkpt lat="45.188645" lon="141.236518"><ele>1257.4</ele><time>2026-08-15T00:56:52Z</time></trkpt>
<trkpt lat="45.188735" lon="141.236607"><ele>1254.0</ele><time>2026-08-15T00:57:04Z</time></trkpt>
<trkpt lat="45.188825" lon="141.236588"><ele>1251.8</ele><time>2026-08-15T00:57:14Z</time></trkpt>
<trkpt lat="45.188995" lon="141.236656"><ele>1247.0</ele><time>2026-08-15T00:57:39Z</time></trkpt>
<trkpt lat="45.189128" lon="141.236625"><ele>1241.6</ele><time>2026-08-15T00:58:00Z</time></trkpt>
<trkpt lat="45.189528" lon="141.236196"><ele>1237.8</ele><time>2026-08-15T00:58:41Z</time></trkpt>
<trkpt lat="45.189658" lon="141.236109"><ele>1239.4</ele><time>2026-08-15T00:58:53Z</time></trkpt>
<trkpt lat="45.189919" lon="141.236140"><ele>1233.6</ele><time>2026-08-15T00:59:21Z</time></trkpt>
<trkpt lat="45.190170" lon="141.236083"><ele>1232.8</ele><time>2026-08-15T00:59:39Z</time></trkpt>
<trkpt lat="45.190390" lon="141.236192"><ele>1233.2</ele><time>2026-08-15T00:59:58Z</time></trkpt>
<trkpt lat="45.190798" lon="141.236245"><ele>1237.4</ele><time>2026-08-15T01:00:36Z</time></trkpt>
<trkpt lat="45.190870" lon="141.236310"><ele>1237.0</ele><time>2026-08-15T01:00:45Z</time></trkpt>
<trkpt lat="45.191264" lon="141.236360"><ele>1241.6</ele><time>2026-08-15T01:01:20Z</time></trkpt>
<trkpt lat="45.191608" lon="141.236322"><ele>1250.0</ele><time>2026-08-15T01:02:02Z</time></trkpt>
<trkpt lat="45.191799" lon="141.236416"><ele>1253.8</ele><time>2026-08-15T01:02:25Z</time></trkpt>
<trkpt lat="45.191905" lon="141.236390"><ele>1257.2</ele><time>2026-08-15T01:02:39Z</time></trkpt>
<trkpt lat="45.191949" lon="141.236330"><ele>1259.4</ele><time>2026-08-15T01:02:50Z</time></trkpt>
<trkpt lat="45.192123" lon="141.236579"><ele>1251.4</ele><time>2026-08-15T01:03:25Z</time></trkpt>
<trkpt lat="45.192174" lon="141.236776"><ele>1247.4</ele><time>2026-08-15T01:03:40Z</time></trkpt>
<trkpt lat="45.192287" lon="141.236840"><ele>1247.2</ele><time>2026-08-15T01:03:52Z</time></trkpt>
<trkpt lat="45.192571" lon="141.237133"><ele>1238.2</ele><time>2026-08-15T01:04:32Z</time></trkpt>
<trkpt lat="45.192742" lon="141.237222"><ele>1234.6</ele><time>2026-08-15T01:04:54Z</time></trkpt>
<trkpt lat="45.192836" lon="141.237344"><ele>1232.6</ele><time>2026-08-15T01:05:06Z</time></trkpt>
<trkpt lat="45.193013" lon="141.237433"><ele>1230.6</ele><time>2026-08-15T01:05:24Z</time></trkpt>
<trkpt lat="45.193078" lon="141.237604"><ele>1227.4</ele><time>2026-08-15T01:05:40Z</time></trkpt>
<trkpt lat="45.193309" lon="141.237815"><ele>1224.2</ele><time>2026-08-15T01:06:15Z</time></trkpt>
<trkpt lat="45.193561" lon="141.238017"><ele>1219.6</ele><time>2026-08-15T01:06:54Z</time></trkpt>
<trkpt lat="45.193830" lon="141.238087"><ele>1208.6</ele><time>2026-08-15T01:07:47Z</time></trkpt>
<trkpt lat="45.193916" lon="141.238193"><ele>1206.4</ele><time>2026-08-15T01:08:00Z</time></trkpt>
<trkpt lat="45.194176" lon="141.238238"><ele>1200.2</ele><time>2026-08-15T01:08:31Z</time></trkpt>
<trkpt lat="45.194252" lon="141.238227"><ele>1194.2</ele><time>2026-08-15T01:09:00Z</time></trkpt>
<trkpt lat="45.194307" lon="141.238120"><ele>1189.6</ele><time>2026-08-15T01:09:23Z</time></trkpt>
<trkpt lat="45.194561" lon="141.237982"><ele>1174.6</ele><time>2026-08-15T01:10:43Z</time></trkpt>
<trkpt lat="45.194626" lon="141.238000"><ele>1171.2</ele><time>2026-08-15T01:10:58Z</time></trkpt>
<trkpt lat="45.194962" lon="141.237789"><ele>1158.0</ele><time>2026-08-15T01:12:05Z</time></trkpt>
<trkpt lat="45.195075" lon="141.237781"><ele>1152.6</ele><time>2026-08-15T01:12:35Z</time></trkpt>
<trkpt lat="45.195141" lon="141.237833"><ele>1148.2</ele><time>2026-08-15T01:12:56Z</time></trkpt>
<trkpt lat="45.195365" lon="141.237770"><ele>1140.2</ele><time>2026-08-15T01:13:39Z</time></trkpt>
<trkpt lat="45.195612" lon="141.237772"><ele>1131.8</ele><time>2026-08-15T01:14:19Z</time></trkpt>
<trkpt lat="45.196278" lon="141.237505"><ele>1118.8</ele><time>2026-08-15T01:15:40Z</time></trkpt>
<trkpt lat="45.196436" lon="141.237502"><ele>1110.2</ele><time>2026-08-15T01:16:30Z</time></trkpt>
<trkpt lat="45.196854" lon="141.237642"><ele>1087.8</ele><time>2026-08-15T01:18:22Z</time></trkpt>
<trkpt lat="45.196940" lon="141.237610"><ele>1083.2</ele><time>2026-08-15T01:18:46Z</time></trkpt>
<trkpt lat="45.196997" lon="141.237658"><ele>1079.8</ele><time>2026-08-15T01:19:03Z</time></trkpt>
<trkpt lat="45.197361" lon="141.237683"><ele>1060.0</ele><time>2026-08-15T01:20:40Z</time></trkpt>
<trkpt lat="45.197476" lon="141.237783"><ele>1055.8</ele><time>2026-08-15T01:21:03Z</time></trkpt>
<trkpt lat="45.197575" lon="141.237742"><ele>1053.6</ele><time>2026-08-15T01:21:15Z</time></trkpt>
<trkpt lat="45.197509" lon="141.237647"><ele>1048.8</ele><time>2026-08-15T01:21:42Z</time></trkpt>
<trkpt lat="45.197547" lon="141.237617"><ele>1047.0</ele><time>2026-08-15T01:21:52Z</time></trkpt>
<trkpt lat="45.197723" lon="141.237685"><ele>1042.4</ele><time>2026-08-15T01:22:16Z</time></trkpt>
<trkpt lat="45.197773" lon="141.237876"><ele>1038.6</ele><time>2026-08-15T01:22:38Z</time></trkpt>
<trkpt lat="45.197955" lon="141.237878"><ele>1031.2</ele><time>2026-08-15T01:23:12Z</time></trkpt>
<trkpt lat="45.197945" lon="141.237922"><ele>1030.2</ele><time>2026-08-15T01:23:18Z</time></trkpt>
<trkpt lat="45.197996" lon="141.237947"><ele>1028.0</ele><time>2026-08-15T01:23:30Z</time></trkpt>
<trkpt lat="45.198021" lon="141.238045"><ele>1025.6</ele><time>2026-08-15T01:23:40Z</time></trkpt>
<trkpt lat="45.198186" lon="141.238090"><ele>1019.0</ele><time>2026-08-15T01:24:12Z</time></trkpt>
<trkpt lat="45.198263" lon="141.238194"><ele>1014.2</ele><time>2026-08-15T01:24:30Z</time></trkpt>
<trkpt lat="45.198389" lon="141.238258"><ele>1008.8</ele><time>2026-08-15T01:24:53Z</time></trkpt>
<trkpt lat="45.198555" lon="141.238271"><ele>1003.2</ele><time>2026-08-15T01:25:19Z</time></trkpt>
<trkpt lat="45.198630" lon="141.238222"><ele>999.8</ele><time>2026-08-15T01:25:35Z</time></trkpt>
<trkpt lat="45.198817" lon="141.238253"><ele>991.6</ele><time>2026-08-15T01:26:15Z</time></trkpt>
<trkpt lat="45.198788" lon="141.238119"><ele>987.2</ele><time>2026-08-15T01:26:36Z</time></trkpt>
<trkpt lat="45.198879" lon="141.238073"><ele>981.6</ele><time>2026-08-15T01:27:03Z</time></trkpt>
<trkpt lat="45.199063" lon="141.238222"><ele>976.2</ele><time>2026-08-15T01:27:34Z</time></trkpt>
<trkpt lat="45.199092" lon="141.238169"><ele>974.0</ele><time>2026-08-15T01:27:45Z</time></trkpt>
<trkpt lat="45.199024" lon="141.238027"><ele>970.6</ele><time>2026-08-15T01:28:01Z</time></trkpt>
<trkpt lat="45.199040" lon="141.237995"><ele>969.2</ele><time>2026-08-15T01:28:06Z</time></trkpt>
<trkpt lat="45.199300" lon="141.238206"><ele>961.0</ele><time>2026-08-15T01:28:45Z</time></trkpt>
<trkpt lat="45.199342" lon="141.238004"><ele>956.2</ele><time>2026-08-15T01:29:07Z</time></trkpt>
<trkpt lat="45.199531" lon="141.238094"><ele>946.8</ele><time>2026-08-15T01:29:54Z</time></trkpt>
<trkpt lat="45.199664" lon="141.238075"><ele>943.0</ele><time>2026-08-15T01:30:10Z</time></trkpt>
<trkpt lat="45.199716" lon="141.238037"><ele>941.4</ele><time>2026-08-15T01:30:18Z</time></trkpt>
<trkpt lat="45.199704" lon="141.237874"><ele>936.8</ele><time>2026-08-15T01:30:44Z</time></trkpt>
<trkpt lat="45.199879" lon="141.237905"><ele>930.4</ele><time>2026-08-15T01:31:15Z</time></trkpt>
<trkpt lat="45.199921" lon="141.237459"><ele>918.8</ele><time>2026-08-15T01:32:14Z</time></trkpt>
<trkpt lat="45.200187" lon="141.237490"><ele>909.8</ele><time>2026-08-15T01:33:03Z</time></trkpt>
<trkpt lat="45.200503" lon="141.237755"><ele>899.8</ele><time>2026-08-15T01:34:05Z</time></trkpt>
<trkpt lat="45.200523" lon="141.237314"><ele>890.4</ele><time>2026-08-15T01:35:25Z</time></trkpt>
<trkpt lat="45.200905" lon="141.237453"><ele>880.6</ele><time>2026-08-15T01:36:24Z</time></trkpt>
<trkpt lat="45.200957" lon="141.237510"><ele>878.0</ele><time>2026-08-15T01:36:37Z</time></trkpt>
<trkpt lat="45.200993" lon="141.237449"><ele>876.4</ele><time>2026-08-15T01:36:46Z</time></trkpt>
<trkpt lat="45.200980" lon="141.237297"><ele>874.0</ele><time>2026-08-15T01:36:58Z</time></trkpt>
<trkpt lat="45.200930" lon="141.237193"><ele>871.2</ele><time>2026-08-15T01:37:13Z</time></trkpt>
<trkpt lat="45.200944" lon="141.236869"><ele>865.0</ele><time>2026-08-15T01:37:46Z</time></trkpt>
<trkpt lat="45.200877" lon="141.236682"><ele>860.4</ele><time>2026-08-15T01:38:10Z</time></trkpt>
<trkpt lat="45.200979" lon="141.236656"><ele>858.6</ele><time>2026-08-15T01:38:28Z</time></trkpt>
<trkpt lat="45.201232" lon="141.236718"><ele>849.4</ele><time>2026-08-15T01:39:23Z</time></trkpt>
<trkpt lat="45.201483" lon="141.236882"><ele>841.4</ele><time>2026-08-15T01:40:15Z</time></trkpt>
<trkpt lat="45.201514" lon="141.236575"><ele>835.2</ele><time>2026-08-15T01:41:04Z</time></trkpt>
<trkpt lat="45.201453" lon="141.236490"><ele>833.2</ele><time>2026-08-15T01:41:22Z</time></trkpt>
<trkpt lat="45.201457" lon="141.236392"><ele>831.4</ele><time>2026-08-15T01:41:34Z</time></trkpt>
<trkpt lat="45.201376" lon="141.236160"><ele>826.0</ele><time>2026-08-15T01:42:08Z</time></trkpt>
<trkpt lat="45.201700" lon="141.236020"><ele>815.0</ele><time>2026-08-15T01:43:11Z</time></trkpt>
<trkpt lat="45.201859" lon="141.236037"><ele>811.0</ele><time>2026-08-15T01:43:52Z</time></trkpt>
<trkpt lat="45.201846" lon="141.235982"><ele>809.4</ele><time>2026-08-15T01:43:59Z</time></trkpt>
<trkpt lat="45.201934" lon="141.235891"><ele>805.4</ele><time>2026-08-15T01:44:18Z</time></trkpt>
<trkpt lat="45.201973" lon="141.235770"><ele>801.6</ele><time>2026-08-15T01:44:46Z</time></trkpt>
<trkpt lat="45.202018" lon="141.235804"><ele>799.8</ele><time>2026-08-15T01:45:02Z</time></trkpt>
<trkpt lat="45.202177" lon="141.235571"><ele>791.0</ele><time>2026-08-15T01:45:44Z</time></trkpt>
<trkpt lat="45.202413" lon="141.235367"><ele>782.2</ele><time>2026-08-15T01:46:43Z</time></trkpt>
<trkpt lat="45.202392" lon="141.235379"><ele>782.0</ele><time>2026-08-15T01:46:54Z</time></trkpt>
<trkpt lat="45.202428" lon="141.235325"><ele>780.4</ele><time>2026-08-15T01:47:09Z</time></trkpt>
<trkpt lat="45.202449" lon="141.235106"><ele>774.0</ele><time>2026-08-15T01:47:36Z</time></trkpt>
<trkpt lat="45.202534" lon="141.234913"><ele>767.6</ele><time>2026-08-15T01:48:06Z</time></trkpt>
<trkpt lat="45.202608" lon="141.234828"><ele>765.2</ele><time>2026-08-15T01:48:15Z</time></trkpt>
<trkpt lat="45.202670" lon="141.234904"><ele>763.6</ele><time>2026-08-15T01:49:29Z</time></trkpt>
<trkpt lat="45.202619" lon="141.234869"><ele>762.6</ele><time>2026-08-15T01:51:52Z</time></trkpt>
<trkpt lat="45.202629" lon="141.234809"><ele>763.2</ele><time>2026-08-15T01:52:27Z</time></trkpt>
<trkpt lat="45.202435" lon="141.234731"><ele>761.0</ele><time>2026-08-15T01:52:50Z</time></trkpt>
<trkpt lat="45.202385" lon="141.234752"><ele>760.0</ele><time>2026-08-15T01:52:59Z</time></trkpt>
<trkpt lat="45.202378" lon="141.234689"><ele>758.0</ele><time>2026-08-15T01:53:09Z</time></trkpt>
<trkpt lat="45.202761" lon="141.234262"><ele>742.4</ele><time>2026-08-15T01:54:39Z</time></trkpt>
<trkpt lat="45.203051" lon="141.234107"><ele>733.4</ele><time>2026-08-15T01:55:24Z</time></trkpt>
<trkpt lat="45.203288" lon="141.234182"><ele>726.8</ele><time>2026-08-15T01:55:57Z</time></trkpt>
<trkpt lat="45.203446" lon="141.234327"><ele>722.4</ele><time>2026-08-15T01:56:19Z</time></trkpt>
<trkpt lat="45.203492" lon="141.234262"><ele>720.4</ele><time>2026-08-15T01:56:30Z</time></trkpt>
<trkpt lat="45.203702" lon="141.234187"><ele>717.2</ele><time>2026-08-15T01:56:51Z</time></trkpt>
<trkpt lat="45.203754" lon="141.234102"><ele>714.0</ele><time>2026-08-15T01:57:06Z</time></trkpt>
<trkpt lat="45.203894" lon="141.234076"><ele>708.2</ele><time>2026-08-15T01:57:33Z</time></trkpt>
<trkpt lat="45.203969" lon="141.233974"><ele>705.0</ele><time>2026-08-15T01:57:52Z</time></trkpt>
<trkpt lat="45.204082" lon="141.233928"><ele>701.6</ele><time>2026-08-15T01:58:23Z</time></trkpt>
<trkpt lat="45.204076" lon="141.233894"><ele>700.0</ele><time>2026-08-15T01:58:44Z</time></trkpt>
<trkpt lat="45.204156" lon="141.233919"><ele>697.4</ele><time>2026-08-15T01:58:58Z</time></trkpt>
<trkpt lat="45.204367" lon="141.233868"><ele>690.6</ele><time>2026-08-15T01:59:36Z</time></trkpt>
<trkpt lat="45.204558" lon="141.233626"><ele>682.6</ele><time>2026-08-15T02:00:14Z</time></trkpt>
<trkpt lat="45.204599" lon="141.233511"><ele>679.6</ele><time>2026-08-15T02:00:29Z</time></trkpt>
<trkpt lat="45.204687" lon="141.233464"><ele>678.2</ele><time>2026-08-15T02:00:37Z</time></trkpt>
<trkpt lat="45.204846" lon="141.233142"><ele>669.0</ele><time>2026-08-15T02:01:29Z</time></trkpt>
<trkpt lat="45.205174" lon="141.233063"><ele>657.2</ele><time>2026-08-15T02:02:39Z</time></trkpt>
<trkpt lat="45.205242" lon="141.232997"><ele>654.2</ele><time>2026-08-15T02:02:54Z</time></trkpt>
<trkpt lat="45.205381" lon="141.233016"><ele>650.6</ele><time>2026-08-15T02:03:15Z</time></trkpt>
<trkpt lat="45.205700" lon="141.232884"><ele>639.8</ele><time>2026-08-15T02:04:18Z</time></trkpt>
<trkpt lat="45.205736" lon="141.232814"><ele>637.6</ele><time>2026-08-15T02:04:37Z</time></trkpt>
<trkpt lat="45.205793" lon="141.232840"><ele>636.4</ele><time>2026-08-15T02:04:57Z</time></trkpt>
<trkpt lat="45.205923" lon="141.232781"><ele>632.0</ele><time>2026-08-15T02:05:23Z</time></trkpt>
<trkpt lat="45.206102" lon="141.232640"><ele>624.4</ele><time>2026-08-15T02:06:17Z</time></trkpt>
<trkpt lat="45.206314" lon="141.232585"><ele>618.2</ele><time>2026-08-15T02:06:58Z</time></trkpt>
<trkpt lat="45.206673" lon="141.232326"><ele>605.0</ele><time>2026-08-15T02:08:11Z</time></trkpt>
<trkpt lat="45.206967" lon="141.231967"><ele>595.8</ele><time>2026-08-15T02:08:55Z</time></trkpt>
<trkpt lat="45.207077" lon="141.231758"><ele>591.8</ele><time>2026-08-15T02:09:16Z</time></trkpt>
<trkpt lat="45.207176" lon="141.231674"><ele>588.0</ele><time>2026-08-15T02:09:35Z</time></trkpt>
<trkpt lat="45.207390" lon="141.231617"><ele>579.6</ele><time>2026-08-15T02:10:16Z</time></trkpt>
<trkpt lat="45.207881" lon="141.231290"><ele>565.4</ele><time>2026-08-15T02:11:32Z</time></trkpt>
<trkpt lat="45.208405" lon="141.231147"><ele>551.6</ele><time>2026-08-15T02:12:49Z</time></trkpt>
<trkpt lat="45.208992" lon="141.230844"><ele>540.4</ele><time>2026-08-15T02:13:50Z</time></trkpt>
<trkpt lat="45.209394" lon="141.230729"><ele>532.8</ele><time>2026-08-15T02:14:32Z</time></trkpt>
<trkpt lat="45.209455" lon="141.230640"><ele>530.6</ele><time>2026-08-15T02:14:44Z</time></trkpt>
<trkpt lat="45.209821" lon="141.230417"><ele>519.2</ele><time>2026-08-15T02:15:48Z</time></trkpt>
<trkpt lat="45.209897" lon="141.230312"><ele>517.0</ele><time>2026-08-15T02:15:59Z</time></trkpt>
<trkpt lat="45.210151" lon="141.230186"><ele>509.2</ele><time>2026-08-15T02:16:33Z</time></trkpt>
<trkpt lat="45.210406" lon="141.229834"><ele>499.2</ele><time>2026-08-15T02:17:24Z</time></trkpt>
<trkpt lat="45.210682" lon="141.229612"><ele>491.4</ele><time>2026-08-15T02:18:02Z</time></trkpt>
<trkpt lat="45.211103" lon="141.229140"><ele>477.4</ele><time>2026-08-15T02:19:07Z</time></trkpt>
<trkpt lat="45.211311" lon="141.228991"><ele>471.4</ele><time>2026-08-15T02:19:38Z</time></trkpt>
<trkpt lat="45.211383" lon="141.228878"><ele>469.4</ele><time>2026-08-15T02:19:48Z</time></trkpt>
<trkpt lat="45.211479" lon="141.228577"><ele>466.2</ele><time>2026-08-15T02:20:08Z</time></trkpt>
<trkpt lat="45.211981" lon="141.228082"><ele>452.0</ele><time>2026-08-15T02:21:24Z</time></trkpt>
<trkpt lat="45.212059" lon="141.227908"><ele>447.4</ele><time>2026-08-15T02:21:46Z</time></trkpt>
<trkpt lat="45.212127" lon="141.227855"><ele>445.4</ele><time>2026-08-15T02:21:55Z</time></trkpt>
<trkpt lat="45.212170" lon="141.227718"><ele>442.2</ele><time>2026-08-15T02:22:10Z</time></trkpt>
<trkpt lat="45.212428" lon="141.227508"><ele>438.0</ele><time>2026-08-15T02:22:36Z</time></trkpt>
<trkpt lat="45.213089" lon="141.227174"><ele>425.8</ele><time>2026-08-15T02:23:51Z</time></trkpt>
<trkpt lat="45.213245" lon="141.227049"><ele>423.6</ele><time>2026-08-15T02:24:06Z</time></trkpt>
<trkpt lat="45.213484" lon="141.226716"><ele>419.2</ele><time>2026-08-15T02:24:39Z</time></trkpt>
<trkpt lat="45.213713" lon="141.226516"><ele>416.6</ele><time>2026-08-15T02:25:03Z</time></trkpt>
<trkpt lat="45.213891" lon="141.226265"><ele>411.6</ele><time>2026-08-15T02:25:36Z</time></trkpt>
<trkpt lat="45.214100" lon="141.226201"><ele>407.2</ele><time>2026-08-15T02:25:58Z</time></trkpt>
<trkpt lat="45.214353" lon="141.225990"><ele>399.6</ele><time>2026-08-15T02:26:38Z</time></trkpt>
<trkpt lat="45.214994" lon="141.225996"><ele>391.8</ele><time>2026-08-15T02:27:41Z</time></trkpt>
<trkpt lat="45.215336" lon="141.225720"><ele>384.0</ele><time>2026-08-15T02:28:19Z</time></trkpt>
<trkpt lat="45.215317" lon="141.225287"><ele>376.8</ele><time>2026-08-15T02:28:56Z</time></trkpt>
<trkpt lat="45.215551" lon="141.224497"><ele>369.2</ele><time>2026-08-15T02:29:58Z</time></trkpt>
<trkpt lat="45.215522" lon="141.224095"><ele>364.8</ele><time>2026-08-15T02:30:32Z</time></trkpt>
<trkpt lat="45.215681" lon="141.223731"><ele>363.4</ele><time>2026-08-15T02:31:04Z</time></trkpt>
<trkpt lat="45.216072" lon="141.223102"><ele>352.6</ele><time>2026-08-15T02:32:15Z</time></trkpt>
<trkpt lat="45.216313" lon="141.222516"><ele>346.4</ele><time>2026-08-15T02:33:02Z</time></trkpt>
<trkpt lat="45.216507" lon="141.222325"><ele>343.2</ele><time>2026-08-15T02:33:21Z</time></trkpt>
<trkpt lat="45.216691" lon="141.221964"><ele>341.0</ele><time>2026-08-15T02:33:58Z</time></trkpt>
<trkpt lat="45.216853" lon="141.221800"><ele>339.2</ele><time>2026-08-15T02:34:12Z</time></trkpt>
<trkpt lat="45.216941" lon="141.221642"><ele>339.6</ele><time>2026-08-15T02:34:28Z</time></trkpt>
<trkpt lat="45.217118" lon="141.221457"><ele>341.2</ele><time>2026-08-15T02:34:46Z</time></trkpt>
<trkpt lat="45.217325" lon="141.221359"><ele>340.6</ele><time>2026-08-15T02:35:04Z</time></trkpt>
<trkpt lat="45.217483" lon="141.221174"><ele>337.8</ele><time>2026-08-15T02:35:26Z</time></trkpt>
<trkpt lat="45.217546" lon="141.221028"><ele>334.4</ele><time>2026-08-15T02:35:41Z</time></trkpt>
<trkpt lat="45.218009" lon="141.220646"><ele>324.4</ele><time>2026-08-15T02:36:24Z</time></trkpt>
<trkpt lat="45.218521" lon="141.219906"><ele>309.0</ele><time>2026-08-15T02:37:39Z</time></trkpt>
<trkpt lat="45.218802" lon="141.219640"><ele>304.6</ele><time>2026-08-15T02:38:11Z</time></trkpt>
<trkpt lat="45.218855" lon="141.219517"><ele>302.8</ele><time>2026-08-15T02:38:22Z</time></trkpt>
<trkpt lat="45.218867" lon="141.219277"><ele>299.4</ele><time>2026-08-15T02:38:38Z</time></trkpt>
<trkpt lat="45.218987" lon="141.219032"><ele>294.6</ele><time>2026-08-15T02:39:00Z</time></trkpt>
<trkpt lat="45.219416" lon="141.218898"><ele>288.4</ele><time>2026-08-15T02:39:39Z</time></trkpt>
<trkpt lat="45.219758" lon="141.218373"><ele>289.8</ele><time>2026-08-15T02:40:24Z</time></trkpt>
<trkpt lat="45.219907" lon="141.218223"><ele>288.4</ele><time>2026-08-15T02:40:39Z</time></trkpt>
<trkpt lat="45.220064" lon="141.217817"><ele>280.4</ele><time>2026-08-15T02:41:15Z</time></trkpt>
<trkpt lat="45.219880" lon="141.217714"><ele>277.0</ele><time>2026-08-15T02:41:34Z</time></trkpt>
<trkpt lat="45.219750" lon="141.217701"><ele>275.4</ele><time>2026-08-15T02:41:44Z</time></trkpt>
<trkpt lat="45.219696" lon="141.217626"><ele>275.4</ele><time>2026-08-15T02:41:53Z</time></trkpt>
<trkpt lat="45.219705" lon="141.217296"><ele>273.4</ele><time>2026-08-15T02:42:17Z</time></trkpt>
<trkpt lat="45.219634" lon="141.217197"><ele>273.0</ele><time>2026-08-15T02:42:24Z</time></trkpt>
<trkpt lat="45.219629" lon="141.217107"><ele>274.2</ele><time>2026-08-15T02:42:31Z</time></trkpt>
<trkpt lat="45.219741" lon="141.216854"><ele>272.4</ele><time>2026-08-15T02:42:47Z</time></trkpt>
<trkpt lat="45.219845" lon="141.216388"><ele>266.4</ele><time>2026-08-15T02:43:11Z</time></trkpt>
<trkpt lat="45.219993" lon="141.216108"><ele>263.8</ele><time>2026-08-15T02:43:27Z</time></trkpt>
<trkpt lat="45.220155" lon="141.215634"><ele>259.0</ele><time>2026-08-15T02:43:52Z</time></trkpt>
<trkpt lat="45.220561" lon="141.215386"><ele>253.4</ele><time>2026-08-15T02:44:22Z</time></trkpt>
<trkpt lat="45.220825" lon="141.215126"><ele>250.8</ele><time>2026-08-15T02:44:42Z</time></trkpt>
<trkpt lat="45.221054" lon="141.214685"><ele>245.4</ele><time>2026-08-15T02:45:06Z</time></trkpt>
<trkpt lat="45.221349" lon="141.214412"><ele>239.0</ele><time>2026-08-15T02:45:33Z</time></trkpt>
<trkpt lat="45.221701" lon="141.213975"><ele>233.0</ele><time>2026-08-15T02:46:04Z</time></trkpt>
<trkpt lat="45.221862" lon="141.213701"><ele>229.6</ele><time>2026-08-15T02:46:23Z</time></trkpt>
<trkpt lat="45.222176" lon="141.213464"><ele>225.4</ele><time>2026-08-15T02:46:46Z</time></trkpt>
<trkpt lat="45.222337" lon="141.213217"><ele>222.2</ele><time>2026-08-15T02:47:07Z</time></trkpt>
<trkpt lat="45.222382" lon="141.213042"><ele>220.0</ele><time>2026-08-15T02:47:51Z</time></trkpt>
<trkpt lat="45.222487" lon="141.212861"><ele>217.4</ele><time>2026-08-15T02:48:07Z</time></trkpt>
<trkpt lat="45.222444" lon="141.212859"><ele>217.6</ele><time>2026-08-15T02:48:14Z</time></trkpt>
<trkpt lat="45.222509" lon="141.212958"><ele>217.4</ele><time>2026-08-15T02:48:32Z</time></trkpt>
<trkpt lat="45.222568" lon="141.212904"><ele>217.0</ele><time>2026-08-15T02:48:43Z</time></trkpt>
<trkpt lat="45.222527" lon="141.212819"><ele>216.0</ele><time>2026-08-15T02:48:50Z</time></trkpt>
<trkpt lat="45.222604" lon="141.212674"><ele>214.6</ele><time>2026-08-15T02:48:59Z</time></trkpt>
<trkpt lat="45.222814" lon="141.212469"><ele>211.4</ele><time>2026-08-15T02:49:21Z</time></trkpt>
<trkpt lat="45.222981" lon="141.212452"><ele>210.2</ele><time>2026-08-15T02:49:33Z</time></trkpt>
<trkpt lat="45.223171" lon="141.212517"><ele>208.4</ele><time>2026-08-15T02:49:48Z</time></trkpt>
<trkpt lat="45.223978" lon="141.213130"><ele>201.6</ele><time>2026-08-15T02:50:55Z</time></trkpt>
<trkpt lat="45.224084" lon="141.213139"><ele>200.0</ele><time>2026-08-15T02:51:06Z</time></trkpt>
<trkpt lat="45.224286" lon="141.213008"><ele>198.0</ele><time>2026-08-15T02:51:20Z</time></trkpt>
<trkpt lat="45.224351" lon="141.212910"><ele>196.4</ele><time>2026-08-15T02:51:29Z</time></trkpt>
<trkpt lat="45.224376" lon="141.212614"><ele>194.0</ele><time>2026-08-15T02:51:44Z</time></trkpt>
<trkpt lat="45.224749" lon="141.211586"><ele>186.0</ele><time>2026-08-15T02:52:44Z</time></trkpt>
<trkpt lat="45.224796" lon="141.211337"><ele>184.4</ele><time>2026-08-15T02:52:58Z</time></trkpt>
<trkpt lat="45.224892" lon="141.211193"><ele>183.4</ele><time>2026-08-15T02:53:08Z</time></trkpt>
<trkpt lat="45.225012" lon="141.211123"><ele>182.2</ele><time>2026-08-15T02:53:17Z</time></trkpt>
<trkpt lat="45.225134" lon="141.211196"><ele>181.2</ele><time>2026-08-15T02:53:26Z</time></trkpt>
<trkpt lat="45.225476" lon="141.211572"><ele>177.6</ele><time>2026-08-15T02:53:55Z</time></trkpt>
<trkpt lat="45.226433" lon="141.212778"><ele>169.0</ele><time>2026-08-15T02:55:34Z</time></trkpt>
<trkpt lat="45.226554" lon="141.212879"><ele>167.6</ele><time>2026-08-15T02:55:45Z</time></trkpt>
<trkpt lat="45.226760" lon="141.212747"><ele>164.8</ele><time>2026-08-15T02:56:04Z</time></trkpt>
<trkpt lat="45.226808" lon="141.212538"><ele>162.8</ele><time>2026-08-15T02:56:17Z</time></trkpt>
<trkpt lat="45.227061" lon="141.212162"><ele>158.4</ele><time>2026-08-15T02:56:44Z</time></trkpt>
<trkpt lat="45.227332" lon="141.211651"><ele>153.6</ele><time>2026-08-15T02:57:18Z</time></trkpt>
<trkpt lat="45.227530" lon="141.211470"><ele>150.8</ele><time>2026-08-15T02:57:39Z</time></trkpt>
<trkpt lat="45.228834" lon="141.211953"><ele>136.8</ele><time>2026-08-15T02:59:19Z</time></trkpt>
<trkpt lat="45.230158" lon="141.212090"><ele>124.0</ele><time>2026-08-15T03:01:04Z</time></trkpt>
<trkpt lat="45.230343" lon="141.212063"><ele>122.0</ele><time>2026-08-15T03:01:22Z</time></trkpt>
<trkpt lat="45.230740" lon="141.212140"><ele>118.0</ele><time>2026-08-15T03:01:55Z</time></trkpt>
<trkpt lat="45.231191" lon="141.212108"><ele>114.2</ele><time>2026-08-15T03:02:29Z</time></trkpt>
<trkpt lat="45.231718" lon="141.212199"><ele>109.8</ele><time>2026-08-15T03:03:09Z</time></trkpt>
<trkpt lat="45.231984" lon="141.212176"><ele>107.8</ele><time>2026-08-15T03:03:29Z</time></trkpt>
<trkpt lat="45.232475" lon="141.212240"><ele>103.8</ele><time>2026-08-15T03:04:08Z</time></trkpt>
<trkpt lat="45.232919" lon="141.212665"><ele>99.0</ele><time>2026-08-15T03:04:52Z</time></trkpt>
<trkpt lat="45.233638" lon="141.213202"><ele>92.8</ele><time>2026-08-15T03:05:53Z</time></trkpt>
<trkpt lat="45.234175" lon="141.213710"><ele>88.0</ele><time>2026-08-15T03:06:42Z</time></trkpt>
<trkpt lat="45.234318" lon="141.213785"><ele>87.0</ele><time>2026-08-15T03:06:52Z</time></trkpt>
<trkpt lat="45.234424" lon="141.213948"><ele>85.6</ele><time>2026-08-15T03:07:05Z</time></trkpt>
<trkpt lat="45.234594" lon="141.214045"><ele>84.8</ele><time>2026-08-15T03:07:18Z</time></trkpt>
<trkpt lat="45.234810" lon="141.214076"><ele>82.6</ele><time>2026-08-15T03:07:35Z</time></trkpt>
<trkpt lat="45.235292" lon="141.213994"><ele>78.6</ele><time>2026-08-15T03:08:11Z</time></trkpt>
<trkpt lat="45.235842" lon="141.214014"><ele>75.0</ele><time>2026-08-15T03:08:44Z</time></trkpt>
<trkpt lat="45.236243" lon="141.213937"><ele>72.2</ele><time>2026-08-15T03:09:13Z</time></trkpt>
<trkpt lat="45.236684" lon="141.213940"><ele>69.2</ele><time>2026-08-15T03:09:45Z</time></trkpt>
<trkpt lat="45.237452" lon="141.213858"><ele>63.8</ele><time>2026-08-15T03:10:41Z</time></trkpt>
<trkpt lat="45.237647" lon="141.213889"><ele>62.8</ele><time>2026-08-15T03:10:53Z</time></trkpt>
<trkpt lat="45.237953" lon="141.214091"><ele>60.8</ele><time>2026-08-15T03:11:16Z</time></trkpt>
<trkpt lat="45.238055" lon="141.214207"><ele>60.2</ele><time>2026-08-15T03:11:24Z</time></trkpt>
<trkpt lat="45.238575" lon="141.215108"><ele>53.0</ele><time>2026-08-15T03:12:23Z</time></trkpt>
<trkpt lat="45.238785" lon="141.215364"><ele>51.2</ele><time>2026-08-15T03:12:44Z</time></trkpt>
<trkpt lat="45.238849" lon="141.215565"><ele>50.0</ele><time>2026-08-15T03:12:54Z</time></trkpt>
<trkpt lat="45.239178" lon="141.216131"><ele>45.8</ele><time>2026-08-15T03:13:28Z</time></trkpt>
<trkpt lat="45.239144" lon="141.216248"><ele>44.8</ele><time>2026-08-15T03:13:35Z</time></trkpt>
<trkpt lat="45.239000" lon="141.216346"><ele>44.4</ele><time>2026-08-15T03:13:45Z</time></trkpt>
<trkpt lat="45.238903" lon="141.216489"><ele>45.0</ele><time>2026-08-15T03:13:53Z</time></trkpt>
<trkpt lat="45.238844" lon="141.216671"><ele>45.6</ele><time>2026-08-15T03:14:02Z</time></trkpt>
<trkpt lat="45.238771" lon="141.216766"><ele>46.6</ele><time>2026-08-15T03:14:10Z</time></trkpt></trkseg><trkseg>
<trkpt lat="45.242157" lon="141.226872"><ele>5.8</ele><time>2026-08-15T04:54:12Z</time></trkpt>
<trkpt lat="45.242142" lon="141.226895"><ele>5.8</ele><time>2026-08-15T04:54:19Z</time></trkpt>
<trkpt lat="45.242159" lon="141.226785"><ele>5.6</ele><time>2026-08-15T04:54:40Z</time></trkpt>
<trkpt lat="45.242218" lon="141.226775"><ele>5.6</ele><time>2026-08-15T04:54:42Z</time></trkpt>
<trkpt lat="45.243009" lon="141.226878"><ele>7.6</ele><time>2026-08-15T04:55:00Z</time></trkpt>
<trkpt lat="45.243134" lon="141.226858"><ele>7.4</ele><time>2026-08-15T04:55:03Z</time></trkpt>
<trkpt lat="45.243305" lon="141.226786"><ele>9.2</ele><time>2026-08-15T04:55:07Z</time></trkpt>
<trkpt lat="45.243516" lon="141.226634"><ele>10.6</ele><time>2026-08-15T04:55:13Z</time></trkpt>
<trkpt lat="45.243663" lon="141.226462"><ele>11.6</ele><time>2026-08-15T04:55:18Z</time></trkpt>
<trkpt lat="45.243773" lon="141.226263"><ele>12.6</ele><time>2026-08-15T04:55:23Z</time></trkpt>
<trkpt lat="45.243883" lon="141.225939"><ele>15.0</ele><time>2026-08-15T04:55:30Z</time></trkpt>
<trkpt lat="45.243915" lon="141.225744"><ele>16.0</ele><time>2026-08-15T04:55:34Z</time></trkpt>
<trkpt lat="45.243906" lon="141.225694"><ele>16.2</ele><time>2026-08-15T04:55:35Z</time></trkpt>
<trkpt lat="45.243719" lon="141.225246"><ele>18.6</ele><time>2026-08-15T04:55:47Z</time></trkpt>
<trkpt lat="45.243668" lon="141.225026"><ele>19.4</ele><time>2026-08-15T04:55:52Z</time></trkpt>
<trkpt lat="45.243652" lon="141.224853"><ele>20.6</ele><time>2026-08-15T04:55:56Z</time></trkpt>
<trkpt lat="45.243712" lon="141.224462"><ele>20.4</ele><time>2026-08-15T04:56:04Z</time></trkpt>
<trkpt lat="45.243778" lon="141.224217"><ele>19.8</ele><time>2026-08-15T04:56:08Z</time></trkpt>
<trkpt lat="45.243928" lon="141.223833"><ele>19.4</ele><time>2026-08-15T04:56:14Z</time></trkpt>
<trkpt lat="45.243928" lon="141.223766"><ele>19.2</ele><time>2026-08-15T04:56:15Z</time></trkpt>
<trkpt lat="45.243867" lon="141.223694"><ele>19.0</ele><time>2026-08-15T04:56:17Z</time></trkpt>
<trkpt lat="45.243047" lon="141.223213"><ele>24.4</ele><time>2026-08-15T04:56:40Z</time></trkpt>
<trkpt lat="45.242963" lon="141.223135"><ele>25.2</ele><time>2026-08-15T04:56:43Z</time></trkpt>
<trkpt lat="45.242956" lon="141.223089"><ele>25.2</ele><time>2026-08-15T04:56:44Z</time></trkpt>
<trkpt lat="45.243091" lon="141.222600"><ele>20.2</ele><time>2026-08-15T04:56:51Z</time></trkpt>
<trkpt lat="45.243374" lon="141.221773"><ele>17.0</ele><time>2026-08-15T04:57:03Z</time></trkpt>
<trkpt lat="45.243358" lon="141.221712"><ele>16.8</ele><time>2026-08-15T04:57:04Z</time></trkpt>
<trkpt lat="45.243131" lon="141.221576"><ele>16.4</ele><time>2026-08-15T04:57:11Z</time></trkpt>
<trkpt lat="45.243033" lon="141.221480"><ele>17.4</ele><time>2026-08-15T04:57:14Z</time></trkpt>
<trkpt lat="45.242174" lon="141.220947"><ele>20.6</ele><time>2026-08-15T04:57:35Z</time></trkpt>
<trkpt lat="45.241817" lon="141.220564"><ele>22.6</ele><time>2026-08-15T04:57:45Z</time></trkpt>
<trkpt lat="45.241280" lon="141.219724"><ele>26.6</ele><time>2026-08-15T04:58:06Z</time></trkpt>
<trkpt lat="45.240065" lon="141.217681"><ele>36.6</ele><time>2026-08-15T04:58:57Z</time></trkpt>
<trkpt lat="45.239651" lon="141.217053"><ele>40.6</ele><time>2026-08-15T04:59:16Z</time></trkpt>
<trkpt lat="45.239547" lon="141.216848"><ele>42.4</ele><time>2026-08-15T04:59:22Z</time></trkpt>
<trkpt lat="45.239532" lon="141.216809"><ele>42.6</ele><time>2026-08-15T04:59:23Z</time></trkpt>
<trkpt lat="45.239542" lon="141.216686"><ele>43.2</ele><time>2026-08-15T04:59:26Z</time></trkpt>
<trkpt lat="45.239642" lon="141.216513"><ele>44.0</ele><time>2026-08-15T04:59:31Z</time></trkpt>
<trkpt lat="45.239696" lon="141.216340"><ele>44.4</ele><time>2026-08-15T04:59:37Z</time></trkpt>
<trkpt lat="45.239778" lon="141.216350"><ele>44.6</ele><time>2026-08-15T04:59:41Z</time></trkpt>
<trkpt lat="45.239798" lon="141.216285"><ele>45.0</ele><time>2026-08-15T04:59:56Z</time></trkpt>
<trkpt lat="45.239742" lon="141.216320"><ele>45.0</ele><time>2026-08-15T05:03:22Z</time></trkpt>
<trkpt lat="45.239482" lon="141.216234"><ele>45.2</ele><time>2026-08-15T05:03:32Z</time></trkpt>
<trkpt lat="45.239344" lon="141.216376"><ele>45.8</ele><time>2026-08-15T05:03:38Z</time></trkpt>
<trkpt lat="45.239172" lon="141.216244"><ele>46.4</ele><time>2026-08-15T05:03:44Z</time></trkpt>
<trkpt lat="45.239111" lon="141.216272"><ele>47.2</ele><time>2026-08-15T05:03:46Z</time></trkpt>
<trkpt lat="45.239014" lon="141.216353"><ele>48.2</ele><time>2026-08-15T05:03:50Z</time></trkpt>
<trkpt lat="45.238831" lon="141.216638"><ele>49.8</ele><time>2026-08-15T05:03:59Z</time></trkpt>
<trkpt lat="45.238309" lon="141.217174"><ele>56.4</ele><time>2026-08-15T05:04:26Z</time></trkpt>
<trkpt lat="45.238288" lon="141.217275"><ele>56.2</ele><time>2026-08-15T05:04:33Z</time></trkpt>
<trkpt lat="45.238299" lon="141.217304"><ele>55.4</ele><time>2026-08-15T05:04:46Z</time></trkpt>
<trkpt lat="45.238276" lon="141.217306"><ele>55.4</ele><time>2026-08-15T05:04:59Z</time></trkpt>
<trkpt lat="45.238277" lon="141.217267"><ele>56.2</ele><time>2026-08-15T05:05:35Z</time></trkpt>
<trkpt lat="45.238278" lon="141.217287"><ele>56.2</ele><time>2026-08-15T05:05:41Z</time></trkpt>
<trkpt lat="45.238314" lon="141.217260"><ele>56.2</ele><time>2026-08-15T05:06:01Z</time></trkpt>
<trkpt lat="45.238296" lon="141.217239"><ele>56.0</ele><time>2026-08-15T05:06:04Z</time></trkpt>
<trkpt lat="45.238345" lon="141.217129"><ele>55.4</ele><time>2026-08-15T05:06:17Z</time></trkpt>
<trkpt lat="45.238352" lon="141.217146"><ele>55.2</ele><time>2026-08-15T05:06:21Z</time></trkpt>
<trkpt lat="45.238388" lon="141.217082"><ele>55.0</ele><time>2026-08-15T05:06:26Z</time></trkpt>
<trkpt lat="45.238485" lon="141.217010"><ele>54.2</ele><time>2026-08-15T05:06:29Z</time></trkpt>
<trkpt lat="45.238598" lon="141.216861"><ele>52.2</ele><time>2026-08-15T05:06:32Z</time></trkpt>
<trkpt lat="45.238812" lon="141.216657"><ele>49.6</ele><time>2026-08-15T05:06:37Z</time></trkpt>
<trkpt lat="45.238950" lon="141.216410"><ele>47.4</ele><time>2026-08-15T05:06:41Z</time></trkpt>
<trkpt lat="45.239025" lon="141.216328"><ele>47.0</ele><time>2026-08-15T05:06:43Z</time></trkpt>
<trkpt lat="45.239141" lon="141.216226"><ele>47.6</ele><time>2026-08-15T05:06:47Z</time></trkpt>
<trkpt lat="45.239245" lon="141.216281"><ele>47.8</ele><time>2026-08-15T05:06:50Z</time></trkpt>
<trkpt lat="45.241787" lon="141.220483"><ele>21.2</ele><time>2026-08-15T05:07:34Z</time></trkpt>
<trkpt lat="45.241933" lon="141.220661"><ele>19.4</ele><time>2026-08-15T05:07:36Z</time></trkpt>
<trkpt lat="45.242265" lon="141.220936"><ele>17.8</ele><time>2026-08-15T05:07:40Z</time></trkpt>
<trkpt lat="45.244157" lon="141.222175"><ele>13.6</ele><time>2026-08-15T05:08:13Z</time></trkpt>
<trkpt lat="45.244944" lon="141.222652"><ele>9.6</ele><time>2026-08-15T05:08:44Z</time></trkpt>
<trkpt lat="45.245213" lon="141.222840"><ele>8.8</ele><time>2026-08-15T05:08:49Z</time></trkpt>
<trkpt lat="45.245350" lon="141.222908"><ele>9.0</ele><time>2026-08-15T05:08:52Z</time></trkpt>
<trkpt lat="45.245388" lon="141.222881"><ele>9.4</ele><time>2026-08-15T05:08:53Z</time></trkpt>
<trkpt lat="45.245901" lon="141.221786"><ele>8.8</ele><time>2026-08-15T05:09:11Z</time></trkpt>
<trkpt lat="45.246003" lon="141.221610"><ele>9.0</ele><time>2026-08-15T05:09:14Z</time></trkpt>
<trkpt lat="45.246028" lon="141.221491"><ele>9.2</ele><time>2026-08-15T05:09:16Z</time></trkpt>
<trkpt lat="45.245964" lon="141.221379"><ele>10.6</ele><time>2026-08-15T05:09:19Z</time></trkpt>
<trkpt lat="45.246042" lon="141.221158"><ele>11.8</ele><time>2026-08-15T05:09:24Z</time></trkpt>
<trkpt lat="45.246039" lon="141.221108"><ele>11.8</ele><time>2026-08-15T05:09:25Z</time></trkpt>
<trkpt lat="45.246009" lon="141.221035"><ele>12.0</ele><time>2026-08-15T05:09:27Z</time></trkpt>
<trkpt lat="45.245987" lon="141.221035"><ele>12.0</ele><time>2026-08-15T05:09:28Z</time></trkpt>
<trkpt lat="45.245951" lon="141.221062"><ele>13.0</ele><time>2026-08-15T05:09:36Z</time></trkpt>
<trkpt lat="45.245929" lon="141.221167"><ele>13.0</ele><time>2026-08-15T05:09:45Z</time></trkpt>
<trkpt lat="45.245884" lon="141.221164"><ele>13.2</ele><time>2026-08-15T05:09:55Z</time></trkpt>
<trkpt lat="45.245869" lon="141.221204"><ele>13.0</ele><time>2026-08-15T05:10:02Z</time></trkpt>
<trkpt lat="45.245968" lon="141.221171"><ele>13.2</ele><time>2026-08-15T05:12:29Z</time></trkpt>
<trkpt lat="45.245954" lon="141.221125"><ele>13.2</ele><time>2026-08-15T05:12:34Z</time></trkpt>
<trkpt lat="45.245985" lon="141.221095"><ele>13.2</ele><time>2026-08-15T05:12:38Z</time></trkpt>
<trkpt lat="45.246000" lon="141.221125"><ele>13.2</ele><time>2026-08-15T05:12:47Z</time></trkpt>
<trkpt lat="45.246012" lon="141.221114"><ele>13.4</ele><time>2026-08-15T05:12:53Z</time></trkpt>
<trkpt lat="45.245941" lon="141.221063"><ele>13.2</ele><time>2026-08-15T05:13:20Z</time></trkpt>
<trkpt lat="45.245964" lon="141.221029"><ele>13.2</ele><time>2026-08-15T05:13:39Z</time></trkpt>
<trkpt lat="45.246117" lon="141.221155"><ele>12.8</ele><time>2026-08-15T05:13:51Z</time></trkpt>
<trkpt lat="45.246174" lon="141.221136"><ele>12.6</ele><time>2026-08-15T05:13:54Z</time></trkpt>
<trkpt lat="45.246908" lon="141.219436"><ele>13.2</ele><time>2026-08-15T05:14:25Z</time></trkpt>
<trkpt lat="45.247260" lon="141.218689"><ele>14.2</ele><time>2026-08-15T05:14:38Z</time></trkpt>
<trkpt lat="45.247428" lon="141.218258"><ele>15.0</ele><time>2026-08-15T05:14:45Z</time></trkpt>
<trkpt lat="45.247936" lon="141.217096"><ele>17.8</ele><time>2026-08-15T05:15:06Z</time></trkpt>
<trkpt lat="45.248188" lon="141.216410"><ele>20.6</ele><time>2026-08-15T05:15:18Z</time></trkpt>
<trkpt lat="45.248540" lon="141.215642"><ele>21.2</ele><time>2026-08-15T05:15:31Z</time></trkpt>
<trkpt lat="45.249308" lon="141.213814"><ele>14.6</ele><time>2026-08-15T05:15:57Z</time></trkpt>
<trkpt lat="45.250041" lon="141.212144"><ele>14.2</ele><time>2026-08-15T05:16:22Z</time></trkpt>
<trkpt lat="45.250339" lon="141.211400"><ele>16.8</ele><time>2026-08-15T05:16:34Z</time></trkpt>
<trkpt lat="45.251623" lon="141.208386"><ele>16.8</ele><time>2026-08-15T05:17:21Z</time></trkpt>
<trkpt lat="45.251810" lon="141.207919"><ele>17.2</ele><time>2026-08-15T05:17:28Z</time></trkpt>
<trkpt lat="45.252787" lon="141.205210"><ele>16.8</ele><time>2026-08-15T05:18:07Z</time></trkpt>
<trkpt lat="45.252896" lon="141.204770"><ele>16.0</ele><time>2026-08-15T05:18:13Z</time></trkpt>
<trkpt lat="45.252980" lon="141.204212"><ele>16.2</ele><time>2026-08-15T05:18:20Z</time></trkpt>
<trkpt lat="45.253001" lon="141.203475"><ele>19.2</ele><time>2026-08-15T05:18:29Z</time></trkpt>
<trkpt lat="45.252812" lon="141.200281"><ele>17.0</ele><time>2026-08-15T05:19:08Z</time></trkpt>
<trkpt lat="45.252694" lon="141.197879"><ele>13.2</ele><time>2026-08-15T05:19:38Z</time></trkpt>
<trkpt lat="45.252644" lon="141.197260"><ele>12.2</ele><time>2026-08-15T05:19:46Z</time></trkpt>
<trkpt lat="45.252573" lon="141.196683"><ele>12.0</ele><time>2026-08-15T05:19:54Z</time></trkpt>
<trkpt lat="45.252507" lon="141.196253"><ele>13.0</ele><time>2026-08-15T05:20:00Z</time></trkpt>
<trkpt lat="45.252379" lon="141.195670"><ele>13.8</ele><time>2026-08-15T05:20:08Z</time></trkpt>
<trkpt lat="45.252211" lon="141.195021"><ele>14.2</ele><time>2026-08-15T05:20:17Z</time></trkpt>
<trkpt lat="45.251660" lon="141.193316"><ele>15.2</ele><time>2026-08-15T05:20:41Z</time></trkpt>
<trkpt lat="45.251548" lon="141.192902"><ele>16.0</ele><time>2026-08-15T05:20:47Z</time></trkpt>
<trkpt lat="45.251209" lon="141.190939"><ele>11.0</ele><time>2026-08-15T05:21:10Z</time></trkpt>
<trkpt lat="45.251173" lon="141.190761"><ele>11.2</ele><time>2026-08-15T05:21:12Z</time></trkpt>
<trkpt lat="45.251047" lon="141.190351"><ele>10.6</ele><time>2026-08-15T05:21:17Z</time></trkpt>
<trkpt lat="45.250942" lon="141.190135"><ele>10.4</ele><time>2026-08-15T05:21:20Z</time></trkpt>
<trkpt lat="45.250231" lon="141.188889"><ele>11.4</ele><time>2026-08-15T05:21:39Z</time></trkpt>
<trkpt lat="45.250012" lon="141.188420"><ele>12.2</ele><time>2026-08-15T05:21:46Z</time></trkpt>
<trkpt lat="45.249482" lon="141.186743"><ele>14.0</ele><time>2026-08-15T05:22:08Z</time></trkpt>
<trkpt lat="45.249103" lon="141.185799"><ele>13.2</ele><time>2026-08-15T05:22:22Z</time></trkpt>
<trkpt lat="45.248838" lon="141.185185"><ele>14.4</ele><time>2026-08-15T05:22:31Z</time></trkpt>
<trkpt lat="45.248673" lon="141.184860"><ele>13.2</ele><time>2026-08-15T05:22:36Z</time></trkpt>
<trkpt lat="45.248527" lon="141.184643"><ele>13.0</ele><time>2026-08-15T05:22:40Z</time></trkpt>
<trkpt lat="45.247915" lon="141.183891"><ele>14.8</ele><time>2026-08-15T05:22:58Z</time></trkpt>
<trkpt lat="45.247496" lon="141.183321"><ele>14.2</ele><time>2026-08-15T05:23:30Z</time></trkpt>
<trkpt lat="45.243183" lon="141.177715"><ele>11.6</ele><time>2026-08-15T05:25:07Z</time></trkpt>
<trkpt lat="45.242827" lon="141.177114"><ele>10.0</ele><time>2026-08-15T05:25:16Z</time></trkpt>
<trkpt lat="45.241982" lon="141.175527"><ele>7.4</ele><time>2026-08-15T05:25:39Z</time></trkpt>
<trkpt lat="45.241613" lon="141.175002"><ele>8.6</ele><time>2026-08-15T05:25:48Z</time></trkpt>
<trkpt lat="45.241337" lon="141.174707"><ele>9.4</ele><time>2026-08-15T05:25:54Z</time></trkpt>
<trkpt lat="45.240946" lon="141.174401"><ele>10.8</ele><time>2026-08-15T05:26:02Z</time></trkpt>
<trkpt lat="45.240585" lon="141.174221"><ele>10.4</ele><time>2026-08-15T05:26:09Z</time></trkpt>
<trkpt lat="45.239624" lon="141.173861"><ele>10.2</ele><time>2026-08-15T05:26:26Z</time></trkpt>
<trkpt lat="45.239298" lon="141.173695"><ele>10.6</ele><time>2026-08-15T05:26:32Z</time></trkpt>
<trkpt lat="45.238940" lon="141.173418"><ele>10.8</ele><time>2026-08-15T05:26:39Z</time></trkpt>
<trkpt lat="45.238754" lon="141.173226"><ele>10.8</ele><time>2026-08-15T05:26:43Z</time></trkpt>
<trkpt lat="45.238590" lon="141.173013"><ele>10.6</ele><time>2026-08-15T05:26:47Z</time></trkpt>
<trkpt lat="45.238303" lon="141.172534"><ele>11.2</ele><time>2026-08-15T05:26:55Z</time></trkpt>
<trkpt lat="45.238149" lon="141.172124"><ele>11.0</ele><time>2026-08-15T05:27:01Z</time></trkpt>
<trkpt lat="45.237340" lon="141.169603"><ele>20.2</ele><time>2026-08-15T05:27:46Z</time></trkpt>
<trkpt lat="45.236886" lon="141.168065"><ele>16.6</ele><time>2026-08-15T05:28:07Z</time></trkpt>
<trkpt lat="45.236745" lon="141.167661"><ele>15.6</ele><time>2026-08-15T05:28:12Z</time></trkpt>
<trkpt lat="45.236503" lon="141.167186"><ele>15.2</ele><time>2026-08-15T05:28:19Z</time></trkpt>
<trkpt lat="45.233021" lon="141.162510"><ele>27.8</ele><time>2026-08-15T05:30:26Z</time></trkpt>
<trkpt lat="45.232652" lon="141.162054"><ele>25.0</ele><time>2026-08-15T05:30:38Z</time></trkpt>
<trkpt lat="45.231499" lon="141.160523"><ele>25.6</ele><time>2026-08-15T05:31:07Z</time></trkpt>
<trkpt lat="45.229079" lon="141.157621"><ele>20.4</ele><time>2026-08-15T05:31:57Z</time></trkpt>
<trkpt lat="45.227577" lon="141.155892"><ele>23.4</ele><time>2026-08-15T05:32:29Z</time></trkpt>
<trkpt lat="45.225238" lon="141.153119"><ele>18.4</ele><time>2026-08-15T05:33:19Z</time></trkpt>
<trkpt lat="45.224719" lon="141.152398"><ele>18.0</ele><time>2026-08-15T05:33:31Z</time></trkpt>
<trkpt lat="45.223465" lon="141.150515"><ele>16.4</ele><time>2026-08-15T05:34:01Z</time></trkpt>
<trkpt lat="45.223243" lon="141.149968"><ele>15.4</ele><time>2026-08-15T05:34:08Z</time></trkpt>
<trkpt lat="45.223113" lon="141.149451"><ele>14.6</ele><time>2026-08-15T05:34:14Z</time></trkpt>
<trkpt lat="45.223068" lon="141.149086"><ele>14.4</ele><time>2026-08-15T05:34:18Z</time></trkpt>
<trkpt lat="45.223052" lon="141.148802"><ele>14.0</ele><time>2026-08-15T05:34:21Z</time></trkpt>
<trkpt lat="45.223064" lon="141.148505"><ele>13.6</ele><time>2026-08-15T05:34:24Z</time></trkpt>
<trkpt lat="45.223187" lon="141.147128"><ele>11.0</ele><time>2026-08-15T05:34:38Z</time></trkpt>
<trkpt lat="45.223188" lon="141.146675"><ele>11.4</ele><time>2026-08-15T05:34:43Z</time></trkpt>
<trkpt lat="45.223140" lon="141.146148"><ele>12.6</ele><time>2026-08-15T05:34:49Z</time></trkpt>
<trkpt lat="45.222965" lon="141.144763"><ele>11.4</ele><time>2026-08-15T05:35:05Z</time></trkpt>
<trkpt lat="45.222859" lon="141.144088"><ele>10.8</ele><time>2026-08-15T05:35:13Z</time></trkpt>
<trkpt lat="45.222767" lon="141.143653"><ele>9.8</ele><time>2026-08-15T05:35:18Z</time></trkpt>
<trkpt lat="45.222700" lon="141.143408"><ele>9.0</ele><time>2026-08-15T05:35:21Z</time></trkpt>
<trkpt lat="45.222495" lon="141.142941"><ele>7.4</ele><time>2026-08-15T05:35:27Z</time></trkpt>
<trkpt lat="45.222213" lon="141.142527"><ele>6.6</ele><time>2026-08-15T05:35:33Z</time></trkpt>
<trkpt lat="45.222109" lon="141.142409"><ele>6.2</ele><time>2026-08-15T05:35:35Z</time></trkpt>
<trkpt lat="45.220011" lon="141.140508"><ele>8.4</ele><time>2026-08-15T05:36:15Z</time></trkpt>
<trkpt lat="45.219549" lon="141.140190"><ele>6.4</ele><time>2026-08-15T05:36:24Z</time></trkpt>
<trkpt lat="45.218346" lon="141.139606"><ele>8.0</ele><time>2026-08-15T05:36:46Z</time></trkpt>
<trkpt lat="45.217978" lon="141.139378"><ele>8.0</ele><time>2026-08-15T05:36:53Z</time></trkpt>
<trkpt lat="45.217717" lon="141.139185"><ele>8.8</ele><time>2026-08-15T05:36:58Z</time></trkpt>
<trkpt lat="45.217294" lon="141.138813"><ele>8.6</ele><time>2026-08-15T05:37:07Z</time></trkpt>
<trkpt lat="45.215337" lon="141.137023"><ele>9.6</ele><time>2026-08-15T05:37:49Z</time></trkpt>
<trkpt lat="45.215178" lon="141.136926"><ele>9.6</ele><time>2026-08-15T05:37:52Z</time></trkpt>
<trkpt lat="45.214755" lon="141.136743"><ele>10.6</ele><time>2026-08-15T05:38:00Z</time></trkpt>
<trkpt lat="45.214452" lon="141.136678"><ele>12.4</ele><time>2026-08-15T05:38:06Z</time></trkpt>
<trkpt lat="45.214162" lon="141.136654"><ele>13.4</ele><time>2026-08-15T05:38:12Z</time></trkpt>
<trkpt lat="45.213728" lon="141.136717"><ele>14.2</ele><time>2026-08-15T05:38:21Z</time></trkpt>
<trkpt lat="45.209076" lon="141.138101"><ele>11.2</ele><time>2026-08-15T05:39:43Z</time></trkpt>
<trkpt lat="45.207933" lon="141.138482"><ele>14.8</ele><time>2026-08-15T05:40:03Z</time></trkpt>
<trkpt lat="45.207235" lon="141.138759"><ele>14.4</ele><time>2026-08-15T05:40:15Z</time></trkpt>
<trkpt lat="45.206720" lon="141.139004"><ele>11.8</ele><time>2026-08-15T05:40:23Z</time></trkpt>
<trkpt lat="45.204995" lon="141.139962"><ele>6.8</ele><time>2026-08-15T05:40:49Z</time></trkpt>
<trkpt lat="45.204167" lon="141.140487"><ele>10.6</ele><time>2026-08-15T05:41:05Z</time></trkpt>
<trkpt lat="45.202888" lon="141.141390"><ele>11.8</ele><time>2026-08-15T05:41:31Z</time></trkpt>
<trkpt lat="45.201520" lon="141.142303"><ele>9.0</ele><time>2026-08-15T05:41:56Z</time></trkpt>
<trkpt lat="45.201128" lon="141.142491"><ele>7.8</ele><time>2026-08-15T05:42:02Z</time></trkpt>
<trkpt lat="45.200433" lon="141.142707"><ele>6.8</ele><time>2026-08-15T05:42:12Z</time></trkpt>
<trkpt lat="45.198619" lon="141.143080"><ele>6.6</ele><time>2026-08-15T05:42:41Z</time></trkpt>
<trkpt lat="45.197680" lon="141.143166"><ele>7.6</ele><time>2026-08-15T05:42:57Z</time></trkpt>
<trkpt lat="45.195734" lon="141.143211"><ele>6.4</ele><time>2026-08-15T05:43:29Z</time></trkpt>
<trkpt lat="45.194768" lon="141.143325"><ele>9.2</ele><time>2026-08-15T05:43:47Z</time></trkpt>
<trkpt lat="45.194377" lon="141.143311"><ele>9.4</ele><time>2026-08-15T05:43:54Z</time></trkpt>
<trkpt lat="45.193914" lon="141.143208"><ele>8.6</ele><time>2026-08-15T05:44:02Z</time></trkpt>
<trkpt lat="45.192822" lon="141.142858"><ele>8.6</ele><time>2026-08-15T05:44:21Z</time></trkpt>
<trkpt lat="45.192253" lon="141.142722"><ele>10.4</ele><time>2026-08-15T05:44:32Z</time></trkpt>
<trkpt lat="45.191948" lon="141.142697"><ele>11.2</ele><time>2026-08-15T05:44:38Z</time></trkpt>
<trkpt lat="45.190893" lon="141.142708"><ele>12.0</ele><time>2026-08-15T05:44:58Z</time></trkpt>
<trkpt lat="45.190651" lon="141.142664"><ele>12.8</ele><time>2026-08-15T05:45:03Z</time></trkpt>
<trkpt lat="45.190329" lon="141.142554"><ele>14.4</ele><time>2026-08-15T05:45:10Z</time></trkpt>
<trkpt lat="45.190007" lon="141.142345"><ele>15.2</ele><time>2026-08-15T05:45:17Z</time></trkpt>
<trkpt lat="45.188839" lon="141.141387"><ele>11.6</ele><time>2026-08-15T05:45:40Z</time></trkpt>
<trkpt lat="45.188466" lon="141.141026"><ele>11.0</ele><time>2026-08-15T05:45:47Z</time></trkpt>
<trkpt lat="45.188095" lon="141.140498"><ele>10.8</ele><time>2026-08-15T05:45:55Z</time></trkpt>
<trkpt lat="45.187539" lon="141.139476"><ele>9.0</ele><time>2026-08-15T05:46:10Z</time></trkpt>
<trkpt lat="45.187272" lon="141.139069"><ele>11.6</ele><time>2026-08-15T05:46:18Z</time></trkpt>
<trkpt lat="45.186939" lon="141.138639"><ele>13.0</ele><time>2026-08-15T05:46:27Z</time></trkpt>
<trkpt lat="45.186715" lon="141.138282"><ele>12.6</ele><time>2026-08-15T05:46:33Z</time></trkpt>
<trkpt lat="45.186289" lon="141.137442"><ele>11.8</ele><time>2026-08-15T05:46:50Z</time></trkpt>
<trkpt lat="45.186306" lon="141.137448"><ele>11.6</ele><time>2026-08-15T05:47:12Z</time></trkpt>
<trkpt lat="45.186291" lon="141.137395"><ele>11.4</ele><time>2026-08-15T05:47:25Z</time></trkpt>
<trkpt lat="45.186297" lon="141.137424"><ele>11.8</ele><time>2026-08-15T05:47:31Z</time></trkpt>
<trkpt lat="45.186230" lon="141.137341"><ele>10.8</ele><time>2026-08-15T05:47:38Z</time></trkpt>
<trkpt lat="45.186087" lon="141.137320"><ele>9.8</ele><time>2026-08-15T05:47:41Z</time></trkpt>
<trkpt lat="45.185113" lon="141.138008"><ele>9.8</ele><time>2026-08-15T05:48:02Z</time></trkpt>
<trkpt lat="45.184576" lon="141.138357"><ele>8.8</ele><time>2026-08-15T05:48:13Z</time></trkpt>
<trkpt lat="45.184106" lon="141.138725"><ele>9.8</ele><time>2026-08-15T05:48:24Z</time></trkpt>
<trkpt lat="45.184043" lon="141.138681"><ele>10.2</ele><time>2026-08-15T05:48:27Z</time></trkpt>
<trkpt lat="45.184034" lon="141.138634"><ele>10.8</ele><time>2026-08-15T05:48:34Z</time></trkpt>
<trkpt lat="45.184081" lon="141.138600"><ele>10.8</ele><time>2026-08-15T05:48:42Z</time></trkpt>
<trkpt lat="45.184023" lon="141.138523"><ele>11.0</ele><time>2026-08-15T05:48:56Z</time></trkpt>
<trkpt lat="45.184058" lon="141.138584"><ele>10.8</ele><time>2026-08-15T05:49:13Z</time></trkpt>
<trkpt lat="45.184037" lon="141.138582"><ele>10.8</ele><time>2026-08-15T05:49:18Z</time></trkpt>
<trkpt lat="45.184078" lon="141.138560"><ele>10.8</ele><time>2026-08-15T05:49:25Z</time></trkpt>
<trkpt lat="45.184087" lon="141.138523"><ele>10.8</ele><time>2026-08-15T05:49:34Z</time></trkpt>
<trkpt lat="45.183952" lon="141.138471"><ele>10.8</ele><time>2026-08-15T05:50:02Z</time></trkpt>
<trkpt lat="45.184118" lon="141.138608"><ele>10.8</ele><time>2026-08-15T05:50:17Z</time></trkpt>
<trkpt lat="45.184013" lon="141.138683"><ele>10.8</ele><time>2026-08-15T05:50:36Z</time></trkpt>
<trkpt lat="45.184028" lon="141.138707"><ele>10.4</ele><time>2026-08-15T05:50:49Z</time></trkpt>
<trkpt lat="45.184024" lon="141.138680"><ele>10.4</ele><time>2026-08-15T05:51:05Z</time></trkpt>
<trkpt lat="45.184100" lon="141.138646"><ele>10.2</ele><time>2026-08-15T05:51:27Z</time></trkpt>
<trkpt lat="45.184107" lon="141.138674"><ele>11.0</ele><time>2026-08-15T05:51:39Z</time></trkpt>
<trkpt lat="45.184082" lon="141.138695"><ele>11.0</ele><time>2026-08-15T05:51:45Z</time></trkpt>
<trkpt lat="45.184100" lon="141.138717"><ele>11.0</ele><time>2026-08-15T05:51:54Z</time></trkpt>
<trkpt lat="45.183986" lon="141.138812"><ele>10.8</ele><time>2026-08-15T05:52:07Z</time></trkpt>
<trkpt lat="45.183976" lon="141.138794"><ele>10.6</ele><time>2026-08-15T05:52:31Z</time></trkpt>
<trkpt lat="45.183895" lon="141.139020"><ele>10.2</ele><time>2026-08-15T05:52:37Z</time></trkpt>
<trkpt lat="45.183284" lon="141.140037"><ele>11.8</ele><time>2026-08-15T05:52:56Z</time></trkpt>
<trkpt lat="45.183045" lon="141.140398"><ele>13.0</ele><time>2026-08-15T05:53:03Z</time></trkpt>
<trkpt lat="45.182891" lon="141.140583"><ele>13.0</ele><time>2026-08-15T05:53:07Z</time></trkpt>
<trkpt lat="45.182654" lon="141.140783"><ele>12.8</ele><time>2026-08-15T05:53:12Z</time></trkpt>
<trkpt lat="45.182372" lon="141.140906"><ele>11.8</ele><time>2026-08-15T05:53:17Z</time></trkpt>
<trkpt lat="45.181454" lon="141.141066"><ele>14.2</ele><time>2026-08-15T05:53:36Z</time></trkpt>
<trkpt lat="45.181064" lon="141.141071"><ele>16.4</ele><time>2026-08-15T05:53:45Z</time></trkpt>
<trkpt lat="45.180842" lon="141.141039"><ele>17.4</ele><time>2026-08-15T05:53:50Z</time></trkpt>
<trkpt lat="45.180277" lon="141.140827"><ele>21.0</ele><time>2026-08-15T05:54:04Z</time></trkpt>
<trkpt lat="45.179135" lon="141.140211"><ele>23.0</ele><time>2026-08-15T05:54:31Z</time></trkpt>
<trkpt lat="45.177877" lon="141.139584"><ele>19.4</ele><time>2026-08-15T05:54:55Z</time></trkpt>
<trkpt lat="45.177498" lon="141.139474"><ele>17.4</ele><time>2026-08-15T05:55:01Z</time></trkpt>
<trkpt lat="45.175779" lon="141.139526"><ele>18.0</ele><time>2026-08-15T05:55:26Z</time></trkpt>
<trkpt lat="45.175355" lon="141.139600"><ele>17.6</ele><time>2026-08-15T05:55:32Z</time></trkpt>
<trkpt lat="45.174883" lon="141.139785"><ele>17.0</ele><time>2026-08-15T05:55:39Z</time></trkpt>
<trkpt lat="45.173471" lon="141.140464"><ele>15.8</ele><time>2026-08-15T05:56:03Z</time></trkpt>
<trkpt lat="45.172164" lon="141.140911"><ele>22.2</ele><time>2026-08-15T05:56:31Z</time></trkpt>
<trkpt lat="45.170234" lon="141.141931"><ele>25.8</ele><time>2026-08-15T05:57:12Z</time></trkpt>
<trkpt lat="45.166723" lon="141.143437"><ele>23.6</ele><time>2026-08-15T05:58:17Z</time></trkpt>
<trkpt lat="45.165797" lon="141.143860"><ele>26.4</ele><time>2026-08-15T05:58:33Z</time></trkpt>
<trkpt lat="45.162642" lon="141.145186"><ele>25.0</ele><time>2026-08-15T05:59:26Z</time></trkpt>
<trkpt lat="45.162066" lon="141.145491"><ele>25.6</ele><time>2026-08-15T05:59:36Z</time></trkpt>
<trkpt lat="45.161445" lon="141.145859"><ele>25.6</ele><time>2026-08-15T05:59:47Z</time></trkpt>
<trkpt lat="45.160542" lon="141.146308"><ele>24.6</ele><time>2026-08-15T06:00:03Z</time></trkpt>
<trkpt lat="45.160391" lon="141.146419"><ele>24.4</ele><time>2026-08-15T06:00:06Z</time></trkpt>
<trkpt lat="45.160249" lon="141.146574"><ele>23.8</ele><time>2026-08-15T06:00:09Z</time></trkpt>
<trkpt lat="45.160090" lon="141.146870"><ele>22.0</ele><time>2026-08-15T06:00:13Z</time></trkpt>
<trkpt lat="45.159993" lon="141.147260"><ele>19.4</ele><time>2026-08-15T06:00:17Z</time></trkpt>
<trkpt lat="45.159798" lon="141.148613"><ele>13.2</ele><time>2026-08-15T06:00:28Z</time></trkpt>
<trkpt lat="45.159724" lon="141.148850"><ele>12.0</ele><time>2026-08-15T06:00:30Z</time></trkpt>
<trkpt lat="45.159556" lon="141.149138"><ele>11.0</ele><time>2026-08-15T06:00:33Z</time></trkpt>
<trkpt lat="45.159340" lon="141.149340"><ele>10.8</ele><time>2026-08-15T06:00:36Z</time></trkpt>
<trkpt lat="45.158351" lon="141.150075"><ele>10.4</ele><time>2026-08-15T06:00:50Z</time></trkpt>
<trkpt lat="45.157989" lon="141.150401"><ele>10.6</ele><time>2026-08-15T06:00:56Z</time></trkpt>
<trkpt lat="45.157681" lon="141.150791"><ele>10.8</ele><time>2026-08-15T06:01:02Z</time></trkpt>
<trkpt lat="45.157174" lon="141.151618"><ele>10.6</ele><time>2026-08-15T06:01:13Z</time></trkpt>
<trkpt lat="45.157012" lon="141.151803"><ele>12.2</ele><time>2026-08-15T06:01:16Z</time></trkpt>
<trkpt lat="45.156716" lon="141.152047"><ele>11.6</ele><time>2026-08-15T06:01:21Z</time></trkpt>
<trkpt lat="45.156528" lon="141.152167"><ele>11.0</ele><time>2026-08-15T06:01:24Z</time></trkpt>
<trkpt lat="45.156391" lon="141.152222"><ele>11.2</ele><time>2026-08-15T06:01:26Z</time></trkpt>
<trkpt lat="45.155184" lon="141.152477"><ele>9.8</ele><time>2026-08-15T06:01:44Z</time></trkpt>
<trkpt lat="45.154787" lon="141.152536"><ele>10.2</ele><time>2026-08-15T06:01:50Z</time></trkpt>
<trkpt lat="45.154379" lon="141.152519"><ele>10.8</ele><time>2026-08-15T06:01:56Z</time></trkpt>
<trkpt lat="45.153116" lon="141.152052"><ele>9.2</ele><time>2026-08-15T06:02:16Z</time></trkpt>
<trkpt lat="45.152806" lon="141.152094"><ele>9.8</ele><time>2026-08-15T06:02:21Z</time></trkpt>
<trkpt lat="45.152529" lon="141.152265"><ele>10.2</ele><time>2026-08-15T06:02:26Z</time></trkpt>
<trkpt lat="45.152338" lon="141.152484"><ele>10.8</ele><time>2026-08-15T06:02:30Z</time></trkpt>
<trkpt lat="45.151987" lon="141.152991"><ele>11.8</ele><time>2026-08-15T06:02:38Z</time></trkpt>
<trkpt lat="45.151744" lon="141.153288"><ele>12.4</ele><time>2026-08-15T06:02:43Z</time></trkpt>
<trkpt lat="45.150712" lon="141.154206"><ele>12.2</ele><time>2026-08-15T06:03:02Z</time></trkpt>
<trkpt lat="45.150363" lon="141.154596"><ele>11.4</ele><time>2026-08-15T06:03:09Z</time></trkpt>
<trkpt lat="45.149844" lon="141.155257"><ele>11.0</ele><time>2026-08-15T06:03:20Z</time></trkpt>
<trkpt lat="45.149109" lon="141.156513"><ele>9.0</ele><time>2026-08-15T06:03:38Z</time></trkpt>
<trkpt lat="45.148814" lon="141.157106"><ele>9.4</ele><time>2026-08-15T06:03:46Z</time></trkpt>
<trkpt lat="45.148589" lon="141.157729"><ele>9.8</ele><time>2026-08-15T06:03:54Z</time></trkpt>
<trkpt lat="45.147963" lon="141.159915"><ele>11.8</ele><time>2026-08-15T06:04:40Z</time></trkpt>
<trkpt lat="45.147780" lon="141.160364"><ele>12.4</ele><time>2026-08-15T06:04:47Z</time></trkpt>
<trkpt lat="45.147500" lon="141.160867"><ele>12.4</ele><time>2026-08-15T06:04:55Z</time></trkpt>
<trkpt lat="45.147166" lon="141.161343"><ele>13.4</ele><time>2026-08-15T06:05:03Z</time></trkpt>
<trkpt lat="45.146874" lon="141.161735"><ele>13.0</ele><time>2026-08-15T06:05:10Z</time></trkpt>
<trkpt lat="45.146536" lon="141.162068"><ele>13.4</ele><time>2026-08-15T06:05:17Z</time></trkpt>
<trkpt lat="45.145645" lon="141.162564"><ele>12.2</ele><time>2026-08-15T06:05:33Z</time></trkpt>
<trkpt lat="45.145235" lon="141.162863"><ele>12.0</ele><time>2026-08-15T06:05:40Z</time></trkpt>
<trkpt lat="45.144861" lon="141.163175"><ele>11.8</ele><time>2026-08-15T06:05:47Z</time></trkpt>
<trkpt lat="45.144202" lon="141.163831"><ele>11.8</ele><time>2026-08-15T06:06:00Z</time></trkpt>
<trkpt lat="45.143891" lon="141.164106"><ele>12.2</ele><time>2026-08-15T06:06:06Z</time></trkpt>
<trkpt lat="45.143616" lon="141.164288"><ele>13.0</ele><time>2026-08-15T06:06:11Z</time></trkpt>
<trkpt lat="45.143168" lon="141.164474"><ele>14.2</ele><time>2026-08-15T06:06:19Z</time></trkpt>
<trkpt lat="45.142407" lon="141.164616"><ele>15.2</ele><time>2026-08-15T06:06:33Z</time></trkpt>
<trkpt lat="45.142009" lon="141.164720"><ele>15.6</ele><time>2026-08-15T06:06:40Z</time></trkpt>
<trkpt lat="45.141267" lon="141.165067"><ele>14.0</ele><time>2026-08-15T06:06:53Z</time></trkpt>
<trkpt lat="45.141199" lon="141.165078"><ele>14.4</ele><time>2026-08-15T06:06:55Z</time></trkpt>
<trkpt lat="45.141175" lon="141.165051"><ele>14.6</ele><time>2026-08-15T06:06:56Z</time></trkpt>
<trkpt lat="45.141182" lon="141.165004"><ele>14.6</ele><time>2026-08-15T06:07:00Z</time></trkpt>
<trkpt lat="45.141210" lon="141.165023"><ele>14.4</ele><time>2026-08-15T06:07:17Z</time></trkpt>
<trkpt lat="45.141225" lon="141.165091"><ele>14.2</ele><time>2026-08-15T06:07:21Z</time></trkpt>
<trkpt lat="45.141064" lon="141.165194"><ele>14.0</ele><time>2026-08-15T06:07:26Z</time></trkpt>
<trkpt lat="45.140554" lon="141.165374"><ele>14.2</ele><time>2026-08-15T06:07:36Z</time></trkpt>
<trkpt lat="45.140307" lon="141.165397"><ele>12.8</ele><time>2026-08-15T06:07:41Z</time></trkpt>
<trkpt lat="45.139495" lon="141.165368"><ele>16.0</ele><time>2026-08-15T06:07:58Z</time></trkpt>
<trkpt lat="45.139184" lon="141.165413"><ele>18.4</ele><time>2026-08-15T06:08:06Z</time></trkpt>
<trkpt lat="45.138905" lon="141.165507"><ele>19.6</ele><time>2026-08-15T06:08:13Z</time></trkpt>
<trkpt lat="45.138570" lon="141.165700"><ele>22.0</ele><time>2026-08-15T06:08:22Z</time></trkpt>
<trkpt lat="45.137381" lon="141.166810"><ele>19.4</ele><time>2026-08-15T06:08:50Z</time></trkpt>
<trkpt lat="45.137154" lon="141.167130"><ele>16.4</ele><time>2026-08-15T06:08:54Z</time></trkpt>
<trkpt lat="45.136857" lon="141.167731"><ele>13.4</ele><time>2026-08-15T06:09:00Z</time></trkpt>
<trkpt lat="45.136616" lon="141.168093"><ele>11.6</ele><time>2026-08-15T06:09:04Z</time></trkpt>
<trkpt lat="45.135916" lon="141.168876"><ele>11.4</ele><time>2026-08-15T06:09:15Z</time></trkpt>
<trkpt lat="45.134883" lon="141.169948"><ele>11.4</ele><time>2026-08-15T06:09:33Z</time></trkpt>
<trkpt lat="45.134416" lon="141.170500"><ele>11.6</ele><time>2026-08-15T06:09:42Z</time></trkpt>
<trkpt lat="45.133163" lon="141.172417"><ele>12.4</ele><time>2026-08-15T06:10:09Z</time></trkpt>
<trkpt lat="45.132439" lon="141.173440"><ele>9.0</ele><time>2026-08-15T06:10:24Z</time></trkpt>
<trkpt lat="45.132116" lon="141.174083"><ele>9.8</ele><time>2026-08-15T06:10:32Z</time></trkpt>
<trkpt lat="45.131629" lon="141.175194"><ele>9.8</ele><time>2026-08-15T06:10:46Z</time></trkpt>
<trkpt lat="45.131315" lon="141.175796"><ele>10.0</ele><time>2026-08-15T06:10:54Z</time></trkpt>
<trkpt lat="45.130639" lon="141.176781"><ele>11.2</ele><time>2026-08-15T06:11:09Z</time></trkpt>
<trkpt lat="45.130252" lon="141.177384"><ele>11.2</ele><time>2026-08-15T06:11:18Z</time></trkpt>
<trkpt lat="45.128770" lon="141.179922"><ele>11.4</ele><time>2026-08-15T06:11:53Z</time></trkpt>
<trkpt lat="45.128504" lon="141.180582"><ele>11.2</ele><time>2026-08-15T06:12:01Z</time></trkpt>
<trkpt lat="45.127509" lon="141.183282"><ele>13.2</ele><time>2026-08-15T06:12:34Z</time></trkpt>
<trkpt lat="45.127064" lon="141.184769"><ele>10.8</ele><time>2026-08-15T06:12:53Z</time></trkpt>
<trkpt lat="45.126691" lon="141.186344"><ele>7.8</ele><time>2026-08-15T06:13:09Z</time></trkpt>
<trkpt lat="45.126401" lon="141.188034"><ele>10.6</ele><time>2026-08-15T06:13:28Z</time></trkpt>
<trkpt lat="45.126285" lon="141.188602"><ele>11.6</ele><time>2026-08-15T06:13:35Z</time></trkpt>
<trkpt lat="45.126132" lon="141.189192"><ele>12.0</ele><time>2026-08-15T06:13:42Z</time></trkpt>
<trkpt lat="45.125796" lon="141.190292"><ele>11.6</ele><time>2026-08-15T06:13:56Z</time></trkpt>
<trkpt lat="45.125614" lon="141.190971"><ele>10.6</ele><time>2026-08-15T06:14:04Z</time></trkpt>
<trkpt lat="45.125221" lon="141.192987"><ele>8.6</ele><time>2026-08-15T06:14:26Z</time></trkpt>
<trkpt lat="45.125011" lon="141.193563"><ele>8.6</ele><time>2026-08-15T06:14:33Z</time></trkpt>
<trkpt lat="45.124762" lon="141.194007"><ele>8.8</ele><time>2026-08-15T06:14:39Z</time></trkpt>
<trkpt lat="45.124461" lon="141.194370"><ele>8.4</ele><time>2026-08-15T06:14:45Z</time></trkpt>
<trkpt lat="45.123796" lon="141.194987"><ele>8.2</ele><time>2026-08-15T06:14:57Z</time></trkpt>
<trkpt lat="45.122231" lon="141.196418"><ele>7.8</ele><time>2026-08-15T06:15:24Z</time></trkpt>
<trkpt lat="45.121818" lon="141.196746"><ele>9.4</ele><time>2026-08-15T06:15:31Z</time></trkpt>
<trkpt lat="45.121379" lon="141.196981"><ele>10.0</ele><time>2026-08-15T06:15:38Z</time></trkpt>
<trkpt lat="45.120949" lon="141.197268"><ele>9.4</ele><time>2026-08-15T06:15:45Z</time></trkpt>
<trkpt lat="45.120740" lon="141.197502"><ele>9.4</ele><time>2026-08-15T06:15:49Z</time></trkpt>
<trkpt lat="45.120642" lon="141.197635"><ele>9.8</ele><time>2026-08-15T06:15:51Z</time></trkpt>
<trkpt lat="45.120407" lon="141.198064"><ele>9.8</ele><time>2026-08-15T06:15:57Z</time></trkpt>
<trkpt lat="45.119649" lon="141.199688"><ele>7.8</ele><time>2026-08-15T06:16:19Z</time></trkpt>
<trkpt lat="45.119449" lon="141.200033"><ele>7.8</ele><time>2026-08-15T06:16:24Z</time></trkpt>
<trkpt lat="45.118987" lon="141.200647"><ele>7.6</ele><time>2026-08-15T06:16:34Z</time></trkpt>
<trkpt lat="45.117808" lon="141.202129"><ele>14.8</ele><time>2026-08-15T06:17:08Z</time></trkpt>
<trkpt lat="45.116995" lon="141.203207"><ele>18.4</ele><time>2026-08-15T06:17:34Z</time></trkpt>
<trkpt lat="45.116724" lon="141.203645"><ele>19.0</ele><time>2026-08-15T06:17:42Z</time></trkpt>
<trkpt lat="45.116585" lon="141.204008"><ele>18.8</ele><time>2026-08-15T06:17:48Z</time></trkpt>
<trkpt lat="45.116484" lon="141.204464"><ele>20.2</ele><time>2026-08-15T06:17:55Z</time></trkpt>
<trkpt lat="45.116389" lon="141.205010"><ele>22.4</ele><time>2026-08-15T06:18:03Z</time></trkpt>
<trkpt lat="45.115893" lon="141.208418"><ele>25.2</ele><time>2026-08-15T06:18:52Z</time></trkpt>
<trkpt lat="45.115775" lon="141.208973"><ele>25.0</ele><time>2026-08-15T06:18:59Z</time></trkpt>
<trkpt lat="45.115635" lon="141.209394"><ele>25.4</ele><time>2026-08-15T06:19:05Z</time></trkpt>
<trkpt lat="45.114198" lon="141.212963"><ele>26.0</ele><time>2026-08-15T06:19:53Z</time></trkpt>
<trkpt lat="45.113987" lon="141.213531"><ele>26.0</ele><time>2026-08-15T06:20:01Z</time></trkpt>
<trkpt lat="45.113527" lon="141.214605"><ele>25.8</ele><time>2026-08-15T06:20:16Z</time></trkpt>
<trkpt lat="45.113242" lon="141.215054"><ele>25.0</ele><time>2026-08-15T06:20:23Z</time></trkpt>
<trkpt lat="45.112343" lon="141.215971"><ele>22.6</ele><time>2026-08-15T06:20:40Z</time></trkpt>
<trkpt lat="45.111906" lon="141.216453"><ele>21.0</ele><time>2026-08-15T06:20:48Z</time></trkpt>
<trkpt lat="45.111548" lon="141.216946"><ele>20.2</ele><time>2026-08-15T06:20:55Z</time></trkpt>
<trkpt lat="45.111346" lon="141.217346"><ele>20.0</ele><time>2026-08-15T06:21:00Z</time></trkpt>
<trkpt lat="45.111140" lon="141.217918"><ele>20.6</ele><time>2026-08-15T06:21:07Z</time></trkpt>
<trkpt lat="45.110827" lon="141.219186"><ele>22.2</ele><time>2026-08-15T06:21:22Z</time></trkpt>
<trkpt lat="45.110697" lon="141.219601"><ele>22.2</ele><time>2026-08-15T06:21:27Z</time></trkpt>
<trkpt lat="45.110167" lon="141.221002"><ele>25.0</ele><time>2026-08-15T06:21:47Z</time></trkpt>
<trkpt lat="45.110143" lon="141.221014"><ele>25.8</ele><time>2026-08-15T06:22:09Z</time></trkpt>
<trkpt lat="45.110168" lon="141.221025"><ele>25.6</ele><time>2026-08-15T06:22:14Z</time></trkpt>
<trkpt lat="45.110120" lon="141.221119"><ele>25.2</ele><time>2026-08-15T06:22:27Z</time></trkpt>
<trkpt lat="45.109785" lon="141.222070"><ele>26.0</ele><time>2026-08-15T06:22:44Z</time></trkpt>
<trkpt lat="45.109625" lon="141.222570"><ele>26.6</ele><time>2026-08-15T06:22:52Z</time></trkpt>
<trkpt lat="45.109568" lon="141.222801"><ele>27.2</ele><time>2026-08-15T06:22:57Z</time></trkpt>
<trkpt lat="45.109579" lon="141.222788"><ele>27.8</ele><time>2026-08-15T06:23:11Z</time></trkpt>
<trkpt lat="45.109270" lon="141.223674"><ele>27.6</ele><time>2026-08-15T06:24:20Z</time></trkpt>
<trkpt lat="45.108217" lon="141.226939"><ele>26.0</ele><time>2026-08-15T06:25:04Z</time></trkpt>
<trkpt lat="45.107997" lon="141.227489"><ele>27.8</ele><time>2026-08-15T06:25:12Z</time></trkpt>
<trkpt lat="45.107253" lon="141.229115"><ele>30.2</ele><time>2026-08-15T06:25:36Z</time></trkpt>
<trkpt lat="45.106850" lon="141.230138"><ele>32.0</ele><time>2026-08-15T06:25:51Z</time></trkpt>
<trkpt lat="45.104183" lon="141.237239"><ele>34.4</ele><time>2026-08-15T06:27:25Z</time></trkpt>
<trkpt lat="45.103926" lon="141.237965"><ele>34.6</ele><time>2026-08-15T06:27:34Z</time></trkpt>
<trkpt lat="45.103514" lon="141.239238"><ele>32.6</ele><time>2026-08-15T06:27:49Z</time></trkpt>
<trkpt lat="45.103290" lon="141.239848"><ele>33.2</ele><time>2026-08-15T06:27:56Z</time></trkpt>
<trkpt lat="45.102068" lon="141.242927"><ele>33.8</ele><time>2026-08-15T06:28:36Z</time></trkpt>
<trkpt lat="45.101942" lon="141.243495"><ele>34.4</ele><time>2026-08-15T06:28:43Z</time></trkpt>
<trkpt lat="45.101915" lon="141.243921"><ele>32.8</ele><time>2026-08-15T06:28:48Z</time></trkpt>
<trkpt lat="45.101923" lon="141.244124"><ele>31.6</ele><time>2026-08-15T06:28:50Z</time></trkpt>
<trkpt lat="45.101998" lon="141.244557"><ele>28.8</ele><time>2026-08-15T06:28:54Z</time></trkpt>
<trkpt lat="45.102419" lon="141.245812"><ele>25.2</ele><time>2026-08-15T06:29:06Z</time></trkpt>
<trkpt lat="45.102632" lon="141.246669"><ele>20.2</ele><time>2026-08-15T06:29:13Z</time></trkpt>
<trkpt lat="45.102746" lon="141.247035"><ele>18.4</ele><time>2026-08-15T06:29:16Z</time></trkpt>
<trkpt lat="45.102926" lon="141.247374"><ele>15.4</ele><time>2026-08-15T06:29:19Z</time></trkpt>
<trkpt lat="45.103618" lon="141.248268"><ele>9.2</ele><time>2026-08-15T06:29:28Z</time></trkpt>
<trkpt lat="45.103804" lon="141.248542"><ele>9.4</ele><time>2026-08-15T06:29:31Z</time></trkpt>
<trkpt lat="45.103849" lon="141.248642"><ele>9.4</ele><time>2026-08-15T06:29:32Z</time></trkpt>
<trkpt lat="45.103908" lon="141.248846"><ele>10.8</ele><time>2026-08-15T06:29:34Z</time></trkpt>
<trkpt lat="45.104059" lon="141.249804"><ele>18.0</ele><time>2026-08-15T06:29:48Z</time></trkpt>
<trkpt lat="45.104099" lon="141.249952"><ele>19.2</ele><time>2026-08-15T06:29:52Z</time></trkpt>
<trkpt lat="45.104249" lon="141.250270"><ele>21.4</ele><time>2026-08-15T06:30:02Z</time></trkpt>
<trkpt lat="45.104735" lon="141.251099"><ele>26.8</ele><time>2026-08-15T06:30:26Z</time></trkpt>
<trkpt lat="45.105899" lon="141.254418"><ele>36.4</ele><time>2026-08-15T06:31:36Z</time></trkpt>
<trkpt lat="45.106037" lon="141.254887"><ele>36.6</ele><time>2026-08-15T06:31:43Z</time></trkpt>
<trkpt lat="45.106292" lon="141.256098"><ele>36.2</ele><time>2026-08-15T06:32:00Z</time></trkpt>
<trkpt lat="45.106573" lon="141.257294"><ele>35.0</ele><time>2026-08-15T06:32:15Z</time></trkpt>
<trkpt lat="45.106737" lon="141.257892"><ele>33.6</ele><time>2026-08-15T06:32:22Z</time></trkpt>
<trkpt lat="45.107620" lon="141.260713"><ele>28.8</ele><time>2026-08-15T06:32:55Z</time></trkpt>
<trkpt lat="45.108348" lon="141.262809"><ele>29.2</ele><time>2026-08-15T06:33:24Z</time></trkpt>
<trkpt lat="45.108442" lon="141.263291"><ele>29.6</ele><time>2026-08-15T06:33:30Z</time></trkpt>
<trkpt lat="45.108470" lon="141.263629"><ele>28.4</ele><time>2026-08-15T06:33:34Z</time></trkpt>
<trkpt lat="45.108461" lon="141.264448"><ele>27.4</ele><time>2026-08-15T06:33:44Z</time></trkpt>
<trkpt lat="45.108426" lon="141.265235"><ele>23.8</ele><time>2026-08-15T06:33:53Z</time></trkpt>
<trkpt lat="45.108443" lon="141.265735"><ele>21.0</ele><time>2026-08-15T06:33:58Z</time></trkpt>
<trkpt lat="45.108516" lon="141.266160"><ele>18.0</ele><time>2026-08-15T06:34:02Z</time></trkpt>
<trkpt lat="45.108955" lon="141.267823"><ele>8.6</ele><time>2026-08-15T06:34:17Z</time></trkpt>
<trkpt lat="45.109594" lon="141.269960"><ele>11.0</ele><time>2026-08-15T06:34:41Z</time></trkpt>
<trkpt lat="45.109933" lon="141.270762"><ele>8.2</ele><time>2026-08-15T06:34:52Z</time></trkpt>
<trkpt lat="45.110912" lon="141.272887"><ele>3.0</ele><time>2026-08-15T06:35:19Z</time></trkpt>
<trkpt lat="45.111246" lon="141.273461"><ele>7.8</ele><time>2026-08-15T06:35:34Z</time></trkpt>
<trkpt lat="45.111449" lon="141.273872"><ele>9.6</ele><time>2026-08-15T06:35:43Z</time></trkpt>
<trkpt lat="45.111619" lon="141.274260"><ele>9.0</ele><time>2026-08-15T06:35:51Z</time></trkpt>
<trkpt lat="45.111684" lon="141.274492"><ele>8.8</ele><time>2026-08-15T06:35:55Z</time></trkpt>
<trkpt lat="45.111722" lon="141.274819"><ele>9.2</ele><time>2026-08-15T06:36:00Z</time></trkpt>
<trkpt lat="45.111725" lon="141.275224"><ele>9.0</ele><time>2026-08-15T06:36:06Z</time></trkpt>
<trkpt lat="45.111695" lon="141.275596"><ele>9.4</ele><time>2026-08-15T06:36:12Z</time></trkpt>
<trkpt lat="45.111636" lon="141.275827"><ele>10.6</ele><time>2026-08-15T06:36:16Z</time></trkpt>
<trkpt lat="45.111277" lon="141.276672"><ele>10.8</ele><time>2026-08-15T06:36:32Z</time></trkpt>
<trkpt lat="45.110806" lon="141.277587"><ele>15.4</ele><time>2026-08-15T06:36:53Z</time></trkpt>
<trkpt lat="45.110536" lon="141.278209"><ele>18.2</ele><time>2026-08-15T06:37:07Z</time></trkpt>
<trkpt lat="45.110036" lon="141.279193"><ele>22.6</ele><time>2026-08-15T06:37:32Z</time></trkpt>
<trkpt lat="45.109924" lon="141.279464"><ele>23.2</ele><time>2026-08-15T06:37:38Z</time></trkpt>
<trkpt lat="45.109727" lon="141.280188"><ele>23.8</ele><time>2026-08-15T06:37:52Z</time></trkpt>
<trkpt lat="45.109670" lon="141.280618"><ele>22.4</ele><time>2026-08-15T06:37:58Z</time></trkpt>
<trkpt lat="45.109646" lon="141.281168"><ele>20.8</ele><time>2026-08-15T06:38:05Z</time></trkpt>
<trkpt lat="45.109720" lon="141.283573"><ele>15.2</ele><time>2026-08-15T06:38:32Z</time></trkpt>
<trkpt lat="45.109749" lon="141.283854"><ele>14.0</ele><time>2026-08-15T06:38:35Z</time></trkpt>
<trkpt lat="45.109802" lon="141.284124"><ele>13.4</ele><time>2026-08-15T06:38:38Z</time></trkpt>
<trkpt lat="45.109944" lon="141.284517"><ele>13.4</ele><time>2026-08-15T06:38:43Z</time></trkpt>
<trkpt lat="45.110152" lon="141.284847"><ele>13.6</ele><time>2026-08-15T06:38:48Z</time></trkpt>
<trkpt lat="45.110308" lon="141.285021"><ele>13.4</ele><time>2026-08-15T06:38:51Z</time></trkpt>
<trkpt lat="45.110539" lon="141.285200"><ele>14.0</ele><time>2026-08-15T06:38:55Z</time></trkpt>
<trkpt lat="45.110724" lon="141.285287"><ele>13.4</ele><time>2026-08-15T06:38:58Z</time></trkpt>
<trkpt lat="45.111045" lon="141.285331"><ele>12.6</ele><time>2026-08-15T06:39:03Z</time></trkpt>
<trkpt lat="45.111346" lon="141.285267"><ele>12.4</ele><time>2026-08-15T06:39:08Z</time></trkpt>
<trkpt lat="45.111535" lon="141.285189"><ele>11.8</ele><time>2026-08-15T06:39:11Z</time></trkpt>
<trkpt lat="45.112938" lon="141.284427"><ele>3.8</ele><time>2026-08-15T06:39:31Z</time></trkpt>
<trkpt lat="45.113237" lon="141.284296"><ele>2.6</ele><time>2026-08-15T06:39:35Z</time></trkpt>
<trkpt lat="45.113550" lon="141.284240"><ele>1.6</ele><time>2026-08-15T06:39:39Z</time></trkpt>
<trkpt lat="45.114045" lon="141.284330"><ele>0.8</ele><time>2026-08-15T06:39:46Z</time></trkpt>
<trkpt lat="45.114298" lon="141.284449"><ele>0.6</ele><time>2026-08-15T06:39:50Z</time></trkpt>
<trkpt lat="45.114408" lon="141.284531"><ele>1.4</ele><time>2026-08-15T06:39:52Z</time></trkpt>
<trkpt lat="45.116697" lon="141.286533"><ele>3.6</ele><time>2026-08-15T06:40:40Z</time></trkpt>
<trkpt lat="45.116985" lon="141.286748"><ele>3.8</ele><time>2026-08-15T06:40:46Z</time></trkpt>
<trkpt lat="45.117198" lon="141.286843"><ele>3.8</ele><time>2026-08-15T06:40:50Z</time></trkpt>
<trkpt lat="45.118125" lon="141.287063"><ele>5.0</ele><time>2026-08-15T06:41:09Z</time></trkpt>
<trkpt lat="45.118209" lon="141.287057"><ele>5.4</ele><time>2026-08-15T06:41:11Z</time></trkpt>
<trkpt lat="45.118236" lon="141.287014"><ele>5.4</ele><time>2026-08-15T06:41:12Z</time></trkpt>
<trkpt lat="45.118233" lon="141.286964"><ele>5.4</ele><time>2026-08-15T06:41:13Z</time></trkpt>
<trkpt lat="45.118003" lon="141.286204"><ele>2.8</ele><time>2026-08-15T06:41:24Z</time></trkpt>
<trkpt lat="45.118002" lon="141.286128"><ele>2.8</ele><time>2026-08-15T06:41:25Z</time></trkpt>
<trkpt lat="45.118035" lon="141.286078"><ele>3.0</ele><time>2026-08-15T06:41:26Z</time></trkpt>
<trkpt lat="45.118175" lon="141.285971"><ele>3.6</ele><time>2026-08-15T06:41:35Z</time></trkpt>
<trkpt lat="45.118160" lon="141.286018"><ele>3.8</ele><time>2026-08-15T06:41:39Z</time></trkpt>
<trkpt lat="45.118209" lon="141.286093"><ele>3.8</ele><time>2026-08-15T06:41:54Z</time></trkpt>
<trkpt lat="45.118172" lon="141.286114"><ele>3.8</ele><time>2026-08-15T06:41:58Z</time></trkpt>
<trkpt lat="45.118172" lon="141.285998"><ele>4.0</ele><time>2026-08-15T06:42:34Z</time></trkpt>
<trkpt lat="45.118044" lon="141.286104"><ele>3.8</ele><time>2026-08-15T06:42:43Z</time></trkpt>
<trkpt lat="45.118045" lon="141.286187"><ele>3.8</ele><time>2026-08-15T06:42:45Z</time></trkpt>
<trkpt lat="45.118244" lon="141.286776"><ele>4.4</ele><time>2026-08-15T06:42:58Z</time></trkpt>
<trkpt lat="45.118283" lon="141.286947"><ele>5.8</ele><time>2026-08-15T06:43:02Z</time></trkpt>
<trkpt lat="45.118313" lon="141.287030"><ele>6.2</ele><time>2026-08-15T06:43:04Z</time></trkpt>
<trkpt lat="45.118339" lon="141.287047"><ele>6.2</ele><time>2026-08-15T06:43:05Z</time></trkpt>
<trkpt lat="45.119691" lon="141.287604"><ele>14.4</ele><time>2026-08-15T06:43:50Z</time></trkpt>
<trkpt lat="45.120522" lon="141.287977"><ele>20.0</ele><time>2026-08-15T06:44:19Z</time></trkpt>
<trkpt lat="45.123014" lon="141.288650"><ele>34.6</ele><time>2026-08-15T06:45:37Z</time></trkpt>
<trkpt lat="45.123456" lon="141.288864"><ele>35.6</ele><time>2026-08-15T06:45:49Z</time></trkpt>
<trkpt lat="45.123727" lon="141.289098"><ele>34.6</ele><time>2026-08-15T06:45:55Z</time></trkpt>
<trkpt lat="45.123973" lon="141.289415"><ele>31.4</ele><time>2026-08-15T06:46:00Z</time></trkpt>
<trkpt lat="45.124845" lon="141.290860"><ele>25.6</ele><time>2026-08-15T06:46:19Z</time></trkpt>
<trkpt lat="45.125177" lon="141.291451"><ele>23.8</ele><time>2026-08-15T06:46:27Z</time></trkpt>
<trkpt lat="45.125463" lon="141.292100"><ele>23.0</ele><time>2026-08-15T06:46:35Z</time></trkpt>
<trkpt lat="45.125730" lon="141.292979"><ele>21.0</ele><time>2026-08-15T06:46:45Z</time></trkpt>
<trkpt lat="45.126100" lon="141.294511"><ele>18.2</ele><time>2026-08-15T06:47:02Z</time></trkpt>
<trkpt lat="45.126235" lon="141.294916"><ele>18.4</ele><time>2026-08-15T06:47:07Z</time></trkpt>
<trkpt lat="45.126915" lon="141.296561"><ele>19.4</ele><time>2026-08-15T06:47:30Z</time></trkpt>
<trkpt lat="45.127192" lon="141.297389"><ele>19.0</ele><time>2026-08-15T06:47:41Z</time></trkpt>
<trkpt lat="45.127878" lon="141.300185"><ele>15.6</ele><time>2026-08-15T06:48:15Z</time></trkpt>
<trkpt lat="45.128292" lon="141.302137"><ele>12.2</ele><time>2026-08-15T06:48:39Z</time></trkpt>
<trkpt lat="45.128458" lon="141.302681"><ele>12.4</ele><time>2026-08-15T06:48:47Z</time></trkpt>
<trkpt lat="45.128644" lon="141.303085"><ele>13.0</ele><time>2026-08-15T06:48:54Z</time></trkpt>
<trkpt lat="45.128849" lon="141.303392"><ele>13.4</ele><time>2026-08-15T06:49:00Z</time></trkpt>
<trkpt lat="45.128867" lon="141.303455"><ele>13.6</ele><time>2026-08-15T06:49:01Z</time></trkpt>
<trkpt lat="45.128897" lon="141.303764"><ele>14.6</ele><time>2026-08-15T06:49:06Z</time></trkpt>
<trkpt lat="45.128863" lon="141.303838"><ele>15.4</ele><time>2026-08-15T06:49:10Z</time></trkpt>
<trkpt lat="45.128887" lon="141.303828"><ele>15.8</ele><time>2026-08-15T06:49:15Z</time></trkpt>
<trkpt lat="45.128847" lon="141.303773"><ele>15.4</ele><time>2026-08-15T06:49:27Z</time></trkpt>
<trkpt lat="45.128825" lon="141.303818"><ele>15.8</ele><time>2026-08-15T06:49:33Z</time></trkpt>
<trkpt lat="45.128842" lon="141.303802"><ele>16.0</ele><time>2026-08-15T06:49:38Z</time></trkpt>
<trkpt lat="45.128731" lon="141.303646"><ele>16.2</ele><time>2026-08-15T06:50:01Z</time></trkpt>
<trkpt lat="45.129033" lon="141.304059"><ele>16.0</ele><time>2026-08-15T06:50:57Z</time></trkpt>
<trkpt lat="45.128936" lon="141.303748"><ele>15.4</ele><time>2026-08-15T06:51:04Z</time></trkpt>
<trkpt lat="45.128999" lon="141.303773"><ele>15.2</ele><time>2026-08-15T06:51:21Z</time></trkpt>
<trkpt lat="45.128900" lon="141.303801"><ele>15.2</ele><time>2026-08-15T06:51:54Z</time></trkpt>
<trkpt lat="45.128925" lon="141.303744"><ele>15.0</ele><time>2026-08-15T06:52:09Z</time></trkpt>
<trkpt lat="45.128899" lon="141.303741"><ele>15.0</ele><time>2026-08-15T06:52:21Z</time></trkpt>
<trkpt lat="45.128953" lon="141.303734"><ele>15.0</ele><time>2026-08-15T06:52:34Z</time></trkpt>
<trkpt lat="45.129005" lon="141.303810"><ele>15.0</ele><time>2026-08-15T06:52:47Z</time></trkpt>
<trkpt lat="45.128953" lon="141.303795"><ele>15.0</ele><time>2026-08-15T06:53:08Z</time></trkpt>
<trkpt lat="45.128890" lon="141.303838"><ele>15.0</ele><time>2026-08-15T06:53:19Z</time></trkpt>
<trkpt lat="45.128901" lon="141.303856"><ele>15.0</ele><time>2026-08-15T06:53:21Z</time></trkpt>
<trkpt lat="45.129047" lon="141.303772"><ele>15.0</ele><time>2026-08-15T06:53:32Z</time></trkpt>
<trkpt lat="45.129116" lon="141.303773"><ele>15.4</ele><time>2026-08-15T06:53:36Z</time></trkpt>
<trkpt lat="45.129213" lon="141.303883"><ele>14.6</ele><time>2026-08-15T06:53:40Z</time></trkpt>
<trkpt lat="45.130159" lon="141.305306"><ele>14.6</ele><time>2026-08-15T06:54:10Z</time></trkpt>
<trkpt lat="45.130513" lon="141.305773"><ele>14.0</ele><time>2026-08-15T06:54:19Z</time></trkpt>
<trkpt lat="45.130744" lon="141.305949"><ele>14.2</ele><time>2026-08-15T06:54:24Z</time></trkpt>
<trkpt lat="45.130950" lon="141.306030"><ele>14.6</ele><time>2026-08-15T06:54:28Z</time></trkpt>
<trkpt lat="45.131152" lon="141.306040"><ele>15.0</ele><time>2026-08-15T06:54:32Z</time></trkpt>
<trkpt lat="45.131402" lon="141.305980"><ele>15.8</ele><time>2026-08-15T06:54:37Z</time></trkpt>
<trkpt lat="45.132225" lon="141.305594"><ele>17.6</ele><time>2026-08-15T06:54:55Z</time></trkpt>
<trkpt lat="45.133026" lon="141.305276"><ele>16.8</ele><time>2026-08-15T06:55:11Z</time></trkpt>
<trkpt lat="45.133358" lon="141.305173"><ele>16.8</ele><time>2026-08-15T06:55:17Z</time></trkpt>
<trkpt lat="45.133968" lon="141.305060"><ele>10.8</ele><time>2026-08-15T06:55:26Z</time></trkpt>
<trkpt lat="45.134194" lon="141.305047"><ele>10.4</ele><time>2026-08-15T06:55:29Z</time></trkpt>
<trkpt lat="45.134506" lon="141.305139"><ele>8.6</ele><time>2026-08-15T06:55:33Z</time></trkpt>
<trkpt lat="45.134660" lon="141.305238"><ele>7.2</ele><time>2026-08-15T06:55:35Z</time></trkpt>
<trkpt lat="45.134808" lon="141.305372"><ele>6.2</ele><time>2026-08-15T06:55:37Z</time></trkpt>
<trkpt lat="45.135005" lon="141.305600"><ele>4.6</ele><time>2026-08-15T06:55:40Z</time></trkpt>
<trkpt lat="45.137093" lon="141.308296"><ele>7.8</ele><time>2026-08-15T06:56:25Z</time></trkpt>
<trkpt lat="45.137597" lon="141.308980"><ele>7.4</ele><time>2026-08-15T06:56:38Z</time></trkpt>
<trkpt lat="45.137791" lon="141.309284"><ele>8.4</ele><time>2026-08-15T06:56:43Z</time></trkpt>
<trkpt lat="45.138430" lon="141.310787"><ele>8.8</ele><time>2026-08-15T06:57:05Z</time></trkpt>
<trkpt lat="45.138783" lon="141.311535"><ele>7.0</ele><time>2026-08-15T06:57:16Z</time></trkpt>
<trkpt lat="45.140421" lon="141.314838"><ele>9.0</ele><time>2026-08-15T06:58:09Z</time></trkpt>
<trkpt lat="45.140835" lon="141.315561"><ele>7.8</ele><time>2026-08-15T06:58:21Z</time></trkpt>
<trkpt lat="45.141065" lon="141.315853"><ele>7.6</ele><time>2026-08-15T06:58:27Z</time></trkpt>
<trkpt lat="45.141453" lon="141.316263"><ele>8.6</ele><time>2026-08-15T06:58:36Z</time></trkpt>
<trkpt lat="45.142631" lon="141.317333"><ele>8.8</ele><time>2026-08-15T06:59:01Z</time></trkpt>
<trkpt lat="45.142961" lon="141.317684"><ele>9.0</ele><time>2026-08-15T06:59:09Z</time></trkpt>
<trkpt lat="45.143569" lon="141.318564"><ele>8.4</ele><time>2026-08-15T06:59:25Z</time></trkpt>
<trkpt lat="45.144970" lon="141.320724"><ele>5.6</ele><time>2026-08-15T07:00:01Z</time></trkpt>
<trkpt lat="45.145257" lon="141.321092"><ele>6.8</ele><time>2026-08-15T07:00:08Z</time></trkpt>
<trkpt lat="45.146340" lon="141.322286"><ele>5.8</ele><time>2026-08-15T07:00:33Z</time></trkpt>
<trkpt lat="45.146651" lon="141.322708"><ele>6.8</ele><time>2026-08-15T07:00:42Z</time></trkpt>
<trkpt lat="45.146883" lon="141.323135"><ele>6.6</ele><time>2026-08-15T07:00:50Z</time></trkpt>
<trkpt lat="45.147082" lon="141.323562"><ele>6.2</ele><time>2026-08-15T07:00:57Z</time></trkpt>
<trkpt lat="45.148234" lon="141.326280"><ele>5.0</ele><time>2026-08-15T07:01:40Z</time></trkpt>
<trkpt lat="45.148513" lon="141.326812"><ele>5.6</ele><time>2026-08-15T07:01:50Z</time></trkpt>
<trkpt lat="45.148636" lon="141.326988"><ele>6.0</ele><time>2026-08-15T07:01:54Z</time></trkpt>
<trkpt lat="45.148876" lon="141.327243"><ele>6.4</ele><time>2026-08-15T07:02:01Z</time></trkpt>
<trkpt lat="45.149355" lon="141.327526"><ele>6.6</ele><time>2026-08-15T07:02:13Z</time></trkpt>
<trkpt lat="45.149451" lon="141.327679"><ele>8.6</ele><time>2026-08-15T07:02:30Z</time></trkpt>
<trkpt lat="45.149604" lon="141.327654"><ele>7.6</ele><time>2026-08-15T07:02:36Z</time></trkpt>
<trkpt lat="45.150736" lon="141.328020"><ele>6.8</ele><time>2026-08-15T07:03:02Z</time></trkpt>
<trkpt lat="45.151012" lon="141.328097"><ele>6.6</ele><time>2026-08-15T07:03:08Z</time></trkpt>
<trkpt lat="45.151271" lon="141.328130"><ele>5.8</ele><time>2026-08-15T07:03:13Z</time></trkpt>
<trkpt lat="45.153941" lon="141.327982"><ele>5.2</ele><time>2026-08-15T07:04:03Z</time></trkpt>
<trkpt lat="45.156315" lon="141.327888"><ele>5.6</ele><time>2026-08-15T07:04:47Z</time></trkpt>
<trkpt lat="45.157394" lon="141.328037"><ele>4.2</ele><time>2026-08-15T07:05:07Z</time></trkpt>
<trkpt lat="45.159977" lon="141.328476"><ele>6.4</ele><time>2026-08-15T07:05:58Z</time></trkpt>
<trkpt lat="45.160278" lon="141.328495"><ele>7.8</ele><time>2026-08-15T07:06:06Z</time></trkpt>
<trkpt lat="45.160419" lon="141.328483"><ele>8.8</ele><time>2026-08-15T07:06:10Z</time></trkpt>
<trkpt lat="45.161179" lon="141.328307"><ele>12.0</ele><time>2026-08-15T07:06:31Z</time></trkpt>
<trkpt lat="45.161585" lon="141.328263"><ele>11.2</ele><time>2026-08-15T07:06:40Z</time></trkpt>
<trkpt lat="45.162805" lon="141.328249"><ele>10.8</ele><time>2026-08-15T07:07:05Z</time></trkpt>
<trkpt lat="45.163378" lon="141.328206"><ele>10.0</ele><time>2026-08-15T07:07:16Z</time></trkpt>
<trkpt lat="45.163857" lon="141.328093"><ele>10.2</ele><time>2026-08-15T07:07:25Z</time></trkpt>
<trkpt lat="45.164723" lon="141.327802"><ele>12.8</ele><time>2026-08-15T07:07:42Z</time></trkpt>
<trkpt lat="45.164942" lon="141.327760"><ele>11.6</ele><time>2026-08-15T07:07:46Z</time></trkpt>
<trkpt lat="45.165174" lon="141.327738"><ele>9.2</ele><time>2026-08-15T07:07:50Z</time></trkpt>
<trkpt lat="45.165647" lon="141.327752"><ele>5.8</ele><time>2026-08-15T07:07:57Z</time></trkpt>
<trkpt lat="45.166461" lon="141.327729"><ele>2.6</ele><time>2026-08-15T07:08:08Z</time></trkpt>
<trkpt lat="45.168292" lon="141.327333"><ele>2.6</ele><time>2026-08-15T07:08:39Z</time></trkpt>
<trkpt lat="45.170003" lon="141.327182"><ele>5.4</ele><time>2026-08-15T07:09:13Z</time></trkpt>
<trkpt lat="45.170330" lon="141.327123"><ele>6.4</ele><time>2026-08-15T07:09:20Z</time></trkpt>
<trkpt lat="45.172702" lon="141.326307"><ele>4.6</ele><time>2026-08-15T07:10:05Z</time></trkpt>
<trkpt lat="45.173008" lon="141.326166"><ele>4.4</ele><time>2026-08-15T07:10:11Z</time></trkpt>
<trkpt lat="45.174354" lon="141.325335"><ele>6.4</ele><time>2026-08-15T07:10:39Z</time></trkpt>
<trkpt lat="45.174998" lon="141.324989"><ele>7.0</ele><time>2026-08-15T07:10:53Z</time></trkpt>
<trkpt lat="45.175638" lon="141.324701"><ele>7.0</ele><time>2026-08-15T07:11:06Z</time></trkpt>
<trkpt lat="45.175968" lon="141.324517"><ele>6.6</ele><time>2026-08-15T07:11:13Z</time></trkpt>
<trkpt lat="45.177102" lon="141.324026"><ele>8.8</ele><time>2026-08-15T07:11:37Z</time></trkpt>
<trkpt lat="45.177467" lon="141.323901"><ele>9.2</ele><time>2026-08-15T07:11:45Z</time></trkpt>
<trkpt lat="45.178567" lon="141.323599"><ele>11.2</ele><time>2026-08-15T07:12:09Z</time></trkpt>
<trkpt lat="45.179663" lon="141.323393"><ele>12.8</ele><time>2026-08-15T07:12:32Z</time></trkpt>
<trkpt lat="45.183417" lon="141.323036"><ele>13.4</ele><time>2026-08-15T07:13:43Z</time></trkpt>
<trkpt lat="45.183919" lon="141.322961"><ele>14.4</ele><time>2026-08-15T07:13:54Z</time></trkpt>
<trkpt lat="45.184316" lon="141.322783"><ele>16.6</ele><time>2026-08-15T07:14:03Z</time></trkpt>
<trkpt lat="45.185159" lon="141.322301"><ele>16.2</ele><time>2026-08-15T07:14:23Z</time></trkpt>
<trkpt lat="45.185939" lon="141.321792"><ele>15.6</ele><time>2026-08-15T07:14:41Z</time></trkpt>
<trkpt lat="45.187305" lon="141.321004"><ele>16.6</ele><time>2026-08-15T07:15:09Z</time></trkpt>
<trkpt lat="45.187609" lon="141.320949"><ele>16.2</ele><time>2026-08-15T07:15:15Z</time></trkpt>
<trkpt lat="45.188451" lon="141.320942"><ele>12.4</ele><time>2026-08-15T07:15:30Z</time></trkpt>
<trkpt lat="45.189028" lon="141.320868"><ele>10.4</ele><time>2026-08-15T07:15:39Z</time></trkpt>
<trkpt lat="45.189825" lon="141.320518"><ele>8.8</ele><time>2026-08-15T07:15:52Z</time></trkpt>
<trkpt lat="45.190768" lon="141.319960"><ele>12.2</ele><time>2026-08-15T07:16:12Z</time></trkpt>
<trkpt lat="45.191007" lon="141.319784"><ele>12.6</ele><time>2026-08-15T07:16:18Z</time></trkpt>
<trkpt lat="45.191452" lon="141.319278"><ele>11.8</ele><time>2026-08-15T07:16:29Z</time></trkpt>
<trkpt lat="45.191901" lon="141.318517"><ele>10.8</ele><time>2026-08-15T07:16:42Z</time></trkpt>
<trkpt lat="45.192229" lon="141.318024"><ele>8.6</ele><time>2026-08-15T07:16:50Z</time></trkpt>
<trkpt lat="45.192469" lon="141.317766"><ele>7.4</ele><time>2026-08-15T07:16:55Z</time></trkpt>
<trkpt lat="45.192639" lon="141.317633"><ele>6.6</ele><time>2026-08-15T07:16:58Z</time></trkpt>
<trkpt lat="45.193010" lon="141.317423"><ele>5.0</ele><time>2026-08-15T07:17:04Z</time></trkpt>
<trkpt lat="45.193198" lon="141.317352"><ele>4.4</ele><time>2026-08-15T07:17:07Z</time></trkpt>
<trkpt lat="45.193585" lon="141.317293"><ele>4.0</ele><time>2026-08-15T07:17:13Z</time></trkpt>
<trkpt lat="45.194237" lon="141.317259"><ele>5.6</ele><time>2026-08-15T07:17:24Z</time></trkpt>
<trkpt lat="45.194590" lon="141.317160"><ele>6.4</ele><time>2026-08-15T07:17:31Z</time></trkpt>
<trkpt lat="45.195356" lon="141.316766"><ele>9.6</ele><time>2026-08-15T07:17:49Z</time></trkpt>
<trkpt lat="45.195760" lon="141.316591"><ele>11.6</ele><time>2026-08-15T07:18:00Z</time></trkpt>
<trkpt lat="45.196793" lon="141.316025"><ele>15.0</ele><time>2026-08-15T07:18:29Z</time></trkpt>
<trkpt lat="45.197108" lon="141.315823"><ele>17.4</ele><time>2026-08-15T07:18:39Z</time></trkpt>
<trkpt lat="45.197339" lon="141.315567"><ele>18.2</ele><time>2026-08-15T07:18:47Z</time></trkpt>
<trkpt lat="45.197510" lon="141.315274"><ele>19.2</ele><time>2026-08-15T07:18:54Z</time></trkpt>
<trkpt lat="45.197626" lon="141.314906"><ele>19.6</ele><time>2026-08-15T07:19:01Z</time></trkpt>
<trkpt lat="45.197739" lon="141.314420"><ele>19.2</ele><time>2026-08-15T07:19:09Z</time></trkpt>
<trkpt lat="45.197837" lon="141.314154"><ele>18.2</ele><time>2026-08-15T07:19:13Z</time></trkpt>
<trkpt lat="45.197949" lon="141.313958"><ele>16.8</ele><time>2026-08-15T07:19:16Z</time></trkpt>
<trkpt lat="45.198092" lon="141.313777"><ele>15.8</ele><time>2026-08-15T07:19:19Z</time></trkpt>
<trkpt lat="45.198608" lon="141.313250"><ele>14.6</ele><time>2026-08-15T07:19:29Z</time></trkpt>
<trkpt lat="45.199651" lon="141.312247"><ele>19.2</ele><time>2026-08-15T07:19:56Z</time></trkpt>
<trkpt lat="45.200307" lon="141.311532"><ele>20.2</ele><time>2026-08-15T07:20:13Z</time></trkpt>
<trkpt lat="45.200602" lon="141.311310"><ele>19.2</ele><time>2026-08-15T07:20:19Z</time></trkpt>
<trkpt lat="45.201228" lon="141.310747"><ele>17.4</ele><time>2026-08-15T07:20:32Z</time></trkpt>
<trkpt lat="45.201461" lon="141.310568"><ele>15.4</ele><time>2026-08-15T07:20:36Z</time></trkpt>
<trkpt lat="45.201658" lon="141.310447"><ele>14.0</ele><time>2026-08-15T07:20:39Z</time></trkpt>
<trkpt lat="45.201944" lon="141.310350"><ele>12.6</ele><time>2026-08-15T07:20:43Z</time></trkpt>
<trkpt lat="45.202095" lon="141.310322"><ele>12.0</ele><time>2026-08-15T07:20:45Z</time></trkpt>
<trkpt lat="45.202329" lon="141.310323"><ele>10.4</ele><time>2026-08-15T07:20:48Z</time></trkpt>
<trkpt lat="45.202832" lon="141.310425"><ele>7.4</ele><time>2026-08-15T07:20:54Z</time></trkpt>
<trkpt lat="45.203672" lon="141.310680"><ele>2.6</ele><time>2026-08-15T07:21:04Z</time></trkpt>
<trkpt lat="45.203914" lon="141.310728"><ele>1.4</ele><time>2026-08-15T07:21:07Z</time></trkpt>
<trkpt lat="45.204228" lon="141.310751"><ele>1.0</ele><time>2026-08-15T07:21:11Z</time></trkpt>
<trkpt lat="45.204710" lon="141.310674"><ele>2.4</ele><time>2026-08-15T07:21:18Z</time></trkpt>
<trkpt lat="45.204983" lon="141.310586"><ele>4.8</ele><time>2026-08-15T07:21:23Z</time></trkpt>
<trkpt lat="45.205355" lon="141.310414"><ele>7.2</ele><time>2026-08-15T07:21:31Z</time></trkpt>
<trkpt lat="45.205941" lon="141.309926"><ele>11.4</ele><time>2026-08-15T07:21:48Z</time></trkpt>
<trkpt lat="45.207288" lon="141.308679"><ele>13.8</ele><time>2026-08-15T07:22:29Z</time></trkpt>
<trkpt lat="45.207811" lon="141.308286"><ele>11.2</ele><time>2026-08-15T07:22:39Z</time></trkpt>
<trkpt lat="45.208118" lon="141.308012"><ele>11.0</ele><time>2026-08-15T07:22:45Z</time></trkpt>
<trkpt lat="45.209120" lon="141.306984"><ele>16.0</ele><time>2026-08-15T07:23:11Z</time></trkpt>
<trkpt lat="45.210281" lon="141.305941"><ele>19.2</ele><time>2026-08-15T07:23:42Z</time></trkpt>
<trkpt lat="45.211220" lon="141.305304"><ele>16.8</ele><time>2026-08-15T07:24:01Z</time></trkpt>
<trkpt lat="45.214060" lon="141.303475"><ele>12.8</ele><time>2026-08-15T07:24:52Z</time></trkpt>
<trkpt lat="45.214435" lon="141.303158"><ele>12.8</ele><time>2026-08-15T07:24:59Z</time></trkpt>
<trkpt lat="45.214801" lon="141.302711"><ele>13.0</ele><time>2026-08-15T07:25:07Z</time></trkpt>
<trkpt lat="45.215039" lon="141.302293"><ele>13.6</ele><time>2026-08-15T07:25:13Z</time></trkpt>
<trkpt lat="45.215213" lon="141.301920"><ele>12.4</ele><time>2026-08-15T07:25:18Z</time></trkpt>
<trkpt lat="45.215898" lon="141.300325"><ele>13.2</ele><time>2026-08-15T07:25:41Z</time></trkpt>
<trkpt lat="45.216140" lon="141.299825"><ele>13.2</ele><time>2026-08-15T07:25:49Z</time></trkpt>
<trkpt lat="45.216509" lon="141.299209"><ele>10.2</ele><time>2026-08-15T07:25:58Z</time></trkpt>
<trkpt lat="45.216831" lon="141.298802"><ele>7.8</ele><time>2026-08-15T07:26:04Z</time></trkpt>
<trkpt lat="45.218677" lon="141.296796"><ele>6.6</ele><time>2026-08-15T07:26:37Z</time></trkpt>
<trkpt lat="45.219175" lon="141.296331"><ele>6.2</ele><time>2026-08-15T07:26:47Z</time></trkpt>
<trkpt lat="45.219701" lon="141.295733"><ele>9.2</ele><time>2026-08-15T07:27:01Z</time></trkpt>
<trkpt lat="45.219900" lon="141.295427"><ele>11.6</ele><time>2026-08-15T07:27:09Z</time></trkpt>
<trkpt lat="45.219970" lon="141.295241"><ele>12.4</ele><time>2026-08-15T07:27:13Z</time></trkpt>
<trkpt lat="45.220702" lon="141.292136"><ele>9.4</ele><time>2026-08-15T07:27:55Z</time></trkpt>
<trkpt lat="45.221061" lon="141.290884"><ele>13.0</ele><time>2026-08-15T07:28:14Z</time></trkpt>
<trkpt lat="45.221200" lon="141.290064"><ele>13.0</ele><time>2026-08-15T07:28:25Z</time></trkpt>
<trkpt lat="45.221474" lon="141.288186"><ele>12.8</ele><time>2026-08-15T07:28:47Z</time></trkpt>
<trkpt lat="45.221871" lon="141.285919"><ele>10.4</ele><time>2026-08-15T07:29:13Z</time></trkpt>
<trkpt lat="45.222327" lon="141.283992"><ele>6.4</ele><time>2026-08-15T07:29:33Z</time></trkpt>
<trkpt lat="45.222500" lon="141.283468"><ele>5.8</ele><time>2026-08-15T07:29:39Z</time></trkpt>
<trkpt lat="45.222749" lon="141.282918"><ele>6.4</ele><time>2026-08-15T07:29:46Z</time></trkpt>
<trkpt lat="45.223006" lon="141.282407"><ele>5.4</ele><time>2026-08-15T07:29:53Z</time></trkpt>
<trkpt lat="45.223443" lon="141.281632"><ele>6.8</ele><time>2026-08-15T07:30:05Z</time></trkpt>
<trkpt lat="45.223884" lon="141.280986"><ele>9.2</ele><time>2026-08-15T07:30:17Z</time></trkpt>
<trkpt lat="45.224347" lon="141.280390"><ele>11.2</ele><time>2026-08-15T07:30:30Z</time></trkpt>
<trkpt lat="45.224697" lon="141.279899"><ele>10.2</ele><time>2026-08-15T07:30:39Z</time></trkpt>
<trkpt lat="45.225613" lon="141.278782"><ele>7.8</ele><time>2026-08-15T07:31:00Z</time></trkpt>
<trkpt lat="45.225734" lon="141.278707"><ele>8.6</ele><time>2026-08-15T07:31:03Z</time></trkpt>
<trkpt lat="45.225894" lon="141.278676"><ele>9.8</ele><time>2026-08-15T07:31:07Z</time></trkpt>
<trkpt lat="45.226240" lon="141.278756"><ele>13.0</ele><time>2026-08-15T07:31:18Z</time></trkpt>
<trkpt lat="45.226512" lon="141.278736"><ele>15.4</ele><time>2026-08-15T07:31:28Z</time></trkpt>
<trkpt lat="45.226596" lon="141.278848"><ele>16.4</ele><time>2026-08-15T07:31:32Z</time></trkpt>
<trkpt lat="45.227091" lon="141.278890"><ele>20.8</ele><time>2026-08-15T07:31:51Z</time></trkpt>
<trkpt lat="45.227215" lon="141.278951"><ele>21.8</ele><time>2026-08-15T07:31:55Z</time></trkpt>
<trkpt lat="45.227379" lon="141.279258"><ele>23.2</ele><time>2026-08-15T07:32:01Z</time></trkpt>
<trkpt lat="45.227584" lon="141.279383"><ele>24.2</ele><time>2026-08-15T07:32:07Z</time></trkpt>
<trkpt lat="45.227829" lon="141.279432"><ele>25.4</ele><time>2026-08-15T07:32:14Z</time></trkpt>
<trkpt lat="45.228111" lon="141.279361"><ele>26.4</ele><time>2026-08-15T07:32:23Z</time></trkpt>
<trkpt lat="45.229770" lon="141.278415"><ele>18.2</ele><time>2026-08-15T07:32:54Z</time></trkpt>
<trkpt lat="45.230037" lon="141.278200"><ele>17.0</ele><time>2026-08-15T07:32:58Z</time></trkpt>
<trkpt lat="45.230263" lon="141.277909"><ele>17.2</ele><time>2026-08-15T07:33:02Z</time></trkpt>
<trkpt lat="45.230560" lon="141.277279"><ele>16.0</ele><time>2026-08-15T07:33:09Z</time></trkpt>
<trkpt lat="45.230841" lon="141.276766"><ele>14.8</ele><time>2026-08-15T07:33:15Z</time></trkpt>
<trkpt lat="45.231074" lon="141.276474"><ele>13.4</ele><time>2026-08-15T07:33:19Z</time></trkpt>
<trkpt lat="45.231413" lon="141.276216"><ele>12.2</ele><time>2026-08-15T07:33:24Z</time></trkpt>
<trkpt lat="45.232395" lon="141.275687"><ele>10.4</ele><time>2026-08-15T07:33:38Z</time></trkpt>
<trkpt lat="45.232859" lon="141.275339"><ele>10.4</ele><time>2026-08-15T07:33:45Z</time></trkpt>
<trkpt lat="45.233116" lon="141.274976"><ele>10.0</ele><time>2026-08-15T07:33:50Z</time></trkpt>
<trkpt lat="45.233295" lon="141.274559"><ele>9.8</ele><time>2026-08-15T07:33:55Z</time></trkpt>
<trkpt lat="45.233644" lon="141.272899"><ele>11.4</ele><time>2026-08-15T07:34:14Z</time></trkpt>
<trkpt lat="45.233706" lon="141.272459"><ele>11.4</ele><time>2026-08-15T07:34:19Z</time></trkpt>
<trkpt lat="45.233708" lon="141.271700"><ele>11.8</ele><time>2026-08-15T07:34:28Z</time></trkpt>
<trkpt lat="45.233745" lon="141.271358"><ele>12.2</ele><time>2026-08-15T07:34:32Z</time></trkpt>
<trkpt lat="45.233955" lon="141.270438"><ele>12.0</ele><time>2026-08-15T07:34:43Z</time></trkpt>
<trkpt lat="45.234028" lon="141.269909"><ele>11.8</ele><time>2026-08-15T07:34:49Z</time></trkpt>
<trkpt lat="45.234007" lon="141.269399"><ele>13.0</ele><time>2026-08-15T07:34:55Z</time></trkpt>
<trkpt lat="45.233889" lon="141.268933"><ele>12.4</ele><time>2026-08-15T07:35:01Z</time></trkpt>
<trkpt lat="45.233690" lon="141.268534"><ele>12.8</ele><time>2026-08-15T07:35:07Z</time></trkpt>
<trkpt lat="45.233465" lon="141.268230"><ele>14.0</ele><time>2026-08-15T07:35:13Z</time></trkpt>
<trkpt lat="45.232888" lon="141.267494"><ele>17.4</ele><time>2026-08-15T07:35:30Z</time></trkpt>
<trkpt lat="45.232518" lon="141.267104"><ele>19.6</ele><time>2026-08-15T07:35:42Z</time></trkpt>
<trkpt lat="45.232111" lon="141.266805"><ele>22.4</ele><time>2026-08-15T07:35:54Z</time></trkpt>
<trkpt lat="45.231885" lon="141.266679"><ele>22.8</ele><time>2026-08-15T07:36:00Z</time></trkpt>
<trkpt lat="45.231437" lon="141.266494"><ele>20.0</ele><time>2026-08-15T07:36:08Z</time></trkpt>
<trkpt lat="45.230811" lon="141.266346"><ele>13.6</ele><time>2026-08-15T07:36:16Z</time></trkpt>
<trkpt lat="45.230644" lon="141.266283"><ele>12.2</ele><time>2026-08-15T07:36:18Z</time></trkpt>
<trkpt lat="45.230481" lon="141.266171"><ele>11.2</ele><time>2026-08-15T07:36:20Z</time></trkpt>
<trkpt lat="45.230334" lon="141.266021"><ele>9.8</ele><time>2026-08-15T07:36:22Z</time></trkpt>
<trkpt lat="45.230196" lon="141.265834"><ele>7.6</ele><time>2026-08-15T07:36:24Z</time></trkpt>
<trkpt lat="45.230098" lon="141.265610"><ele>6.4</ele><time>2026-08-15T07:36:26Z</time></trkpt>
<trkpt lat="45.230061" lon="141.265489"><ele>5.8</ele><time>2026-08-15T07:36:27Z</time></trkpt>
<trkpt lat="45.230018" lon="141.265088"><ele>5.0</ele><time>2026-08-15T07:36:30Z</time></trkpt>
<trkpt lat="45.230112" lon="141.263741"><ele>5.0</ele><time>2026-08-15T07:36:41Z</time></trkpt>
<trkpt lat="45.230204" lon="141.263224"><ele>5.4</ele><time>2026-08-15T07:36:46Z</time></trkpt>
<trkpt lat="45.230382" lon="141.262656"><ele>5.4</ele><time>2026-08-15T07:36:52Z</time></trkpt>
<trkpt lat="45.230885" lon="141.261557"><ele>5.4</ele><time>2026-08-15T07:37:06Z</time></trkpt>
<trkpt lat="45.232168" lon="141.259064"><ele>6.2</ele><time>2026-08-15T07:37:39Z</time></trkpt>
<trkpt lat="45.232376" lon="141.258704"><ele>5.2</ele><time>2026-08-15T07:37:44Z</time></trkpt>
<trkpt lat="45.232651" lon="141.258315"><ele>4.8</ele><time>2026-08-15T07:37:50Z</time></trkpt>
<trkpt lat="45.233337" lon="141.257439"><ele>5.6</ele><time>2026-08-15T07:38:04Z</time></trkpt>
<trkpt lat="45.233983" lon="141.256272"><ele>5.4</ele><time>2026-08-15T07:38:20Z</time></trkpt>
<trkpt lat="45.234852" lon="141.254597"><ele>6.0</ele><time>2026-08-15T07:38:43Z</time></trkpt>
<trkpt lat="45.235117" lon="141.254036"><ele>6.8</ele><time>2026-08-15T07:38:50Z</time></trkpt>
<trkpt lat="45.235305" lon="141.253424"><ele>6.6</ele><time>2026-08-15T07:38:57Z</time></trkpt>
<trkpt lat="45.235350" lon="141.253146"><ele>7.2</ele><time>2026-08-15T07:39:00Z</time></trkpt>
<trkpt lat="45.235372" lon="141.252343"><ele>7.6</ele><time>2026-08-15T07:39:09Z</time></trkpt>
<trkpt lat="45.235250" lon="141.251254"><ele>7.2</ele><time>2026-08-15T07:39:21Z</time></trkpt>
<trkpt lat="45.235073" lon="141.249925"><ele>6.4</ele><time>2026-08-15T07:39:35Z</time></trkpt>
<trkpt lat="45.234806" lon="141.248679"><ele>6.8</ele><time>2026-08-15T07:39:49Z</time></trkpt>
<trkpt lat="45.233976" lon="141.245885"><ele>7.6</ele><time>2026-08-15T07:40:22Z</time></trkpt>
<trkpt lat="45.233914" lon="141.245631"><ele>7.8</ele><time>2026-08-15T07:40:25Z</time></trkpt>
<trkpt lat="45.233841" lon="141.245083"><ele>7.8</ele><time>2026-08-15T07:40:31Z</time></trkpt>
<trkpt lat="45.233863" lon="141.243574"><ele>7.2</ele><time>2026-08-15T07:40:48Z</time></trkpt>
<trkpt lat="45.233917" lon="141.242996"><ele>7.4</ele><time>2026-08-15T07:40:54Z</time></trkpt>
<trkpt lat="45.234194" lon="141.241437"><ele>6.8</ele><time>2026-08-15T07:41:12Z</time></trkpt>
<trkpt lat="45.234317" lon="141.239553"><ele>8.4</ele><time>2026-08-15T07:41:33Z</time></trkpt>
<trkpt lat="45.234335" lon="141.238868"><ele>10.6</ele><time>2026-08-15T07:41:42Z</time></trkpt>
<trkpt lat="45.234283" lon="141.238189"><ele>11.6</ele><time>2026-08-15T07:41:51Z</time></trkpt>
<trkpt lat="45.234193" lon="141.237777"><ele>10.6</ele><time>2026-08-15T07:41:56Z</time></trkpt>
<trkpt lat="45.233731" lon="141.236423"><ele>7.6</ele><time>2026-08-15T07:42:12Z</time></trkpt>
<trkpt lat="45.233616" lon="141.235784"><ele>7.0</ele><time>2026-08-15T07:42:19Z</time></trkpt>
<trkpt lat="45.233721" lon="141.234165"><ele>5.6</ele><time>2026-08-15T07:42:45Z</time></trkpt>
<trkpt lat="45.234226" lon="141.232498"><ele>6.2</ele><time>2026-08-15T07:42:59Z</time></trkpt>
<trkpt lat="45.234394" lon="141.232360"><ele>6.2</ele><time>2026-08-15T07:43:00Z</time></trkpt>
<trkpt lat="45.234512" lon="141.231906"><ele>5.2</ele><time>2026-08-15T07:43:06Z</time></trkpt>
<trkpt lat="45.235210" lon="141.229774"><ele>4.4</ele><time>2026-08-15T07:43:33Z</time></trkpt>
<trkpt lat="45.235566" lon="141.229049"><ele>4.6</ele><time>2026-08-15T07:43:44Z</time></trkpt>
<trkpt lat="45.236256" lon="141.227960"><ele>5.2</ele><time>2026-08-15T07:44:01Z</time></trkpt>
<trkpt lat="45.236391" lon="141.227791"><ele>3.6</ele><time>2026-08-15T07:44:04Z</time></trkpt>
<trkpt lat="45.236875" lon="141.227341"><ele>3.6</ele><time>2026-08-15T07:44:14Z</time></trkpt>
<trkpt lat="45.237084" lon="141.227171"><ele>4.8</ele><time>2026-08-15T07:44:18Z</time></trkpt>
<trkpt lat="45.237280" lon="141.227063"><ele>5.6</ele><time>2026-08-15T07:44:22Z</time></trkpt>
<trkpt lat="45.237487" lon="141.227016"><ele>4.0</ele><time>2026-08-15T07:44:26Z</time></trkpt>
<trkpt lat="45.237700" lon="141.227037"><ele>4.0</ele><time>2026-08-15T07:44:30Z</time></trkpt>
<trkpt lat="45.237965" lon="141.227139"><ele>4.0</ele><time>2026-08-15T07:44:35Z</time></trkpt>
<trkpt lat="45.238769" lon="141.227750"><ele>2.6</ele><time>2026-08-15T07:44:52Z</time></trkpt>
<trkpt lat="45.239167" lon="141.227826"><ele>2.0</ele><time>2026-08-15T07:44:59Z</time></trkpt>
<trkpt lat="45.239466" lon="141.227737"><ele>1.6</ele><time>2026-08-15T07:45:04Z</time></trkpt>
<trkpt lat="45.240751" lon="141.226894"><ele>1.8</ele><time>2026-08-15T07:45:28Z</time></trkpt>
<trkpt lat="45.241087" lon="141.226725"><ele>2.6</ele><time>2026-08-15T07:45:34Z</time></trkpt>
<trkpt lat="45.241441" lon="141.226641"><ele>1.6</ele><time>2026-08-15T07:45:40Z</time></trkpt>
<trkpt lat="45.241759" lon="141.226668"><ele>2.4</ele><time>2026-08-15T07:45:46Z</time></trkpt>
<trkpt lat="45.241906" lon="141.226723"><ele>2.8</ele><time>2026-08-15T07:45:50Z</time></trkpt>
<trkpt lat="45.241931" lon="141.226855"><ele>3.4</ele><time>2026-08-15T07:45:53Z</time></trkpt>
<trkpt lat="45.242070" lon="141.226929"><ele>3.8</ele><time>2026-08-15T07:46:14Z</time></trkpt>
<trkpt lat="45.242139" lon="141.227481"><ele>1.2</ele><time>2026-08-15T07:46:24Z</time></trkpt>
<trkpt lat="45.242191" lon="141.227628"><ele>1.6</ele><time>2026-08-15T07:46:28Z</time></trkpt>
<trkpt lat="45.242383" lon="141.227862"><ele>2.6</ele><time>2026-08-15T07:46:37Z</time></trkpt>
<trkpt lat="45.242369" lon="141.227849"><ele>3.0</ele><time>2026-08-15T07:46:47Z</time></trkpt>
<trkpt lat="45.242370" lon="141.227906"><ele>3.0</ele><time>2026-08-15T07:46:59Z</time></trkpt>
<trkpt lat="45.242286" lon="141.227928"><ele>3.0</ele><time>2026-08-15T07:47:04Z</time></trkpt>
<trkpt lat="45.242028" lon="141.227739"><ele>2.8</ele><time>2026-08-15T07:47:13Z</time></trkpt>
<trkpt lat="45.241699" lon="141.227777"><ele>2.4</ele><time>2026-08-15T07:47:22Z</time></trkpt>
<trkpt lat="45.241207" lon="141.227883"><ele>3.0</ele><time>2026-08-15T07:47:36Z</time></trkpt>
<trkpt lat="45.241060" lon="141.227875"><ele>2.6</ele><time>2026-08-15T07:47:41Z</time></trkpt>
<trkpt lat="45.241002" lon="141.227720"><ele>2.8</ele><time>2026-08-15T07:47:46Z</time></trkpt>
<trkpt lat="45.241017" lon="141.227614"><ele>3.0</ele><time>2026-08-15T07:47:51Z</time></trkpt>
<trkpt lat="45.240985" lon="141.227613"><ele>2.8</ele><time>2026-08-15T07:47:57Z</time></trkpt></trkseg><trkseg>
<trkpt lat="45.298397" lon="141.045067"><ele>5.4</ele><time>2026-08-16T01:27:35Z</time></trkpt>
<trkpt lat="45.298588" lon="141.045013"><ele>5.6</ele><time>2026-08-16T01:27:50Z</time></trkpt>
<trkpt lat="45.298629" lon="141.044956"><ele>5.6</ele><time>2026-08-16T01:27:52Z</time></trkpt>
<trkpt lat="45.298624" lon="141.044873"><ele>5.4</ele><time>2026-08-16T01:27:54Z</time></trkpt>
<trkpt lat="45.298544" lon="141.044784"><ele>4.8</ele><time>2026-08-16T01:27:57Z</time></trkpt>
<trkpt lat="45.298318" lon="141.044703"><ele>6.0</ele><time>2026-08-16T01:28:06Z</time></trkpt>
<trkpt lat="45.298333" lon="141.044671"><ele>6.2</ele><time>2026-08-16T01:28:24Z</time></trkpt>
<trkpt lat="45.298027" lon="141.044513"><ele>5.4</ele><time>2026-08-16T01:28:42Z</time></trkpt>
<trkpt lat="45.297239" lon="141.044324"><ele>5.2</ele><time>2026-08-16T01:29:01Z</time></trkpt>
<trkpt lat="45.296717" lon="141.044273"><ele>6.6</ele><time>2026-08-16T01:29:14Z</time></trkpt>
<trkpt lat="45.296419" lon="141.044309"><ele>7.6</ele><time>2026-08-16T01:29:21Z</time></trkpt>
<trkpt lat="45.293410" lon="141.045264"><ele>4.4</ele><time>2026-08-16T01:30:27Z</time></trkpt>
<trkpt lat="45.291517" lon="141.046485"><ele>5.2</ele><time>2026-08-16T01:31:15Z</time></trkpt>
<trkpt lat="45.290849" lon="141.046649"><ele>5.4</ele><time>2026-08-16T01:31:32Z</time></trkpt>
<trkpt lat="45.288844" lon="141.046876"><ele>5.4</ele><time>2026-08-16T01:32:18Z</time></trkpt>
<trkpt lat="45.288076" lon="141.046861"><ele>5.2</ele><time>2026-08-16T01:32:34Z</time></trkpt>
<trkpt lat="45.287435" lon="141.046704"><ele>5.0</ele><time>2026-08-16T01:32:49Z</time></trkpt>
<trkpt lat="45.286312" lon="141.046167"><ele>4.0</ele><time>2026-08-16T01:33:15Z</time></trkpt>
<trkpt lat="45.285639" lon="141.045961"><ele>6.6</ele><time>2026-08-16T01:33:31Z</time></trkpt>
<trkpt lat="45.284686" lon="141.045523"><ele>3.6</ele><time>2026-08-16T01:33:53Z</time></trkpt>
<trkpt lat="45.284107" lon="141.045320"><ele>4.0</ele><time>2026-08-16T01:34:06Z</time></trkpt>
<trkpt lat="45.283048" lon="141.045075"><ele>4.8</ele><time>2026-08-16T01:34:30Z</time></trkpt>
<trkpt lat="45.282002" lon="141.044978"><ele>3.8</ele><time>2026-08-16T01:34:52Z</time></trkpt>
<trkpt lat="45.281315" lon="141.045099"><ele>4.4</ele><time>2026-08-16T01:35:08Z</time></trkpt>
<trkpt lat="45.280635" lon="141.045402"><ele>4.4</ele><time>2026-08-16T01:35:24Z</time></trkpt>
<trkpt lat="45.279815" lon="141.045394"><ele>4.4</ele><time>2026-08-16T01:35:43Z</time></trkpt>
<trkpt lat="45.279497" lon="141.045464"><ele>5.6</ele><time>2026-08-16T01:35:50Z</time></trkpt>
<trkpt lat="45.279245" lon="141.045642"><ele>5.4</ele><time>2026-08-16T01:35:56Z</time></trkpt>
<trkpt lat="45.279133" lon="141.045780"><ele>4.8</ele><time>2026-08-16T01:35:59Z</time></trkpt>
<trkpt lat="45.278856" lon="141.046255"><ele>2.8</ele><time>2026-08-16T01:36:08Z</time></trkpt>
<trkpt lat="45.278545" lon="141.046398"><ele>2.6</ele><time>2026-08-16T01:36:16Z</time></trkpt>
<trkpt lat="45.278369" lon="141.046379"><ele>4.4</ele><time>2026-08-16T01:36:21Z</time></trkpt>
<trkpt lat="45.277649" lon="141.045695"><ele>6.2</ele><time>2026-08-16T01:36:48Z</time></trkpt>
<trkpt lat="45.277696" lon="141.045669"><ele>6.6</ele><time>2026-08-16T01:37:11Z</time></trkpt>
<trkpt lat="45.277664" lon="141.045730"><ele>6.2</ele><time>2026-08-16T01:37:31Z</time></trkpt>
<trkpt lat="45.277632" lon="141.045613"><ele>5.2</ele><time>2026-08-16T01:38:23Z</time></trkpt>
<trkpt lat="45.277337" lon="141.045142"><ele>5.0</ele><time>2026-08-16T01:38:36Z</time></trkpt>
<trkpt lat="45.277011" lon="141.044714"><ele>4.2</ele><time>2026-08-16T01:38:47Z</time></trkpt>
<trkpt lat="45.276669" lon="141.044367"><ele>3.2</ele><time>2026-08-16T01:38:57Z</time></trkpt>
<trkpt lat="45.275748" lon="141.043770"><ele>5.8</ele><time>2026-08-16T01:39:20Z</time></trkpt>
<trkpt lat="45.274697" lon="141.043351"><ele>3.4</ele><time>2026-08-16T01:39:44Z</time></trkpt>
<trkpt lat="45.274457" lon="141.043112"><ele>2.4</ele><time>2026-08-16T01:39:51Z</time></trkpt>
<trkpt lat="45.274268" lon="141.042784"><ele>3.8</ele><time>2026-08-16T01:39:58Z</time></trkpt>
<trkpt lat="45.274120" lon="141.042377"><ele>4.0</ele><time>2026-08-16T01:40:05Z</time></trkpt>
<trkpt lat="45.274079" lon="141.041987"><ele>4.0</ele><time>2026-08-16T01:40:11Z</time></trkpt>
<trkpt lat="45.274089" lon="141.041512"><ele>4.2</ele><time>2026-08-16T01:40:18Z</time></trkpt>
<trkpt lat="45.274239" lon="141.039960"><ele>6.0</ele><time>2026-08-16T01:40:41Z</time></trkpt>
<trkpt lat="45.274430" lon="141.039384"><ele>5.0</ele><time>2026-08-16T01:40:49Z</time></trkpt>
<trkpt lat="45.275130" lon="141.037921"><ele>5.2</ele><time>2026-08-16T01:41:12Z</time></trkpt>
<trkpt lat="45.275276" lon="141.037525"><ele>6.0</ele><time>2026-08-16T01:41:18Z</time></trkpt>
<trkpt lat="45.275418" lon="141.037066"><ele>5.6</ele><time>2026-08-16T01:41:25Z</time></trkpt>
<trkpt lat="45.275543" lon="141.036272"><ele>5.8</ele><time>2026-08-16T01:41:36Z</time></trkpt>
<trkpt lat="45.275528" lon="141.035785"><ele>6.2</ele><time>2026-08-16T01:41:43Z</time></trkpt>
<trkpt lat="45.275445" lon="141.035361"><ele>5.6</ele><time>2026-08-16T01:41:49Z</time></trkpt>
<trkpt lat="45.275124" lon="141.034812"><ele>4.4</ele><time>2026-08-16T01:41:59Z</time></trkpt>
<trkpt lat="45.274788" lon="141.033586"><ele>5.6</ele><time>2026-08-16T01:42:19Z</time></trkpt>
<trkpt lat="45.274296" lon="141.032205"><ele>5.2</ele><time>2026-08-16T01:42:41Z</time></trkpt>
<trkpt lat="45.273852" lon="141.030687"><ele>5.2</ele><time>2026-08-16T01:43:04Z</time></trkpt>
<trkpt lat="45.273710" lon="141.029824"><ele>4.4</ele><time>2026-08-16T01:43:17Z</time></trkpt>
<trkpt lat="45.273626" lon="141.029192"><ele>5.6</ele><time>2026-08-16T01:43:26Z</time></trkpt>
<trkpt lat="45.273549" lon="141.028017"><ele>6.0</ele><time>2026-08-16T01:43:43Z</time></trkpt>
<trkpt lat="45.273657" lon="141.027100"><ele>5.4</ele><time>2026-08-16T01:43:55Z</time></trkpt>
<trkpt lat="45.273791" lon="141.026500"><ele>6.2</ele><time>2026-08-16T01:44:03Z</time></trkpt>
<trkpt lat="45.273970" lon="141.025920"><ele>6.8</ele><time>2026-08-16T01:44:11Z</time></trkpt>
<trkpt lat="45.274541" lon="141.024987"><ele>8.8</ele><time>2026-08-16T01:44:33Z</time></trkpt>
<trkpt lat="45.274499" lon="141.024976"><ele>8.8</ele><time>2026-08-16T01:46:22Z</time></trkpt>
<trkpt lat="45.274527" lon="141.025024"><ele>8.8</ele><time>2026-08-16T01:47:28Z</time></trkpt>
<trkpt lat="45.274505" lon="141.024974"><ele>8.8</ele><time>2026-08-16T01:48:17Z</time></trkpt>
<trkpt lat="45.274511" lon="141.025016"><ele>8.8</ele><time>2026-08-16T01:48:32Z</time></trkpt>
<trkpt lat="45.274546" lon="141.024942"><ele>8.8</ele><time>2026-08-16T01:49:00Z</time></trkpt>
<trkpt lat="45.274501" lon="141.025115"><ele>3.2</ele><time>2026-08-16T01:49:22Z</time></trkpt>
<trkpt lat="45.273999" lon="141.025907"><ele>2.8</ele><time>2026-08-16T01:49:41Z</time></trkpt>
<trkpt lat="45.273693" lon="141.026917"><ele>2.2</ele><time>2026-08-16T01:49:58Z</time></trkpt>
<trkpt lat="45.273547" lon="141.027901"><ele>2.4</ele><time>2026-08-16T01:50:13Z</time></trkpt>
<trkpt lat="45.273612" lon="141.029088"><ele>2.8</ele><time>2026-08-16T01:50:31Z</time></trkpt>
<trkpt lat="45.273870" lon="141.030859"><ele>4.0</ele><time>2026-08-16T01:50:56Z</time></trkpt>
<trkpt lat="45.274827" lon="141.033689"><ele>4.6</ele><time>2026-08-16T01:51:40Z</time></trkpt>
<trkpt lat="45.275121" lon="141.034743"><ele>5.6</ele><time>2026-08-16T01:51:56Z</time></trkpt>
<trkpt lat="45.275470" lon="141.035314"><ele>4.8</ele><time>2026-08-16T01:52:06Z</time></trkpt>
<trkpt lat="45.275538" lon="141.035715"><ele>5.8</ele><time>2026-08-16T01:52:12Z</time></trkpt>
<trkpt lat="45.275566" lon="141.036273"><ele>4.8</ele><time>2026-08-16T01:52:20Z</time></trkpt>
<trkpt lat="45.275467" lon="141.036975"><ele>3.4</ele><time>2026-08-16T01:52:31Z</time></trkpt>
<trkpt lat="45.275194" lon="141.037903"><ele>4.0</ele><time>2026-08-16T01:52:46Z</time></trkpt>
<trkpt lat="45.274428" lon="141.039445"><ele>3.4</ele><time>2026-08-16T01:53:13Z</time></trkpt>
<trkpt lat="45.274334" lon="141.039777"><ele>2.2</ele><time>2026-08-16T01:53:18Z</time></trkpt>
<trkpt lat="45.274234" lon="141.040472"><ele>3.8</ele><time>2026-08-16T01:53:29Z</time></trkpt>
<trkpt lat="45.274134" lon="141.041621"><ele>2.4</ele><time>2026-08-16T01:53:46Z</time></trkpt>
<trkpt lat="45.274155" lon="141.042311"><ele>4.0</ele><time>2026-08-16T01:53:56Z</time></trkpt>
<trkpt lat="45.274365" lon="141.042899"><ele>4.8</ele><time>2026-08-16T01:54:05Z</time></trkpt>
<trkpt lat="45.274575" lon="141.043182"><ele>5.4</ele><time>2026-08-16T01:54:10Z</time></trkpt>
<trkpt lat="45.274856" lon="141.043404"><ele>5.2</ele><time>2026-08-16T01:54:15Z</time></trkpt>
<trkpt lat="45.275469" lon="141.043608"><ele>5.6</ele><time>2026-08-16T01:54:25Z</time></trkpt>
<trkpt lat="45.276428" lon="141.044140"><ele>5.0</ele><time>2026-08-16T01:54:42Z</time></trkpt>
<trkpt lat="45.277010" lon="141.044674"><ele>5.2</ele><time>2026-08-16T01:54:53Z</time></trkpt>
<trkpt lat="45.277562" lon="141.045457"><ele>4.8</ele><time>2026-08-16T01:55:05Z</time></trkpt>
<trkpt lat="45.278304" lon="141.046296"><ele>5.2</ele><time>2026-08-16T01:55:19Z</time></trkpt>
<trkpt lat="45.278511" lon="141.046356"><ele>5.4</ele><time>2026-08-16T01:55:22Z</time></trkpt>
<trkpt lat="45.278784" lon="141.046272"><ele>5.8</ele><time>2026-08-16T01:55:26Z</time></trkpt>
<trkpt lat="45.279148" lon="141.045677"><ele>4.4</ele><time>2026-08-16T01:55:34Z</time></trkpt>
<trkpt lat="45.279457" lon="141.045419"><ele>2.8</ele><time>2026-08-16T01:55:40Z</time></trkpt>
<trkpt lat="45.279743" lon="141.045337"><ele>3.0</ele><time>2026-08-16T01:55:45Z</time></trkpt>
<trkpt lat="45.280596" lon="141.045368"><ele>4.8</ele><time>2026-08-16T01:55:59Z</time></trkpt>
<trkpt lat="45.281323" lon="141.045080"><ele>4.2</ele><time>2026-08-16T01:56:11Z</time></trkpt>
<trkpt lat="45.281706" lon="141.044977"><ele>4.6</ele><time>2026-08-16T01:56:17Z</time></trkpt>
<trkpt lat="45.282159" lon="141.044935"><ele>4.6</ele><time>2026-08-16T01:56:24Z</time></trkpt>
<trkpt lat="45.283127" lon="141.045019"><ele>4.6</ele><time>2026-08-16T01:56:39Z</time></trkpt>
<trkpt lat="45.284412" lon="141.045351"><ele>4.8</ele><time>2026-08-16T01:57:00Z</time></trkpt>
<trkpt lat="45.285451" lon="141.045831"><ele>6.8</ele><time>2026-08-16T01:57:17Z</time></trkpt>
<trkpt lat="45.286487" lon="141.046198"><ele>5.0</ele><time>2026-08-16T01:57:36Z</time></trkpt>
<trkpt lat="45.287229" lon="141.046609"><ele>5.4</ele><time>2026-08-16T01:57:49Z</time></trkpt>
<trkpt lat="45.287774" lon="141.046788"><ele>5.6</ele><time>2026-08-16T01:57:58Z</time></trkpt>
<trkpt lat="45.288150" lon="141.046858"><ele>5.8</ele><time>2026-08-16T01:58:04Z</time></trkpt>
<trkpt lat="45.289156" lon="141.046812"><ele>6.2</ele><time>2026-08-16T01:58:20Z</time></trkpt>
<trkpt lat="45.290628" lon="141.046649"><ele>6.2</ele><time>2026-08-16T01:58:43Z</time></trkpt>
<trkpt lat="45.291121" lon="141.046564"><ele>6.8</ele><time>2026-08-16T01:58:51Z</time></trkpt>
<trkpt lat="45.291541" lon="141.046428"><ele>7.0</ele><time>2026-08-16T01:58:58Z</time></trkpt>
<trkpt lat="45.293192" lon="141.045336"><ele>6.2</ele><time>2026-08-16T01:59:25Z</time></trkpt>
<trkpt lat="45.293524" lon="141.045187"><ele>6.2</ele><time>2026-08-16T01:59:30Z</time></trkpt>
<trkpt lat="45.296267" lon="141.044277"><ele>6.0</ele><time>2026-08-16T02:00:16Z</time></trkpt>
<trkpt lat="45.296710" lon="141.044227"><ele>5.8</ele><time>2026-08-16T02:00:23Z</time></trkpt>
<trkpt lat="45.297128" lon="141.044240"><ele>4.8</ele><time>2026-08-16T02:00:29Z</time></trkpt>
<trkpt lat="45.297805" lon="141.044377"><ele>4.2</ele><time>2026-08-16T02:00:39Z</time></trkpt>
<trkpt lat="45.298898" lon="141.044885"><ele>3.6</ele><time>2026-08-16T02:00:56Z</time></trkpt>
<trkpt lat="45.299139" lon="141.045077"><ele>3.6</ele><time>2026-08-16T02:01:00Z</time></trkpt>
<trkpt lat="45.300029" lon="141.046244"><ele>3.8</ele><time>2026-08-16T02:01:19Z</time></trkpt>
<trkpt lat="45.300456" lon="141.046716"><ele>4.6</ele><time>2026-08-16T02:01:28Z</time></trkpt>
<trkpt lat="45.300629" lon="141.046794"><ele>5.0</ele><time>2026-08-16T02:01:31Z</time></trkpt>
<trkpt lat="45.301299" lon="141.046856"><ele>4.8</ele><time>2026-08-16T02:01:42Z</time></trkpt>
<trkpt lat="45.302393" lon="141.047335"><ele>4.0</ele><time>2026-08-16T02:02:01Z</time></trkpt>
<trkpt lat="45.303595" lon="141.047709"><ele>5.8</ele><time>2026-08-16T02:02:50Z</time></trkpt>
<trkpt lat="45.303973" lon="141.048050"><ele>5.4</ele><time>2026-08-16T02:03:00Z</time></trkpt>
<trkpt lat="45.304241" lon="141.048381"><ele>5.8</ele><time>2026-08-16T02:03:07Z</time></trkpt>
<trkpt lat="45.305187" lon="141.049809"><ele>5.2</ele><time>2026-08-16T02:03:33Z</time></trkpt>
<trkpt lat="45.305635" lon="141.050314"><ele>5.8</ele><time>2026-08-16T02:03:43Z</time></trkpt>
<trkpt lat="45.306036" lon="141.050612"><ele>4.6</ele><time>2026-08-16T02:03:50Z</time></trkpt>
<trkpt lat="45.306859" lon="141.051104"><ele>4.6</ele><time>2026-08-16T02:04:03Z</time></trkpt>
<trkpt lat="45.307704" lon="141.051117"><ele>5.6</ele><time>2026-08-16T02:04:16Z</time></trkpt>
<trkpt lat="45.310977" lon="141.052076"><ele>5.4</ele><time>2026-08-16T02:05:08Z</time></trkpt>
<trkpt lat="45.311274" lon="141.052274"><ele>5.0</ele><time>2026-08-16T02:05:13Z</time></trkpt>
<trkpt lat="45.311936" lon="141.052887"><ele>4.8</ele><time>2026-08-16T02:05:25Z</time></trkpt>
<trkpt lat="45.313194" lon="141.053804"><ele>5.2</ele><time>2026-08-16T02:05:46Z</time></trkpt>
<trkpt lat="45.313628" lon="141.054194"><ele>5.2</ele><time>2026-08-16T02:05:54Z</time></trkpt>
<trkpt lat="45.314971" lon="141.055091"><ele>5.6</ele><time>2026-08-16T02:06:16Z</time></trkpt>
<trkpt lat="45.315232" lon="141.055193"><ele>5.8</ele><time>2026-08-16T02:06:20Z</time></trkpt>
<trkpt lat="45.315653" lon="141.055207"><ele>5.0</ele><time>2026-08-16T02:06:27Z</time></trkpt>
<trkpt lat="45.315867" lon="141.055279"><ele>5.4</ele><time>2026-08-16T02:06:46Z</time></trkpt>
<trkpt lat="45.315841" lon="141.055241"><ele>5.4</ele><time>2026-08-16T02:06:58Z</time></trkpt>
<trkpt lat="45.315909" lon="141.055022"><ele>5.8</ele><time>2026-08-16T02:11:40Z</time></trkpt>
<trkpt lat="45.315896" lon="141.055139"><ele>5.6</ele><time>2026-08-16T02:11:47Z</time></trkpt>
<trkpt lat="45.315825" lon="141.055269"><ele>5.6</ele><time>2026-08-16T02:12:03Z</time></trkpt>
<trkpt lat="45.315655" lon="141.055211"><ele>5.6</ele><time>2026-08-16T02:12:35Z</time></trkpt>
<trkpt lat="45.315875" lon="141.055335"><ele>5.4</ele><time>2026-08-16T02:13:07Z</time></trkpt>
<trkpt lat="45.315782" lon="141.055544"><ele>4.8</ele><time>2026-08-16T02:13:30Z</time></trkpt>
<trkpt lat="45.315853" lon="141.055336"><ele>5.4</ele><time>2026-08-16T02:13:51Z</time></trkpt>
<trkpt lat="45.315809" lon="141.055358"><ele>5.4</ele><time>2026-08-16T02:14:10Z</time></trkpt>
<trkpt lat="45.315856" lon="141.055194"><ele>5.4</ele><time>2026-08-16T02:14:56Z</time></trkpt>
<trkpt lat="45.315859" lon="141.055236"><ele>5.4</ele><time>2026-08-16T02:15:16Z</time></trkpt>
<trkpt lat="45.315883" lon="141.055211"><ele>5.4</ele><time>2026-08-16T02:15:34Z</time></trkpt>
<trkpt lat="45.315838" lon="141.055228"><ele>5.4</ele><time>2026-08-16T02:16:08Z</time></trkpt>
<trkpt lat="45.315845" lon="141.055159"><ele>5.4</ele><time>2026-08-16T02:16:35Z</time></trkpt>
<trkpt lat="45.315842" lon="141.055250"><ele>5.4</ele><time>2026-08-16T02:16:54Z</time></trkpt>
<trkpt lat="45.315852" lon="141.055132"><ele>5.4</ele><time>2026-08-16T02:17:10Z</time></trkpt>
<trkpt lat="45.315836" lon="141.055244"><ele>5.4</ele><time>2026-08-16T02:17:52Z</time></trkpt>
<trkpt lat="45.315848" lon="141.055060"><ele>5.4</ele><time>2026-08-16T02:18:20Z</time></trkpt>
<trkpt lat="45.315852" lon="141.055213"><ele>5.4</ele><time>2026-08-16T02:18:38Z</time></trkpt>
<trkpt lat="45.315802" lon="141.055214"><ele>5.6</ele><time>2026-08-16T02:18:45Z</time></trkpt>
<trkpt lat="45.315788" lon="141.055327"><ele>6.4</ele><time>2026-08-16T02:18:58Z</time></trkpt>
<trkpt lat="45.315870" lon="141.055286"><ele>6.0</ele><time>2026-08-16T02:19:21Z</time></trkpt>
<trkpt lat="45.315844" lon="141.055285"><ele>5.8</ele><time>2026-08-16T02:19:46Z</time></trkpt>
<trkpt lat="45.316156" lon="141.055536"><ele>5.4</ele><time>2026-08-16T02:20:03Z</time></trkpt>
<trkpt lat="45.316513" lon="141.055921"><ele>6.0</ele><time>2026-08-16T02:20:14Z</time></trkpt>
<trkpt lat="45.316799" lon="141.056130"><ele>6.0</ele><time>2026-08-16T02:20:20Z</time></trkpt>
<trkpt lat="45.316967" lon="141.056185"><ele>6.0</ele><time>2026-08-16T02:20:23Z</time></trkpt>
<trkpt lat="45.317369" lon="141.056245"><ele>5.6</ele><time>2026-08-16T02:20:30Z</time></trkpt>
<trkpt lat="45.318101" lon="141.056248"><ele>5.8</ele><time>2026-08-16T02:20:42Z</time></trkpt>
<trkpt lat="45.318338" lon="141.056303"><ele>5.8</ele><time>2026-08-16T02:20:46Z</time></trkpt>
<trkpt lat="45.319030" lon="141.056649"><ele>7.6</ele><time>2026-08-16T02:20:58Z</time></trkpt>
<trkpt lat="45.319285" lon="141.056609"><ele>8.2</ele><time>2026-08-16T02:21:02Z</time></trkpt>
<trkpt lat="45.319849" lon="141.056209"><ele>7.6</ele><time>2026-08-16T02:21:12Z</time></trkpt>
<trkpt lat="45.320156" lon="141.056085"><ele>6.8</ele><time>2026-08-16T02:21:17Z</time></trkpt>
<trkpt lat="45.321013" lon="141.056024"><ele>6.4</ele><time>2026-08-16T02:21:30Z</time></trkpt>
<trkpt lat="45.323311" lon="141.055196"><ele>6.8</ele><time>2026-08-16T02:22:06Z</time></trkpt>
<trkpt lat="45.324526" lon="141.054378"><ele>7.0</ele><time>2026-08-16T02:22:27Z</time></trkpt>
<trkpt lat="45.325329" lon="141.053957"><ele>7.6</ele><time>2026-08-16T02:22:40Z</time></trkpt>
<trkpt lat="45.325534" lon="141.053893"><ele>6.4</ele><time>2026-08-16T02:22:43Z</time></trkpt>
<trkpt lat="45.326735" lon="141.053987"><ele>5.4</ele><time>2026-08-16T02:23:02Z</time></trkpt>
<trkpt lat="45.327122" lon="141.053852"><ele>6.4</ele><time>2026-08-16T02:23:08Z</time></trkpt>
<trkpt lat="45.327946" lon="141.053231"><ele>6.2</ele><time>2026-08-16T02:23:22Z</time></trkpt>
<trkpt lat="45.328317" lon="141.053076"><ele>5.6</ele><time>2026-08-16T02:23:28Z</time></trkpt>
<trkpt lat="45.329799" lon="141.053000"><ele>6.0</ele><time>2026-08-16T02:23:50Z</time></trkpt>
<trkpt lat="45.330173" lon="141.052770"><ele>6.2</ele><time>2026-08-16T02:23:56Z</time></trkpt>
<trkpt lat="45.330686" lon="141.052018"><ele>6.6</ele><time>2026-08-16T02:24:07Z</time></trkpt>
<trkpt lat="45.330797" lon="141.051913"><ele>6.8</ele><time>2026-08-16T02:24:09Z</time></trkpt>
<trkpt lat="45.331644" lon="141.051207"><ele>6.2</ele><time>2026-08-16T02:24:24Z</time></trkpt>
<trkpt lat="45.332020" lon="141.051033"><ele>5.2</ele><time>2026-08-16T02:24:30Z</time></trkpt>
<trkpt lat="45.332206" lon="141.050991"><ele>4.2</ele><time>2026-08-16T02:24:33Z</time></trkpt>
<trkpt lat="45.333026" lon="141.051154"><ele>5.0</ele><time>2026-08-16T02:24:46Z</time></trkpt>
<trkpt lat="45.333208" lon="141.051112"><ele>5.8</ele><time>2026-08-16T02:24:49Z</time></trkpt>
<trkpt lat="45.333882" lon="141.050712"><ele>5.8</ele><time>2026-08-16T02:25:01Z</time></trkpt>
<trkpt lat="45.334061" lon="141.050700"><ele>5.6</ele><time>2026-08-16T02:25:04Z</time></trkpt>
<trkpt lat="45.334289" lon="141.050738"><ele>5.4</ele><time>2026-08-16T02:25:08Z</time></trkpt>
<trkpt lat="45.334450" lon="141.050819"><ele>5.6</ele><time>2026-08-16T02:25:11Z</time></trkpt>
<trkpt lat="45.334961" lon="141.051177"><ele>5.8</ele><time>2026-08-16T02:25:20Z</time></trkpt>
<trkpt lat="45.335216" lon="141.051250"><ele>6.4</ele><time>2026-08-16T02:25:24Z</time></trkpt>
<trkpt lat="45.335486" lon="141.051218"><ele>6.4</ele><time>2026-08-16T02:25:28Z</time></trkpt>
<trkpt lat="45.335740" lon="141.051069"><ele>6.2</ele><time>2026-08-16T02:25:32Z</time></trkpt>
<trkpt lat="45.335998" lon="141.050761"><ele>6.0</ele><time>2026-08-16T02:25:37Z</time></trkpt>
<trkpt lat="45.336360" lon="141.050008"><ele>5.2</ele><time>2026-08-16T02:25:48Z</time></trkpt>
<trkpt lat="45.336600" lon="141.049665"><ele>5.2</ele><time>2026-08-16T02:25:54Z</time></trkpt>
<trkpt lat="45.337033" lon="141.049302"><ele>5.0</ele><time>2026-08-16T02:26:02Z</time></trkpt>
<trkpt lat="45.337496" lon="141.049179"><ele>5.4</ele><time>2026-08-16T02:26:10Z</time></trkpt>
<trkpt lat="45.338849" lon="141.049262"><ele>5.8</ele><time>2026-08-16T02:26:32Z</time></trkpt>
<trkpt lat="45.339622" lon="141.048971"><ele>5.0</ele><time>2026-08-16T02:26:45Z</time></trkpt>
<trkpt lat="45.340035" lon="141.048905"><ele>5.8</ele><time>2026-08-16T02:26:52Z</time></trkpt>
<trkpt lat="45.340875" lon="141.049049"><ele>5.0</ele><time>2026-08-16T02:27:06Z</time></trkpt>
<trkpt lat="45.341321" lon="141.049480"><ele>2.8</ele><time>2026-08-16T02:27:15Z</time></trkpt>
<trkpt lat="45.341605" lon="141.049910"><ele>3.8</ele><time>2026-08-16T02:27:22Z</time></trkpt>
<trkpt lat="45.341973" lon="141.050744"><ele>4.4</ele><time>2026-08-16T02:27:36Z</time></trkpt>
<trkpt lat="45.342531" lon="141.052358"><ele>4.4</ele><time>2026-08-16T02:28:04Z</time></trkpt>
<trkpt lat="45.342651" lon="141.052787"><ele>4.8</ele><time>2026-08-16T02:28:11Z</time></trkpt>
<trkpt lat="45.342831" lon="141.053850"><ele>5.8</ele><time>2026-08-16T02:28:27Z</time></trkpt>
<trkpt lat="45.342980" lon="141.054268"><ele>6.2</ele><time>2026-08-16T02:28:33Z</time></trkpt>
<trkpt lat="45.343106" lon="141.054423"><ele>6.4</ele><time>2026-08-16T02:28:36Z</time></trkpt>
<trkpt lat="45.343322" lon="141.054540"><ele>6.8</ele><time>2026-08-16T02:28:40Z</time></trkpt>
<trkpt lat="45.344768" lon="141.054865"><ele>6.2</ele><time>2026-08-16T02:29:05Z</time></trkpt>
<trkpt lat="45.345438" lon="141.055151"><ele>6.2</ele><time>2026-08-16T02:29:16Z</time></trkpt>
<trkpt lat="45.345664" lon="141.055201"><ele>6.2</ele><time>2026-08-16T02:29:20Z</time></trkpt>
<trkpt lat="45.346201" lon="141.055650"><ele>7.0</ele><time>2026-08-16T02:29:31Z</time></trkpt>
<trkpt lat="45.346508" lon="141.055832"><ele>7.4</ele><time>2026-08-16T02:29:35Z</time></trkpt>
<trkpt lat="45.346728" lon="141.055846"><ele>5.0</ele><time>2026-08-16T02:29:39Z</time></trkpt>
<trkpt lat="45.346940" lon="141.055694"><ele>3.8</ele><time>2026-08-16T02:29:44Z</time></trkpt>
<trkpt lat="45.347211" lon="141.055737"><ele>3.8</ele><time>2026-08-16T02:29:52Z</time></trkpt>
<trkpt lat="45.347532" lon="141.055647"><ele>5.4</ele><time>2026-08-16T02:30:02Z</time></trkpt>
<trkpt lat="45.347804" lon="141.055724"><ele>5.0</ele><time>2026-08-16T02:30:10Z</time></trkpt>
<trkpt lat="45.349831" lon="141.056824"><ele>6.2</ele><time>2026-08-16T02:30:43Z</time></trkpt>
<trkpt lat="45.349936" lon="141.057141"><ele>6.0</ele><time>2026-08-16T02:30:45Z</time></trkpt>
<trkpt lat="45.350090" lon="141.057393"><ele>6.2</ele><time>2026-08-16T02:30:48Z</time></trkpt>
<trkpt lat="45.350532" lon="141.057745"><ele>4.8</ele><time>2026-08-16T02:30:56Z</time></trkpt>
<trkpt lat="45.351336" lon="141.058713"><ele>8.0</ele><time>2026-08-16T02:31:14Z</time></trkpt>
<trkpt lat="45.351691" lon="141.058875"><ele>8.6</ele><time>2026-08-16T02:31:20Z</time></trkpt>
<trkpt lat="45.354777" lon="141.058577"><ele>6.8</ele><time>2026-08-16T02:32:08Z</time></trkpt>
<trkpt lat="45.356157" lon="141.058724"><ele>7.4</ele><time>2026-08-16T02:32:29Z</time></trkpt>
<trkpt lat="45.356362" lon="141.058703"><ele>7.8</ele><time>2026-08-16T02:32:32Z</time></trkpt>
<trkpt lat="45.356559" lon="141.058617"><ele>7.6</ele><time>2026-08-16T02:32:35Z</time></trkpt>
<trkpt lat="45.356952" lon="141.058261"><ele>7.2</ele><time>2026-08-16T02:32:42Z</time></trkpt>
<trkpt lat="45.357290" lon="141.058029"><ele>6.6</ele><time>2026-08-16T02:32:48Z</time></trkpt>
<trkpt lat="45.357592" lon="141.057979"><ele>5.2</ele><time>2026-08-16T02:32:53Z</time></trkpt>
<trkpt lat="45.358005" lon="141.058050"><ele>4.0</ele><time>2026-08-16T02:33:00Z</time></trkpt>
<trkpt lat="45.358770" lon="141.058380"><ele>6.0</ele><time>2026-08-16T02:33:13Z</time></trkpt>
<trkpt lat="45.359800" lon="141.059032"><ele>6.4</ele><time>2026-08-16T02:33:32Z</time></trkpt>
<trkpt lat="45.360225" lon="141.059186"><ele>6.2</ele><time>2026-08-16T02:33:39Z</time></trkpt>
<trkpt lat="45.361402" lon="141.059423"><ele>7.2</ele><time>2026-08-16T02:33:58Z</time></trkpt>
<trkpt lat="45.363271" lon="141.059981"><ele>5.6</ele><time>2026-08-16T02:34:31Z</time></trkpt>
<trkpt lat="45.363593" lon="141.059972"><ele>4.4</ele><time>2026-08-16T02:34:38Z</time></trkpt>
<trkpt lat="45.364180" lon="141.059691"><ele>5.8</ele><time>2026-08-16T02:34:53Z</time></trkpt>
<trkpt lat="45.364385" lon="141.059670"><ele>6.2</ele><time>2026-08-16T02:34:58Z</time></trkpt>
<trkpt lat="45.365017" lon="141.058379"><ele>6.8</ele><time>2026-08-16T02:35:07Z</time></trkpt>
<trkpt lat="45.366171" lon="141.058226"><ele>3.6</ele><time>2026-08-16T02:35:25Z</time></trkpt>
<trkpt lat="45.366590" lon="141.058333"><ele>2.2</ele><time>2026-08-16T02:35:32Z</time></trkpt>
<trkpt lat="45.367278" lon="141.058836"><ele>4.0</ele><time>2026-08-16T02:35:45Z</time></trkpt>
<trkpt lat="45.367870" lon="141.059015"><ele>4.4</ele><time>2026-08-16T02:35:54Z</time></trkpt>
<trkpt lat="45.368513" lon="141.058680"><ele>4.4</ele><time>2026-08-16T02:36:03Z</time></trkpt>
<trkpt lat="45.368721" lon="141.059020"><ele>4.2</ele><time>2026-08-16T02:36:07Z</time></trkpt>
<trkpt lat="45.369129" lon="141.059103"><ele>5.2</ele><time>2026-08-16T02:36:13Z</time></trkpt>
<trkpt lat="45.369292" lon="141.059332"><ele>4.8</ele><time>2026-08-16T02:36:16Z</time></trkpt>
<trkpt lat="45.369749" lon="141.059501"><ele>6.2</ele><time>2026-08-16T02:36:24Z</time></trkpt>
<trkpt lat="45.370178" lon="141.059548"><ele>5.8</ele><time>2026-08-16T02:36:30Z</time></trkpt>
<trkpt lat="45.370333" lon="141.059534"><ele>5.8</ele><time>2026-08-16T02:36:32Z</time></trkpt>
<trkpt lat="45.370892" lon="141.059228"><ele>4.4</ele><time>2026-08-16T02:36:40Z</time></trkpt>
<trkpt lat="45.371161" lon="141.059154"><ele>3.4</ele><time>2026-08-16T02:36:44Z</time></trkpt>
<trkpt lat="45.372162" lon="141.059408"><ele>5.0</ele><time>2026-08-16T02:37:00Z</time></trkpt>
<trkpt lat="45.372284" lon="141.059399"><ele>5.8</ele><time>2026-08-16T02:37:02Z</time></trkpt>
<trkpt lat="45.372822" lon="141.059145"><ele>5.2</ele><time>2026-08-16T02:37:11Z</time></trkpt>
<trkpt lat="45.373134" lon="141.059087"><ele>5.0</ele><time>2026-08-16T02:37:16Z</time></trkpt>
<trkpt lat="45.375144" lon="141.059228"><ele>5.6</ele><time>2026-08-16T02:37:45Z</time></trkpt>
<trkpt lat="45.375680" lon="141.059194"><ele>5.0</ele><time>2026-08-16T02:37:52Z</time></trkpt>
<trkpt lat="45.377405" lon="141.058828"><ele>4.6</ele><time>2026-08-16T02:38:17Z</time></trkpt>
<trkpt lat="45.378208" lon="141.058791"><ele>4.4</ele><time>2026-08-16T02:38:29Z</time></trkpt>
<trkpt lat="45.379287" lon="141.058486"><ele>5.4</ele><time>2026-08-16T02:38:46Z</time></trkpt>
<trkpt lat="45.380130" lon="141.058306"><ele>5.6</ele><time>2026-08-16T02:38:58Z</time></trkpt>
<trkpt lat="45.380398" lon="141.058199"><ele>5.4</ele><time>2026-08-16T02:39:02Z</time></trkpt>
<trkpt lat="45.381101" lon="141.057751"><ele>5.4</ele><time>2026-08-16T02:39:13Z</time></trkpt>
<trkpt lat="45.381449" lon="141.057643"><ele>5.4</ele><time>2026-08-16T02:39:18Z</time></trkpt>
<trkpt lat="45.383071" lon="141.057623"><ele>4.2</ele><time>2026-08-16T02:39:40Z</time></trkpt>
<trkpt lat="45.383828" lon="141.057441"><ele>5.0</ele><time>2026-08-16T02:39:50Z</time></trkpt>
<trkpt lat="45.385823" lon="141.056435"><ele>3.4</ele><time>2026-08-16T02:40:20Z</time></trkpt>
<trkpt lat="45.387554" lon="141.055307"><ele>4.6</ele><time>2026-08-16T02:40:50Z</time></trkpt>
<trkpt lat="45.387805" lon="141.055029"><ele>5.0</ele><time>2026-08-16T02:40:55Z</time></trkpt>
<trkpt lat="45.388203" lon="141.054191"><ele>4.4</ele><time>2026-08-16T02:41:05Z</time></trkpt>
<trkpt lat="45.388434" lon="141.053932"><ele>4.6</ele><time>2026-08-16T02:41:09Z</time></trkpt>
<trkpt lat="45.388798" lon="141.053680"><ele>4.6</ele><time>2026-08-16T02:41:15Z</time></trkpt>
<trkpt lat="45.388987" lon="141.053662"><ele>5.2</ele><time>2026-08-16T02:41:18Z</time></trkpt>
<trkpt lat="45.389521" lon="141.053680"><ele>4.6</ele><time>2026-08-16T02:41:26Z</time></trkpt>
<trkpt lat="45.389735" lon="141.053733"><ele>5.6</ele><time>2026-08-16T02:41:29Z</time></trkpt>
<trkpt lat="45.389921" lon="141.053864"><ele>6.4</ele><time>2026-08-16T02:41:32Z</time></trkpt>
<trkpt lat="45.390013" lon="141.053993"><ele>4.2</ele><time>2026-08-16T02:41:34Z</time></trkpt>
<trkpt lat="45.390369" lon="141.054911"><ele>0.0</ele><time>2026-08-16T02:41:46Z</time></trkpt>
<trkpt lat="45.390757" lon="141.056518"><ele>3.8</ele><time>2026-08-16T02:42:07Z</time></trkpt>
<trkpt lat="45.390900" lon="141.056819"><ele>4.0</ele><time>2026-08-16T02:42:11Z</time></trkpt>
<trkpt lat="45.390996" lon="141.056939"><ele>4.4</ele><time>2026-08-16T02:42:13Z</time></trkpt>
<trkpt lat="45.391273" lon="141.057157"><ele>3.6</ele><time>2026-08-16T02:42:18Z</time></trkpt>
<trkpt lat="45.392492" lon="141.057635"><ele>3.4</ele><time>2026-08-16T02:42:37Z</time></trkpt>
<trkpt lat="45.393307" lon="141.057638"><ele>3.2</ele><time>2026-08-16T02:42:50Z</time></trkpt>
<trkpt lat="45.395308" lon="141.058058"><ele>4.2</ele><time>2026-08-16T02:43:21Z</time></trkpt>
<trkpt lat="45.396073" lon="141.058140"><ele>6.2</ele><time>2026-08-16T02:43:34Z</time></trkpt>
<trkpt lat="45.398119" lon="141.057958"><ele>4.0</ele><time>2026-08-16T02:44:04Z</time></trkpt>
<trkpt lat="45.398650" lon="141.057852"><ele>4.4</ele><time>2026-08-16T02:44:12Z</time></trkpt>
<trkpt lat="45.400459" lon="141.057283"><ele>4.6</ele><time>2026-08-16T02:44:40Z</time></trkpt>
<trkpt lat="45.400862" lon="141.057209"><ele>4.8</ele><time>2026-08-16T02:44:46Z</time></trkpt>
<trkpt lat="45.401813" lon="141.057307"><ele>6.0</ele><time>2026-08-16T02:45:01Z</time></trkpt>
<trkpt lat="45.402270" lon="141.057249"><ele>5.0</ele><time>2026-08-16T02:45:08Z</time></trkpt>
<trkpt lat="45.402657" lon="141.057101"><ele>5.4</ele><time>2026-08-16T02:45:14Z</time></trkpt>
<trkpt lat="45.403476" lon="141.056491"><ele>5.4</ele><time>2026-08-16T02:45:29Z</time></trkpt>
<trkpt lat="45.403766" lon="141.056399"><ele>5.0</ele><time>2026-08-16T02:45:34Z</time></trkpt>
<trkpt lat="45.404170" lon="141.056358"><ele>5.2</ele><time>2026-08-16T02:45:40Z</time></trkpt>
<trkpt lat="45.405021" lon="141.056599"><ele>5.0</ele><time>2026-08-16T02:45:52Z</time></trkpt>
<trkpt lat="45.405235" lon="141.056612"><ele>5.0</ele><time>2026-08-16T02:45:55Z</time></trkpt>
<trkpt lat="45.405370" lon="141.056596"><ele>5.2</ele><time>2026-08-16T02:45:57Z</time></trkpt>
<trkpt lat="45.406633" lon="141.056105"><ele>5.2</ele><time>2026-08-16T02:46:17Z</time></trkpt>
<trkpt lat="45.407012" lon="141.056169"><ele>6.0</ele><time>2026-08-16T02:46:23Z</time></trkpt>
<trkpt lat="45.407326" lon="141.056310"><ele>5.8</ele><time>2026-08-16T02:46:28Z</time></trkpt>
<trkpt lat="45.407638" lon="141.056520"><ele>5.6</ele><time>2026-08-16T02:46:33Z</time></trkpt>
<trkpt lat="45.408055" lon="141.056560"><ele>5.8</ele><time>2026-08-16T02:46:39Z</time></trkpt>
<trkpt lat="45.408457" lon="141.056422"><ele>5.8</ele><time>2026-08-16T02:46:45Z</time></trkpt>
<trkpt lat="45.408522" lon="141.056440"><ele>5.6</ele><time>2026-08-16T02:46:46Z</time></trkpt>
<trkpt lat="45.409338" lon="141.056975"><ele>4.6</ele><time>2026-08-16T02:46:59Z</time></trkpt>
<trkpt lat="45.410096" lon="141.057274"><ele>4.0</ele><time>2026-08-16T02:47:10Z</time></trkpt>
<trkpt lat="45.411077" lon="141.057800"><ele>6.2</ele><time>2026-08-16T02:47:26Z</time></trkpt>
<trkpt lat="45.411945" lon="141.057926"><ele>5.4</ele><time>2026-08-16T02:47:39Z</time></trkpt>
<trkpt lat="45.412259" lon="141.058044"><ele>5.2</ele><time>2026-08-16T02:47:44Z</time></trkpt>
<trkpt lat="45.413370" lon="141.058659"><ele>4.8</ele><time>2026-08-16T02:48:02Z</time></trkpt>
<trkpt lat="45.414333" lon="141.059401"><ele>4.8</ele><time>2026-08-16T02:48:18Z</time></trkpt>
<trkpt lat="45.415537" lon="141.059843"><ele>4.6</ele><time>2026-08-16T02:48:38Z</time></trkpt>
<trkpt lat="45.417639" lon="141.060828"><ele>14.6</ele><time>2026-08-16T02:49:41Z</time></trkpt>
<trkpt lat="45.418114" lon="141.060923"><ele>16.8</ele><time>2026-08-16T02:49:57Z</time></trkpt>
<trkpt lat="45.418623" lon="141.060934"><ele>19.0</ele><time>2026-08-16T02:50:12Z</time></trkpt>
<trkpt lat="45.419161" lon="141.060835"><ele>20.6</ele><time>2026-08-16T02:50:27Z</time></trkpt>
<trkpt lat="45.420124" lon="141.060530"><ele>23.4</ele><time>2026-08-16T02:50:56Z</time></trkpt>
<trkpt lat="45.420570" lon="141.060264"><ele>25.4</ele><time>2026-08-16T02:51:11Z</time></trkpt>
<trkpt lat="45.420899" lon="141.059860"><ele>27.4</ele><time>2026-08-16T02:51:26Z</time></trkpt>
<trkpt lat="45.421098" lon="141.059484"><ele>29.6</ele><time>2026-08-16T02:51:40Z</time></trkpt>
<trkpt lat="45.421277" lon="141.058872"><ele>33.0</ele><time>2026-08-16T02:52:01Z</time></trkpt>
<trkpt lat="45.421292" lon="141.058167"><ele>36.2</ele><time>2026-08-16T02:52:24Z</time></trkpt>
<trkpt lat="45.421139" lon="141.055251"><ele>49.0</ele><time>2026-08-16T02:53:59Z</time></trkpt>
<trkpt lat="45.421052" lon="141.054386"><ele>52.6</ele><time>2026-08-16T02:54:26Z</time></trkpt>
<trkpt lat="45.421051" lon="141.053678"><ele>55.6</ele><time>2026-08-16T02:54:49Z</time></trkpt>
<trkpt lat="45.421172" lon="141.052748"><ele>59.8</ele><time>2026-08-16T02:55:18Z</time></trkpt>
<trkpt lat="45.421435" lon="141.051903"><ele>63.4</ele><time>2026-08-16T02:55:48Z</time></trkpt>
<trkpt lat="45.421981" lon="141.050914"><ele>64.8</ele><time>2026-08-16T02:56:13Z</time></trkpt>
<trkpt lat="45.422806" lon="141.049557"><ele>57.8</ele><time>2026-08-16T02:56:32Z</time></trkpt>
<trkpt lat="45.425098" lon="141.045899"><ele>33.6</ele><time>2026-08-16T02:57:06Z</time></trkpt>
<trkpt lat="45.425489" lon="141.045458"><ele>35.2</ele><time>2026-08-16T02:57:11Z</time></trkpt>
<trkpt lat="45.425863" lon="141.045168"><ele>32.4</ele><time>2026-08-16T02:57:15Z</time></trkpt>
<trkpt lat="45.428165" lon="141.044224"><ele>19.6</ele><time>2026-08-16T02:57:37Z</time></trkpt>
<trkpt lat="45.428573" lon="141.043949"><ele>19.6</ele><time>2026-08-16T02:57:41Z</time></trkpt>
<trkpt lat="45.430043" lon="141.042569"><ele>4.2</ele><time>2026-08-16T02:57:57Z</time></trkpt>
<trkpt lat="45.430966" lon="141.042103"><ele>7.4</ele><time>2026-08-16T02:58:09Z</time></trkpt>
<trkpt lat="45.431298" lon="141.041883"><ele>6.8</ele><time>2026-08-16T02:58:14Z</time></trkpt>
<trkpt lat="45.432705" lon="141.040710"><ele>6.4</ele><time>2026-08-16T02:58:41Z</time></trkpt>
<trkpt lat="45.432970" lon="141.040475"><ele>5.4</ele><time>2026-08-16T02:58:46Z</time></trkpt>
<trkpt lat="45.433166" lon="141.040138"><ele>5.6</ele><time>2026-08-16T02:58:51Z</time></trkpt>
<trkpt lat="45.433417" lon="141.039573"><ele>6.8</ele><time>2026-08-16T02:58:59Z</time></trkpt>
<trkpt lat="45.433442" lon="141.039420"><ele>7.8</ele><time>2026-08-16T02:59:09Z</time></trkpt>
<trkpt lat="45.433471" lon="141.039445"><ele>7.4</ele><time>2026-08-16T02:59:26Z</time></trkpt>
<trkpt lat="45.433454" lon="141.039405"><ele>7.2</ele><time>2026-08-16T02:59:30Z</time></trkpt>
<trkpt lat="45.433486" lon="141.039388"><ele>7.2</ele><time>2026-08-16T02:59:43Z</time></trkpt>
<trkpt lat="45.433430" lon="141.039466"><ele>7.6</ele><time>2026-08-16T03:00:20Z</time></trkpt>
<trkpt lat="45.433487" lon="141.039388"><ele>7.6</ele><time>2026-08-16T03:01:10Z</time></trkpt>
<trkpt lat="45.433463" lon="141.039424"><ele>7.6</ele><time>2026-08-16T03:01:26Z</time></trkpt>
<trkpt lat="45.433817" lon="141.038484"><ele>8.0</ele><time>2026-08-16T03:01:46Z</time></trkpt>
<trkpt lat="45.434043" lon="141.038047"><ele>7.4</ele><time>2026-08-16T03:01:53Z</time></trkpt>
<trkpt lat="45.434262" lon="141.037774"><ele>8.0</ele><time>2026-08-16T03:01:58Z</time></trkpt>
<trkpt lat="45.435636" lon="141.036924"><ele>8.0</ele><time>2026-08-16T03:02:22Z</time></trkpt>
<trkpt lat="45.436029" lon="141.036479"><ele>12.2</ele><time>2026-08-16T03:02:33Z</time></trkpt>
<trkpt lat="45.436290" lon="141.036251"><ele>14.0</ele><time>2026-08-16T03:02:41Z</time></trkpt>
<trkpt lat="45.436576" lon="141.036122"><ele>14.0</ele><time>2026-08-16T03:02:48Z</time></trkpt>
<trkpt lat="45.437052" lon="141.036106"><ele>11.8</ele><time>2026-08-16T03:02:56Z</time></trkpt>
<trkpt lat="45.438047" lon="141.036208"><ele>7.6</ele><time>2026-08-16T03:03:09Z</time></trkpt>
<trkpt lat="45.438626" lon="141.036436"><ele>7.8</ele><time>2026-08-16T03:03:17Z</time></trkpt>
<trkpt lat="45.438827" lon="141.036416"><ele>8.0</ele><time>2026-08-16T03:03:20Z</time></trkpt>
<trkpt lat="45.438940" lon="141.036326"><ele>7.4</ele><time>2026-08-16T03:03:22Z</time></trkpt>
<trkpt lat="45.438962" lon="141.036240"><ele>7.2</ele><time>2026-08-16T03:03:23Z</time></trkpt>
<trkpt lat="45.438874" lon="141.036083"><ele>5.8</ele><time>2026-08-16T03:03:26Z</time></trkpt>
<trkpt lat="45.438024" lon="141.035485"><ele>8.0</ele><time>2026-08-16T03:03:47Z</time></trkpt>
<trkpt lat="45.437805" lon="141.035280"><ele>10.0</ele><time>2026-08-16T03:03:53Z</time></trkpt>
<trkpt lat="45.437272" lon="141.034500"><ele>7.6</ele><time>2026-08-16T03:04:10Z</time></trkpt>
<trkpt lat="45.435533" lon="141.031714"><ele>6.6</ele><time>2026-08-16T03:05:10Z</time></trkpt>
<trkpt lat="45.435407" lon="141.031396"><ele>7.4</ele><time>2026-08-16T03:05:16Z</time></trkpt>
<trkpt lat="45.435176" lon="141.030219"><ele>6.2</ele><time>2026-08-16T03:05:36Z</time></trkpt>
<trkpt lat="45.435009" lon="141.029062"><ele>7.8</ele><time>2026-08-16T03:05:57Z</time></trkpt>
<trkpt lat="45.435023" lon="141.028655"><ele>10.0</ele><time>2026-08-16T03:06:05Z</time></trkpt>
<trkpt lat="45.434981" lon="141.028544"><ele>10.2</ele><time>2026-08-16T03:06:08Z</time></trkpt>
<trkpt lat="45.434914" lon="141.028524"><ele>9.0</ele><time>2026-08-16T03:06:10Z</time></trkpt>
<trkpt lat="45.434843" lon="141.028569"><ele>8.4</ele><time>2026-08-16T03:06:12Z</time></trkpt>
<trkpt lat="45.434687" lon="141.029185"><ele>8.4</ele><time>2026-08-16T03:06:45Z</time></trkpt>
<trkpt lat="45.434480" lon="141.029225"><ele>7.8</ele><time>2026-08-16T03:06:53Z</time></trkpt>
<trkpt lat="45.434430" lon="141.029222"><ele>8.6</ele><time>2026-08-16T03:06:59Z</time></trkpt>
<trkpt lat="45.434458" lon="141.029095"><ele>8.6</ele><time>2026-08-16T03:07:30Z</time></trkpt>
<trkpt lat="45.434404" lon="141.029051"><ele>8.6</ele><time>2026-08-16T03:07:36Z</time></trkpt>
<trkpt lat="45.434363" lon="141.028869"><ele>8.4</ele><time>2026-08-16T03:07:55Z</time></trkpt>
<trkpt lat="45.434354" lon="141.028983"><ele>8.0</ele><time>2026-08-16T03:08:07Z</time></trkpt>
<trkpt lat="45.434422" lon="141.029222"><ele>8.2</ele><time>2026-08-16T03:08:21Z</time></trkpt>
<trkpt lat="45.434347" lon="141.029209"><ele>8.0</ele><time>2026-08-16T03:08:30Z</time></trkpt>
<trkpt lat="45.434348" lon="141.029092"><ele>8.0</ele><time>2026-08-16T03:08:35Z</time></trkpt>
<trkpt lat="45.434127" lon="141.028371"><ele>7.8</ele><time>2026-08-16T03:08:46Z</time></trkpt>
<trkpt lat="45.434050" lon="141.028370"><ele>8.0</ele><time>2026-08-16T03:08:49Z</time></trkpt>
<trkpt lat="45.433848" lon="141.028555"><ele>8.0</ele><time>2026-08-16T03:08:53Z</time></trkpt>
<trkpt lat="45.433731" lon="141.028508"><ele>7.8</ele><time>2026-08-16T03:08:59Z</time></trkpt>
<trkpt lat="45.433843" lon="141.028882"><ele>7.8</ele><time>2026-08-16T03:09:01Z</time></trkpt>
<trkpt lat="45.433950" lon="141.029025"><ele>7.8</ele><time>2026-08-16T03:09:05Z</time></trkpt>
<trkpt lat="45.433932" lon="141.029381"><ele>7.8</ele><time>2026-08-16T03:09:10Z</time></trkpt>
<trkpt lat="45.434394" lon="141.028766"><ele>7.6</ele><time>2026-08-16T03:09:21Z</time></trkpt>
<trkpt lat="45.434636" lon="141.028655"><ele>7.6</ele><time>2026-08-16T03:09:29Z</time></trkpt>
<trkpt lat="45.434512" lon="141.028952"><ele>7.6</ele><time>2026-08-16T03:09:33Z</time></trkpt>
<trkpt lat="45.434569" lon="141.028787"><ele>7.6</ele><time>2026-08-16T03:09:39Z</time></trkpt>
<trkpt lat="45.434343" lon="141.029024"><ele>7.4</ele><time>2026-08-16T03:09:52Z</time></trkpt>
<trkpt lat="45.434217" lon="141.028937"><ele>7.4</ele><time>2026-08-16T03:10:02Z</time></trkpt>
<trkpt lat="45.434178" lon="141.028855"><ele>7.4</ele><time>2026-08-16T03:10:07Z</time></trkpt>
<trkpt lat="45.434235" lon="141.028604"><ele>7.4</ele><time>2026-08-16T03:10:18Z</time></trkpt>
<trkpt lat="45.434306" lon="141.028590"><ele>7.4</ele><time>2026-08-16T03:10:29Z</time></trkpt>
<trkpt lat="45.434394" lon="141.028814"><ele>7.2</ele><time>2026-08-16T03:10:34Z</time></trkpt>
<trkpt lat="45.434421" lon="141.029265"><ele>4.4</ele><time>2026-08-16T03:36:46Z</time></trkpt>
<trkpt lat="45.434459" lon="141.029166"><ele>4.0</ele><time>2026-08-16T03:36:57Z</time></trkpt>
<trkpt lat="45.434644" lon="141.029205"><ele>3.8</ele><time>2026-08-16T03:37:03Z</time></trkpt>
<trkpt lat="45.434698" lon="141.029148"><ele>3.6</ele><time>2026-08-16T03:37:05Z</time></trkpt>
<trkpt lat="45.434787" lon="141.028665"><ele>4.4</ele><time>2026-08-16T03:37:14Z</time></trkpt>
<trkpt lat="45.435052" lon="141.028366"><ele>6.6</ele><time>2026-08-16T03:37:25Z</time></trkpt>
<trkpt lat="45.435254" lon="141.027632"><ele>7.2</ele><time>2026-08-16T03:37:38Z</time></trkpt>
<trkpt lat="45.435303" lon="141.027140"><ele>4.2</ele><time>2026-08-16T03:37:45Z</time></trkpt>
<trkpt lat="45.435282" lon="141.026564"><ele>3.6</ele><time>2026-08-16T03:37:53Z</time></trkpt>
<trkpt lat="45.435054" lon="141.025684"><ele>4.4</ele><time>2026-08-16T03:38:07Z</time></trkpt>
<trkpt lat="45.434896" lon="141.025254"><ele>2.8</ele><time>2026-08-16T03:38:15Z</time></trkpt>
<trkpt lat="45.434228" lon="141.024048"><ele>1.6</ele><time>2026-08-16T03:38:39Z</time></trkpt>
<trkpt lat="45.434149" lon="141.023600"><ele>4.8</ele><time>2026-08-16T03:38:47Z</time></trkpt>
<trkpt lat="45.434020" lon="141.022101"><ele>7.4</ele><time>2026-08-16T03:39:16Z</time></trkpt>
<trkpt lat="45.433929" lon="141.021665"><ele>8.4</ele><time>2026-08-16T03:39:25Z</time></trkpt>
<trkpt lat="45.433622" lon="141.020759"><ele>5.2</ele><time>2026-08-16T03:39:41Z</time></trkpt>
<trkpt lat="45.432928" lon="141.018361"><ele>1.0</ele><time>2026-08-16T03:40:22Z</time></trkpt>
<trkpt lat="45.432778" lon="141.018034"><ele>2.4</ele><time>2026-08-16T03:40:28Z</time></trkpt>
<trkpt lat="45.432472" lon="141.017557"><ele>1.4</ele><time>2026-08-16T03:40:38Z</time></trkpt>
<trkpt lat="45.432326" lon="141.017188"><ele>0.4</ele><time>2026-08-16T03:40:45Z</time></trkpt>
<trkpt lat="45.432072" lon="141.015532"><ele>1.8</ele><time>2026-08-16T03:41:13Z</time></trkpt>
<trkpt lat="45.431627" lon="141.013125"><ele>2.8</ele><time>2026-08-16T03:41:54Z</time></trkpt>
<trkpt lat="45.431669" lon="141.012074"><ele>3.6</ele><time>2026-08-16T03:42:11Z</time></trkpt>
<trkpt lat="45.432282" lon="141.010507"><ele>7.6</ele><time>2026-08-16T03:42:42Z</time></trkpt>
<trkpt lat="45.432735" lon="141.009221"><ele>6.2</ele><time>2026-08-16T03:43:04Z</time></trkpt>
<trkpt lat="45.432962" lon="141.008283"><ele>3.6</ele><time>2026-08-16T03:43:15Z</time></trkpt>
<trkpt lat="45.433573" lon="141.005115"><ele>2.2</ele><time>2026-08-16T03:43:56Z</time></trkpt>
<trkpt lat="45.433600" lon="141.003279"><ele>3.2</ele><time>2026-08-16T03:44:25Z</time></trkpt>
<trkpt lat="45.433683" lon="141.002841"><ele>3.0</ele><time>2026-08-16T03:44:32Z</time></trkpt>
<trkpt lat="45.434428" lon="141.000178"><ele>3.0</ele><time>2026-08-16T03:45:14Z</time></trkpt>
<trkpt lat="45.434715" lon="140.998412"><ele>3.2</ele><time>2026-08-16T03:45:38Z</time></trkpt>
<trkpt lat="45.434827" lon="140.998043"><ele>4.4</ele><time>2026-08-16T03:45:44Z</time></trkpt>
<trkpt lat="45.435069" lon="140.997544"><ele>3.0</ele><time>2026-08-16T03:45:53Z</time></trkpt>
<trkpt lat="45.436361" lon="140.995067"><ele>6.2</ele><time>2026-08-16T03:46:33Z</time></trkpt>
<trkpt lat="45.436504" lon="140.994661"><ele>5.8</ele><time>2026-08-16T03:46:38Z</time></trkpt>
<trkpt lat="45.436626" lon="140.993675"><ele>4.2</ele><time>2026-08-16T03:46:49Z</time></trkpt>
<trkpt lat="45.436692" lon="140.993444"><ele>3.6</ele><time>2026-08-16T03:46:52Z</time></trkpt>
<trkpt lat="45.436973" lon="140.993076"><ele>4.0</ele><time>2026-08-16T03:46:59Z</time></trkpt>
<trkpt lat="45.437631" lon="140.992758"><ele>3.4</ele><time>2026-08-16T03:47:12Z</time></trkpt>
<trkpt lat="45.437972" lon="140.992455"><ele>4.2</ele><time>2026-08-16T03:47:19Z</time></trkpt>
<trkpt lat="45.438053" lon="140.992326"><ele>4.6</ele><time>2026-08-16T03:47:21Z</time></trkpt>
<trkpt lat="45.438399" lon="140.991373"><ele>4.2</ele><time>2026-08-16T03:47:33Z</time></trkpt>
<trkpt lat="45.438520" lon="140.991161"><ele>4.0</ele><time>2026-08-16T03:47:36Z</time></trkpt>
<trkpt lat="45.439805" lon="140.989729"><ele>5.6</ele><time>2026-08-16T03:48:03Z</time></trkpt>
<trkpt lat="45.440247" lon="140.989496"><ele>5.8</ele><time>2026-08-16T03:48:11Z</time></trkpt>
<trkpt lat="45.440712" lon="140.989437"><ele>5.6</ele><time>2026-08-16T03:48:19Z</time></trkpt>
<trkpt lat="45.440951" lon="140.989260"><ele>5.4</ele><time>2026-08-16T03:48:23Z</time></trkpt>
<trkpt lat="45.441117" lon="140.988937"><ele>5.0</ele><time>2026-08-16T03:48:28Z</time></trkpt>
<trkpt lat="45.441195" lon="140.987918"><ele>4.6</ele><time>2026-08-16T03:48:40Z</time></trkpt>
<trkpt lat="45.441387" lon="140.987405"><ele>4.6</ele><time>2026-08-16T03:48:47Z</time></trkpt>
<trkpt lat="45.442553" lon="140.986196"><ele>2.4</ele><time>2026-08-16T03:49:13Z</time></trkpt>
<trkpt lat="45.443825" lon="140.984784"><ele>2.6</ele><time>2026-08-16T03:49:43Z</time></trkpt>
<trkpt lat="45.444088" lon="140.984648"><ele>2.4</ele><time>2026-08-16T03:49:48Z</time></trkpt>
<trkpt lat="45.445816" lon="140.984486"><ele>3.0</ele><time>2026-08-16T03:50:16Z</time></trkpt>
<trkpt lat="45.446065" lon="140.984519"><ele>2.8</ele><time>2026-08-16T03:50:20Z</time></trkpt>
<trkpt lat="45.446445" lon="140.984663"><ele>2.8</ele><time>2026-08-16T03:50:26Z</time></trkpt>
<trkpt lat="45.447117" lon="140.985016"><ele>2.6</ele><time>2026-08-16T03:50:37Z</time></trkpt>
<trkpt lat="45.447367" lon="140.985017"><ele>2.4</ele><time>2026-08-16T03:50:41Z</time></trkpt>
<trkpt lat="45.447561" lon="140.984815"><ele>1.8</ele><time>2026-08-16T03:50:45Z</time></trkpt>
<trkpt lat="45.447818" lon="140.983419"><ele>3.8</ele><time>2026-08-16T03:51:04Z</time></trkpt>
<trkpt lat="45.448019" lon="140.982670"><ele>2.8</ele><time>2026-08-16T03:51:15Z</time></trkpt>
<trkpt lat="45.448304" lon="140.981915"><ele>5.6</ele><time>2026-08-16T03:51:28Z</time></trkpt>
<trkpt lat="45.448461" lon="140.981603"><ele>5.4</ele><time>2026-08-16T03:51:33Z</time></trkpt>
<trkpt lat="45.448693" lon="140.981279"><ele>5.0</ele><time>2026-08-16T03:51:39Z</time></trkpt>
<trkpt lat="45.449382" lon="140.980787"><ele>4.2</ele><time>2026-08-16T03:51:53Z</time></trkpt>
<trkpt lat="45.450211" lon="140.980317"><ele>4.4</ele><time>2026-08-16T03:52:09Z</time></trkpt>
<trkpt lat="45.450616" lon="140.980169"><ele>4.0</ele><time>2026-08-16T03:52:16Z</time></trkpt>
<trkpt lat="45.451715" lon="140.979968"><ele>4.8</ele><time>2026-08-16T03:52:34Z</time></trkpt>
<trkpt lat="45.452065" lon="140.979841"><ele>5.0</ele><time>2026-08-16T03:52:40Z</time></trkpt>
<trkpt lat="45.452925" lon="140.979409"><ele>3.2</ele><time>2026-08-16T03:52:55Z</time></trkpt>
<trkpt lat="45.453325" lon="140.979113"><ele>3.6</ele><time>2026-08-16T03:53:02Z</time></trkpt>
<trkpt lat="45.453594" lon="140.978693"><ele>3.6</ele><time>2026-08-16T03:53:08Z</time></trkpt>
<trkpt lat="45.453956" lon="140.977541"><ele>5.4</ele><time>2026-08-16T03:53:21Z</time></trkpt>
<trkpt lat="45.453974" lon="140.977281"><ele>5.8</ele><time>2026-08-16T03:53:24Z</time></trkpt>
<trkpt lat="45.453910" lon="140.976826"><ele>8.4</ele><time>2026-08-16T03:53:31Z</time></trkpt>
<trkpt lat="45.454009" lon="140.976026"><ele>13.6</ele><time>2026-08-16T03:53:54Z</time></trkpt>
<trkpt lat="45.454075" lon="140.975838"><ele>13.6</ele><time>2026-08-16T03:54:01Z</time></trkpt>
<trkpt lat="45.454341" lon="140.975485"><ele>16.0</ele><time>2026-08-16T03:54:16Z</time></trkpt>
<trkpt lat="45.455813" lon="140.974058"><ele>28.0</ele><time>2026-08-16T03:55:39Z</time></trkpt>
<trkpt lat="45.456029" lon="140.973926"><ele>28.4</ele><time>2026-08-16T03:55:49Z</time></trkpt>
<trkpt lat="45.456389" lon="140.973424"><ele>28.8</ele><time>2026-08-16T03:56:18Z</time></trkpt>
<trkpt lat="45.456540" lon="140.973088"><ele>29.6</ele><time>2026-08-16T03:56:25Z</time></trkpt>
<trkpt lat="45.457356" lon="140.970751"><ele>25.8</ele><time>2026-08-16T03:57:01Z</time></trkpt>
<trkpt lat="45.457756" lon="140.969976"><ele>22.0</ele><time>2026-08-16T03:57:11Z</time></trkpt>
<trkpt lat="45.457974" lon="140.969357"><ele>21.0</ele><time>2026-08-16T03:57:18Z</time></trkpt>
<trkpt lat="45.458164" lon="140.969058"><ele>20.0</ele><time>2026-08-16T03:57:22Z</time></trkpt>
<trkpt lat="45.458581" lon="140.968588"><ele>20.8</ele><time>2026-08-16T03:57:30Z</time></trkpt>
<trkpt lat="45.458808" lon="140.968426"><ele>21.0</ele><time>2026-08-16T03:57:34Z</time></trkpt>
<trkpt lat="45.459111" lon="140.968365"><ele>22.8</ele><time>2026-08-16T03:57:39Z</time></trkpt>
<trkpt lat="45.459462" lon="140.968458"><ele>24.4</ele><time>2026-08-16T03:57:45Z</time></trkpt>
<trkpt lat="45.460044" lon="140.968872"><ele>25.4</ele><time>2026-08-16T03:57:56Z</time></trkpt>
<trkpt lat="45.460459" lon="140.968897"><ele>26.8</ele><time>2026-08-16T03:58:04Z</time></trkpt>
<trkpt lat="45.460959" lon="140.968650"><ele>28.6</ele><time>2026-08-16T03:58:15Z</time></trkpt>
<trkpt lat="45.461395" lon="140.968608"><ele>30.4</ele><time>2026-08-16T03:58:26Z</time></trkpt>
<trkpt lat="45.462124" lon="140.968437"><ele>29.8</ele><time>2026-08-16T03:58:43Z</time></trkpt>
<trkpt lat="45.463176" lon="140.968050"><ele>25.0</ele><time>2026-08-16T03:59:12Z</time></trkpt>
<trkpt lat="45.463115" lon="140.968041"><ele>25.4</ele><time>2026-08-16T03:59:36Z</time></trkpt>
<trkpt lat="45.463165" lon="140.968055"><ele>24.6</ele><time>2026-08-16T03:59:46Z</time></trkpt>
<trkpt lat="45.462648" lon="140.968291"><ele>26.2</ele><time>2026-08-16T04:00:15Z</time></trkpt>
<trkpt lat="45.462475" lon="140.968303"><ele>30.0</ele><time>2026-08-16T04:00:21Z</time></trkpt>
<trkpt lat="45.462529" lon="140.968077"><ele>28.8</ele><time>2026-08-16T04:01:13Z</time></trkpt>
<trkpt lat="45.462582" lon="140.968272"><ele>28.8</ele><time>2026-08-16T04:01:24Z</time></trkpt>
<trkpt lat="45.462710" lon="140.968257"><ele>27.6</ele><time>2026-08-16T04:01:38Z</time></trkpt>
<trkpt lat="45.463075" lon="140.968094"><ele>24.8</ele><time>2026-08-16T04:02:11Z</time></trkpt>
<trkpt lat="45.463165" lon="140.968107"><ele>24.4</ele><time>2026-08-16T04:02:19Z</time></trkpt>
<trkpt lat="45.463259" lon="140.967875"><ele>21.2</ele><time>2026-08-16T04:03:00Z</time></trkpt>
<trkpt lat="45.463403" lon="140.967908"><ele>15.8</ele><time>2026-08-16T04:03:18Z</time></trkpt>
<trkpt lat="45.463668" lon="140.967758"><ele>15.6</ele><time>2026-08-16T04:03:53Z</time></trkpt>
<trkpt lat="45.463666" lon="140.967805"><ele>16.4</ele><time>2026-08-16T04:04:33Z</time></trkpt>
<trkpt lat="45.463703" lon="140.967736"><ele>15.0</ele><time>2026-08-16T04:05:20Z</time></trkpt>
<trkpt lat="45.463750" lon="140.967765"><ele>14.8</ele><time>2026-08-16T04:05:35Z</time></trkpt>
<trkpt lat="45.463746" lon="140.967830"><ele>14.6</ele><time>2026-08-16T04:05:58Z</time></trkpt>
<trkpt lat="45.463689" lon="140.967754"><ele>15.2</ele><time>2026-08-16T04:06:10Z</time></trkpt>
<trkpt lat="45.463404" lon="140.967902"><ele>14.6</ele><time>2026-08-16T04:06:42Z</time></trkpt>
<trkpt lat="45.463225" lon="140.967903"><ele>20.0</ele><time>2026-08-16T04:07:09Z</time></trkpt>
<trkpt lat="45.463214" lon="140.968101"><ele>22.2</ele><time>2026-08-16T04:07:37Z</time></trkpt>
<trkpt lat="45.463080" lon="140.968090"><ele>23.2</ele><time>2026-08-16T04:07:48Z</time></trkpt>
<trkpt lat="45.462775" lon="140.968235"><ele>24.4</ele><time>2026-08-16T04:08:15Z</time></trkpt>
<trkpt lat="45.462709" lon="140.968225"><ele>25.6</ele><time>2026-08-16T04:08:21Z</time></trkpt>
<trkpt lat="45.462689" lon="140.968146"><ele>26.8</ele><time>2026-08-16T04:08:31Z</time></trkpt>
<trkpt lat="45.462451" lon="140.968062"><ele>26.8</ele><time>2026-08-16T04:08:44Z</time></trkpt>
<trkpt lat="45.462590" lon="140.967975"><ele>25.8</ele><time>2026-08-16T04:09:47Z</time></trkpt>
<trkpt lat="45.462617" lon="140.968107"><ele>25.8</ele><time>2026-08-16T04:09:50Z</time></trkpt>
<trkpt lat="45.462535" lon="140.968135"><ele>26.2</ele><time>2026-08-16T04:09:56Z</time></trkpt>
<trkpt lat="45.462512" lon="140.968395"><ele>26.2</ele><time>2026-08-16T04:10:29Z</time></trkpt>
<trkpt lat="45.462481" lon="140.968222"><ele>26.2</ele><time>2026-08-16T04:10:39Z</time></trkpt>
<trkpt lat="45.462549" lon="140.968088"><ele>27.6</ele><time>2026-08-16T04:11:05Z</time></trkpt>
<trkpt lat="45.462521" lon="140.968081"><ele>27.6</ele><time>2026-08-16T04:11:08Z</time></trkpt>
<trkpt lat="45.462142" lon="140.968426"><ele>29.6</ele><time>2026-08-16T04:11:34Z</time></trkpt>
<trkpt lat="45.461647" lon="140.968591"><ele>29.6</ele><time>2026-08-16T04:11:47Z</time></trkpt>
<trkpt lat="45.461055" lon="140.968642"><ele>24.4</ele><time>2026-08-16T04:12:03Z</time></trkpt>
<trkpt lat="45.460465" lon="140.968943"><ele>25.0</ele><time>2026-08-16T04:12:18Z</time></trkpt>
<trkpt lat="45.460257" lon="140.968969"><ele>24.0</ele><time>2026-08-16T04:12:23Z</time></trkpt>
<trkpt lat="45.460041" lon="140.968912"><ele>22.6</ele><time>2026-08-16T04:12:28Z</time></trkpt>
<trkpt lat="45.459391" lon="140.968486"><ele>23.4</ele><time>2026-08-16T04:12:42Z</time></trkpt>
<trkpt lat="45.459136" lon="140.968424"><ele>25.2</ele><time>2026-08-16T04:12:47Z</time></trkpt>
<trkpt lat="45.458878" lon="140.968468"><ele>24.8</ele><time>2026-08-16T04:12:52Z</time></trkpt>
<trkpt lat="45.458549" lon="140.968675"><ele>19.0</ele><time>2026-08-16T04:12:59Z</time></trkpt>
<trkpt lat="45.458158" lon="140.969113"><ele>18.4</ele><time>2026-08-16T04:13:09Z</time></trkpt>
<trkpt lat="45.458031" lon="140.969315"><ele>20.6</ele><time>2026-08-16T04:13:13Z</time></trkpt>
<trkpt lat="45.457779" lon="140.970018"><ele>24.0</ele><time>2026-08-16T04:13:28Z</time></trkpt>
<trkpt lat="45.457399" lon="140.970745"><ele>25.6</ele><time>2026-08-16T04:13:46Z</time></trkpt>
<trkpt lat="45.456733" lon="140.972644"><ele>31.8</ele><time>2026-08-16T04:14:28Z</time></trkpt>
<trkpt lat="45.456690" lon="140.972843"><ele>31.4</ele><time>2026-08-16T04:14:40Z</time></trkpt>
<trkpt lat="45.456507" lon="140.973296"><ele>30.8</ele><time>2026-08-16T04:15:05Z</time></trkpt>
<trkpt lat="45.456380" lon="140.973515"><ele>29.4</ele><time>2026-08-16T04:15:09Z</time></trkpt>
<trkpt lat="45.455602" lon="140.974332"><ele>25.2</ele><time>2026-08-16T04:15:27Z</time></trkpt>
<trkpt lat="45.454257" lon="140.975618"><ele>11.2</ele><time>2026-08-16T04:15:46Z</time></trkpt>
<trkpt lat="45.454111" lon="140.975812"><ele>10.0</ele><time>2026-08-16T04:15:48Z</time></trkpt>
<trkpt lat="45.454028" lon="140.976073"><ele>8.4</ele><time>2026-08-16T04:15:50Z</time></trkpt>
<trkpt lat="45.453964" lon="140.976534"><ele>3.4</ele><time>2026-08-16T04:15:53Z</time></trkpt>
<trkpt lat="45.453991" lon="140.977283"><ele>-3.2</ele><time>2026-08-16T04:15:58Z</time></trkpt>
<trkpt lat="45.453935" lon="140.977668"><ele>-4.0</ele><time>2026-08-16T04:16:01Z</time></trkpt>
<trkpt lat="45.453596" lon="140.978771"><ele>0.6</ele><time>2026-08-16T04:16:16Z</time></trkpt>
<trkpt lat="45.453350" lon="140.979148"><ele>2.6</ele><time>2026-08-16T04:16:25Z</time></trkpt>
<trkpt lat="45.453121" lon="140.979335"><ele>1.8</ele><time>2026-08-16T04:16:32Z</time></trkpt>
<trkpt lat="45.451964" lon="140.979946"><ele>2.8</ele><time>2026-08-16T04:17:02Z</time></trkpt>
<trkpt lat="45.450767" lon="140.980169"><ele>2.6</ele><time>2026-08-16T04:17:29Z</time></trkpt>
<trkpt lat="45.450356" lon="140.980306"><ele>0.2</ele><time>2026-08-16T04:17:38Z</time></trkpt>
<trkpt lat="45.449123" lon="140.980995"><ele>3.2</ele><time>2026-08-16T04:18:07Z</time></trkpt>
<trkpt lat="45.448773" lon="140.981260"><ele>1.0</ele><time>2026-08-16T04:18:16Z</time></trkpt>
<trkpt lat="45.448454" lon="140.981698"><ele>1.6</ele><time>2026-08-16T04:18:27Z</time></trkpt>
<trkpt lat="45.448120" lon="140.982505"><ele>2.0</ele><time>2026-08-16T04:18:42Z</time></trkpt>
<trkpt lat="45.447828" lon="140.983542"><ele>1.6</ele><time>2026-08-16T04:18:58Z</time></trkpt>
<trkpt lat="45.447658" lon="140.984607"><ele>1.2</ele><time>2026-08-16T04:19:13Z</time></trkpt>
<trkpt lat="45.447548" lon="140.984921"><ele>0.4</ele><time>2026-08-16T04:19:18Z</time></trkpt>
<trkpt lat="45.447393" lon="140.985074"><ele>0.4</ele><time>2026-08-16T04:19:22Z</time></trkpt>
<trkpt lat="45.447205" lon="140.985092"><ele>0.6</ele><time>2026-08-16T04:19:26Z</time></trkpt>
<trkpt lat="45.446278" lon="140.984614"><ele>1.0</ele><time>2026-08-16T04:19:46Z</time></trkpt>
<trkpt lat="45.445948" lon="140.984529"><ele>0.4</ele><time>2026-08-16T04:19:53Z</time></trkpt>
<trkpt lat="45.444158" lon="140.984676"><ele>-0.6</ele><time>2026-08-16T04:20:31Z</time></trkpt>
<trkpt lat="45.443930" lon="140.984766"><ele>0.6</ele><time>2026-08-16T04:20:36Z</time></trkpt>
<trkpt lat="45.441476" lon="140.987343"><ele>2.4</ele><time>2026-08-16T04:21:29Z</time></trkpt>
<trkpt lat="45.441362" lon="140.987537"><ele>2.4</ele><time>2026-08-16T04:21:32Z</time></trkpt>
<trkpt lat="45.441262" lon="140.987844"><ele>2.8</ele><time>2026-08-16T04:21:36Z</time></trkpt>
<trkpt lat="45.441168" lon="140.988875"><ele>1.8</ele><time>2026-08-16T04:21:49Z</time></trkpt>
<trkpt lat="45.441024" lon="140.989200"><ele>2.6</ele><time>2026-08-16T04:21:54Z</time></trkpt>
<trkpt lat="45.440744" lon="140.989439"><ele>3.0</ele><time>2026-08-16T04:22:00Z</time></trkpt>
<trkpt lat="45.440246" lon="140.989548"><ele>4.8</ele><time>2026-08-16T04:22:09Z</time></trkpt>
<trkpt lat="45.439901" lon="140.989719"><ele>3.0</ele><time>2026-08-16T04:22:15Z</time></trkpt>
<trkpt lat="45.438553" lon="140.991204"><ele>2.0</ele><time>2026-08-16T04:22:45Z</time></trkpt>
<trkpt lat="45.438335" lon="140.991664"><ele>3.0</ele><time>2026-08-16T04:22:52Z</time></trkpt>
<trkpt lat="45.438129" lon="140.992236"><ele>3.0</ele><time>2026-08-16T04:23:00Z</time></trkpt>
<trkpt lat="45.437953" lon="140.992550"><ele>4.0</ele><time>2026-08-16T04:23:05Z</time></trkpt>
<trkpt lat="45.437680" lon="140.992791"><ele>1.4</ele><time>2026-08-16T04:23:11Z</time></trkpt>
<trkpt lat="45.437243" lon="140.992966"><ele>4.6</ele><time>2026-08-16T04:23:19Z</time></trkpt>
<trkpt lat="45.436898" lon="140.993181"><ele>3.2</ele><time>2026-08-16T04:23:25Z</time></trkpt>
<trkpt lat="45.436741" lon="140.993457"><ele>3.0</ele><time>2026-08-16T04:23:29Z</time></trkpt>
<trkpt lat="45.436590" lon="140.994412"><ele>1.4</ele><time>2026-08-16T04:23:40Z</time></trkpt>
<trkpt lat="45.436394" lon="140.995095"><ele>2.0</ele><time>2026-08-16T04:23:50Z</time></trkpt>
<trkpt lat="45.434940" lon="140.997866"><ele>5.0</ele><time>2026-08-16T04:24:36Z</time></trkpt>
<trkpt lat="45.434807" lon="140.998186"><ele>5.4</ele><time>2026-08-16T04:24:41Z</time></trkpt>
<trkpt lat="45.434491" lon="141.000088"><ele>3.2</ele><time>2026-08-16T04:25:05Z</time></trkpt>
<trkpt lat="45.433723" lon="141.002809"><ele>3.2</ele><time>2026-08-16T04:25:40Z</time></trkpt>
<trkpt lat="45.433629" lon="141.003327"><ele>3.8</ele><time>2026-08-16T04:25:46Z</time></trkpt>
<trkpt lat="45.433614" lon="141.004809"><ele>3.4</ele><time>2026-08-16T04:26:02Z</time></trkpt>
<trkpt lat="45.433550" lon="141.005472"><ele>4.0</ele><time>2026-08-16T04:26:09Z</time></trkpt>
<trkpt lat="45.432866" lon="141.008910"><ele>5.8</ele><time>2026-08-16T04:26:51Z</time></trkpt>
<trkpt lat="45.432521" lon="141.009961"><ele>10.6</ele><time>2026-08-16T04:27:08Z</time></trkpt>
<trkpt lat="45.431736" lon="141.011990"><ele>4.6</ele><time>2026-08-16T04:27:36Z</time></trkpt>
<trkpt lat="45.431687" lon="141.012276"><ele>3.8</ele><time>2026-08-16T04:27:39Z</time></trkpt>
<trkpt lat="45.431667" lon="141.012823"><ele>3.6</ele><time>2026-08-16T04:27:45Z</time></trkpt>
<trkpt lat="45.431693" lon="141.013255"><ele>4.2</ele><time>2026-08-16T04:27:50Z</time></trkpt>
<trkpt lat="45.432132" lon="141.015713"><ele>3.0</ele><time>2026-08-16T04:28:13Z</time></trkpt>
<trkpt lat="45.432324" lon="141.017075"><ele>3.6</ele><time>2026-08-16T04:28:25Z</time></trkpt>
<trkpt lat="45.432475" lon="141.017484"><ele>3.4</ele><time>2026-08-16T04:28:29Z</time></trkpt>
<trkpt lat="45.432836" lon="141.018074"><ele>4.4</ele><time>2026-08-16T04:28:36Z</time></trkpt>
<trkpt lat="45.432911" lon="141.018257"><ele>5.2</ele><time>2026-08-16T04:28:38Z</time></trkpt>
<trkpt lat="45.433126" lon="141.018890"><ele>6.4</ele><time>2026-08-16T04:28:45Z</time></trkpt>
<trkpt lat="45.433582" lon="141.020497"><ele>9.0</ele><time>2026-08-16T04:29:04Z</time></trkpt>
<trkpt lat="45.433948" lon="141.021554"><ele>9.0</ele><time>2026-08-16T04:29:16Z</time></trkpt>
<trkpt lat="45.434055" lon="141.022014"><ele>10.0</ele><time>2026-08-16T04:29:21Z</time></trkpt>
<trkpt lat="45.434256" lon="141.023982"><ele>6.6</ele><time>2026-08-16T04:29:38Z</time></trkpt>
<trkpt lat="45.434957" lon="141.025287"><ele>6.4</ele><time>2026-08-16T04:29:54Z</time></trkpt>
<trkpt lat="45.435325" lon="141.026542"><ele>6.6</ele><time>2026-08-16T04:30:08Z</time></trkpt>
<trkpt lat="45.435347" lon="141.027206"><ele>7.6</ele><time>2026-08-16T04:30:15Z</time></trkpt>
<trkpt lat="45.435305" lon="141.027567"><ele>6.8</ele><time>2026-08-16T04:30:19Z</time></trkpt>
<trkpt lat="45.435187" lon="141.028048"><ele>8.2</ele><time>2026-08-16T04:30:26Z</time></trkpt>
<trkpt lat="45.435071" lon="141.028340"><ele>8.2</ele><time>2026-08-16T04:30:31Z</time></trkpt>
<trkpt lat="45.434816" lon="141.028538"><ele>7.4</ele><time>2026-08-16T04:30:37Z</time></trkpt>
<trkpt lat="45.434685" lon="141.029177"><ele>5.2</ele><time>2026-08-16T04:30:46Z</time></trkpt>
<trkpt lat="45.434469" lon="141.029388"><ele>5.6</ele><time>2026-08-16T04:30:53Z</time></trkpt>
<trkpt lat="45.434424" lon="141.029371"><ele>5.0</ele><time>2026-08-16T04:31:00Z</time></trkpt>
<trkpt lat="45.436260" lon="141.032727"><ele>6.8</ele><time>2026-08-16T04:42:57Z</time></trkpt>
<trkpt lat="45.437391" lon="141.034586"><ele>6.0</ele><time>2026-08-16T04:43:30Z</time></trkpt>
<trkpt lat="45.437903" lon="141.035279"><ele>7.0</ele><time>2026-08-16T04:43:44Z</time></trkpt>
<trkpt lat="45.438813" lon="141.035985"><ele>7.4</ele><time>2026-08-16T04:44:04Z</time></trkpt>
<trkpt lat="45.439042" lon="141.036119"><ele>7.0</ele><time>2026-08-16T04:44:10Z</time></trkpt>
<trkpt lat="45.439171" lon="141.036089"><ele>7.2</ele><time>2026-08-16T04:44:13Z</time></trkpt>
<trkpt lat="45.439509" lon="141.035798"><ele>6.2</ele><time>2026-08-16T04:44:21Z</time></trkpt>
<trkpt lat="45.439654" lon="141.035790"><ele>5.4</ele><time>2026-08-16T04:44:24Z</time></trkpt>
<trkpt lat="45.440365" lon="141.036538"><ele>6.8</ele><time>2026-08-16T04:44:43Z</time></trkpt>
<trkpt lat="45.440774" lon="141.036879"><ele>8.2</ele><time>2026-08-16T04:44:56Z</time></trkpt>
<trkpt lat="45.441735" lon="141.037477"><ele>7.8</ele><time>2026-08-16T04:45:22Z</time></trkpt>
<trkpt lat="45.442175" lon="141.037802"><ele>7.2</ele><time>2026-08-16T04:45:33Z</time></trkpt>
<trkpt lat="45.442937" lon="141.038251"><ele>5.6</ele><time>2026-08-16T04:45:49Z</time></trkpt>
<trkpt lat="45.443085" lon="141.038263"><ele>5.4</ele><time>2026-08-16T04:45:52Z</time></trkpt>
<trkpt lat="45.444288" lon="141.037886"><ele>5.4</ele><time>2026-08-16T04:46:16Z</time></trkpt>
<trkpt lat="45.444776" lon="141.037796"><ele>5.8</ele><time>2026-08-16T04:46:26Z</time></trkpt>
<trkpt lat="45.445757" lon="141.037959"><ele>5.8</ele><time>2026-08-16T04:46:44Z</time></trkpt>
<trkpt lat="45.446154" lon="141.037959"><ele>5.2</ele><time>2026-08-16T04:46:51Z</time></trkpt>
<trkpt lat="45.447221" lon="141.037647"><ele>4.8</ele><time>2026-08-16T04:47:10Z</time></trkpt>
<trkpt lat="45.448281" lon="141.037509"><ele>4.2</ele><time>2026-08-16T04:47:29Z</time></trkpt>
<trkpt lat="45.448531" lon="141.037290"><ele>4.0</ele><time>2026-08-16T04:47:34Z</time></trkpt>
<trkpt lat="45.449438" lon="141.036297"><ele>4.0</ele><time>2026-08-16T04:47:53Z</time></trkpt>
<trkpt lat="45.449777" lon="141.035990"><ele>3.8</ele><time>2026-08-16T04:48:00Z</time></trkpt>
<trkpt lat="45.450086" lon="141.035781"><ele>4.2</ele><time>2026-08-16T04:48:06Z</time></trkpt>
<trkpt lat="45.450357" lon="141.035771"><ele>4.8</ele><time>2026-08-16T04:48:11Z</time></trkpt>
<trkpt lat="45.451094" lon="141.035871"><ele>4.2</ele><time>2026-08-16T04:48:25Z</time></trkpt>
<trkpt lat="45.451760" lon="141.035638"><ele>4.0</ele><time>2026-08-16T04:48:39Z</time></trkpt>
<trkpt lat="45.452155" lon="141.035354"><ele>4.2</ele><time>2026-08-16T04:48:49Z</time></trkpt>
<trkpt lat="45.452725" lon="141.034640"><ele>4.2</ele><time>2026-08-16T04:49:06Z</time></trkpt>
<trkpt lat="45.453175" lon="141.034174"><ele>3.2</ele><time>2026-08-16T04:49:17Z</time></trkpt>
<trkpt lat="45.453495" lon="141.033994"><ele>4.0</ele><time>2026-08-16T04:49:24Z</time></trkpt>
<trkpt lat="45.454009" lon="141.033900"><ele>4.2</ele><time>2026-08-16T04:49:34Z</time></trkpt>
<trkpt lat="45.455606" lon="141.034082"><ele>4.0</ele><time>2026-08-16T04:50:05Z</time></trkpt>
<trkpt lat="45.455892" lon="141.034024"><ele>3.0</ele><time>2026-08-16T04:50:11Z</time></trkpt>
<trkpt lat="45.456509" lon="141.033715"><ele>4.0</ele><time>2026-08-16T04:50:22Z</time></trkpt>
<trkpt lat="45.457105" lon="141.033555"><ele>4.2</ele><time>2026-08-16T04:50:32Z</time></trkpt>
<trkpt lat="45.457912" lon="141.032952"><ele>4.0</ele><time>2026-08-16T04:50:49Z</time></trkpt>
<trkpt lat="45.458740" lon="141.032570"><ele>3.8</ele><time>2026-08-16T04:51:04Z</time></trkpt>
<trkpt lat="45.459027" lon="141.032519"><ele>4.0</ele><time>2026-08-16T04:51:09Z</time></trkpt>
<trkpt lat="45.459309" lon="141.032572"><ele>4.4</ele><time>2026-08-16T04:51:14Z</time></trkpt>
<trkpt lat="45.460703" lon="141.033060"><ele>5.2</ele><time>2026-08-16T04:51:39Z</time></trkpt>
<trkpt lat="45.460834" lon="141.033242"><ele>5.8</ele><time>2026-08-16T04:51:43Z</time></trkpt>
<trkpt lat="45.460871" lon="141.033339"><ele>5.6</ele><time>2026-08-16T04:51:47Z</time></trkpt>
<trkpt lat="45.460837" lon="141.033356"><ele>6.0</ele><time>2026-08-16T04:52:17Z</time></trkpt>
<trkpt lat="45.460877" lon="141.033335"><ele>5.6</ele><time>2026-08-16T04:53:45Z</time></trkpt>
<trkpt lat="45.460820" lon="141.033382"><ele>5.2</ele><time>2026-08-16T04:53:57Z</time></trkpt>
<trkpt lat="45.460753" lon="141.033201"><ele>2.8</ele><time>2026-08-16T04:54:04Z</time></trkpt>
<trkpt lat="45.460587" lon="141.033062"><ele>1.2</ele><time>2026-08-16T04:54:11Z</time></trkpt>
<trkpt lat="45.459414" lon="141.032650"><ele>2.4</ele><time>2026-08-16T04:54:49Z</time></trkpt>
<trkpt lat="45.459113" lon="141.032579"><ele>2.2</ele><time>2026-08-16T04:54:58Z</time></trkpt>
<trkpt lat="45.458830" lon="141.032594"><ele>3.0</ele><time>2026-08-16T04:55:06Z</time></trkpt>
<trkpt lat="45.457720" lon="141.033127"><ele>4.4</ele><time>2026-08-16T04:55:39Z</time></trkpt>
<trkpt lat="45.457122" lon="141.033592"><ele>2.8</ele><time>2026-08-16T04:55:56Z</time></trkpt>
<trkpt lat="45.456683" lon="141.033697"><ele>4.6</ele><time>2026-08-16T04:56:07Z</time></trkpt>
<trkpt lat="45.455857" lon="141.034088"><ele>3.2</ele><time>2026-08-16T04:56:28Z</time></trkpt>
<trkpt lat="45.455596" lon="141.034111"><ele>3.4</ele><time>2026-08-16T04:56:34Z</time></trkpt>
<trkpt lat="45.454884" lon="141.033986"><ele>3.0</ele><time>2026-08-16T04:56:50Z</time></trkpt>
<trkpt lat="45.453911" lon="141.033927"><ele>3.0</ele><time>2026-08-16T04:57:12Z</time></trkpt>
<trkpt lat="45.453617" lon="141.033988"><ele>2.8</ele><time>2026-08-16T04:57:18Z</time></trkpt>
<trkpt lat="45.453100" lon="141.034282"><ele>4.0</ele><time>2026-08-16T04:57:30Z</time></trkpt>
<trkpt lat="45.452366" lon="141.035221"><ele>5.0</ele><time>2026-08-16T04:57:53Z</time></trkpt>
<trkpt lat="45.452100" lon="141.035495"><ele>5.8</ele><time>2026-08-16T04:58:00Z</time></trkpt>
<trkpt lat="45.451878" lon="141.035630"><ele>3.4</ele><time>2026-08-16T04:58:05Z</time></trkpt>
<trkpt lat="45.451385" lon="141.035849"><ele>4.4</ele><time>2026-08-16T04:58:16Z</time></trkpt>
<trkpt lat="45.451147" lon="141.035906"><ele>6.8</ele><time>2026-08-16T04:58:21Z</time></trkpt>
<trkpt lat="45.450758" lon="141.035896"><ele>6.4</ele><time>2026-08-16T04:58:30Z</time></trkpt>
<trkpt lat="45.450324" lon="141.035818"><ele>3.4</ele><time>2026-08-16T04:58:41Z</time></trkpt>
<trkpt lat="45.450065" lon="141.035879"><ele>3.6</ele><time>2026-08-16T04:58:47Z</time></trkpt>
<trkpt lat="45.449859" lon="141.036002"><ele>4.4</ele><time>2026-08-16T04:58:52Z</time></trkpt>
<trkpt lat="45.448944" lon="141.036893"><ele>4.8</ele><time>2026-08-16T04:59:15Z</time></trkpt>
<trkpt lat="45.448490" lon="141.037447"><ele>5.0</ele><time>2026-08-16T04:59:28Z</time></trkpt>
<trkpt lat="45.448329" lon="141.037564"><ele>5.4</ele><time>2026-08-16T04:59:32Z</time></trkpt>
<trkpt lat="45.448155" lon="141.037615"><ele>4.6</ele><time>2026-08-16T04:59:36Z</time></trkpt>
<trkpt lat="45.447508" lon="141.037622"><ele>6.0</ele><time>2026-08-16T04:59:50Z</time></trkpt>
<trkpt lat="45.446448" lon="141.037937"><ele>5.8</ele><time>2026-08-16T05:00:14Z</time></trkpt>
<trkpt lat="45.446042" lon="141.038005"><ele>5.6</ele><time>2026-08-16T05:00:23Z</time></trkpt>
<trkpt lat="45.444804" lon="141.037862"><ele>5.6</ele><time>2026-08-16T05:00:50Z</time></trkpt>
<trkpt lat="45.443016" lon="141.038321"><ele>6.4</ele><time>2026-08-16T05:01:30Z</time></trkpt>
<trkpt lat="45.442932" lon="141.038301"><ele>7.2</ele><time>2026-08-16T05:01:32Z</time></trkpt>
<trkpt lat="45.440504" lon="141.036697"><ele>8.6</ele><time>2026-08-16T05:02:44Z</time></trkpt>
<trkpt lat="45.439722" lon="141.035815"><ele>6.6</ele><time>2026-08-16T05:03:06Z</time></trkpt>
<trkpt lat="45.439589" lon="141.035793"><ele>7.2</ele><time>2026-08-16T05:03:09Z</time></trkpt>
<trkpt lat="45.439137" lon="141.036236"><ele>7.0</ele><time>2026-08-16T05:03:23Z</time></trkpt>
<trkpt lat="45.438991" lon="141.036270"><ele>7.4</ele><time>2026-08-16T05:03:29Z</time></trkpt>
<trkpt lat="45.438838" lon="141.036035"><ele>6.2</ele><time>2026-08-16T05:03:36Z</time></trkpt>
<trkpt lat="45.438144" lon="141.035539"><ele>6.0</ele><time>2026-08-16T05:03:56Z</time></trkpt>
<trkpt lat="45.437700" lon="141.035070"><ele>5.2</ele><time>2026-08-16T05:04:10Z</time></trkpt>
<trkpt lat="45.435538" lon="141.031758"><ele>7.4</ele><time>2026-08-16T05:05:25Z</time></trkpt>
<trkpt lat="45.435398" lon="141.031411"><ele>6.4</ele><time>2026-08-16T05:05:32Z</time></trkpt>
<trkpt lat="45.435036" lon="141.029391"><ele>8.4</ele><time>2026-08-16T05:06:09Z</time></trkpt>
<trkpt lat="45.434986" lon="141.028842"><ele>8.0</ele><time>2026-08-16T05:06:20Z</time></trkpt>
<trkpt lat="45.435317" lon="141.027248"><ele>10.0</ele><time>2026-08-16T05:06:51Z</time></trkpt>
<trkpt lat="45.435273" lon="141.026379"><ele>9.2</ele><time>2026-08-16T05:07:05Z</time></trkpt>
<trkpt lat="45.435080" lon="141.025596"><ele>7.2</ele><time>2026-08-16T05:07:18Z</time></trkpt>
<trkpt lat="45.434955" lon="141.025256"><ele>8.2</ele><time>2026-08-16T05:07:24Z</time></trkpt>
<trkpt lat="45.434275" lon="141.024086"><ele>5.0</ele><time>2026-08-16T05:07:46Z</time></trkpt>
<trkpt lat="45.434164" lon="141.023543"><ele>5.8</ele><time>2026-08-16T05:07:55Z</time></trkpt>
<trkpt lat="45.434025" lon="141.022046"><ele>9.6</ele><time>2026-08-16T05:08:26Z</time></trkpt>
<trkpt lat="45.433891" lon="141.021505"><ele>7.6</ele><time>2026-08-16T05:08:37Z</time></trkpt>
<trkpt lat="45.433565" lon="141.020554"><ele>7.0</ele><time>2026-08-16T05:08:55Z</time></trkpt>
<trkpt lat="45.432896" lon="141.018276"><ele>5.2</ele><time>2026-08-16T05:09:35Z</time></trkpt>
<trkpt lat="45.432346" lon="141.017260"><ele>4.4</ele><time>2026-08-16T05:09:57Z</time></trkpt>
<trkpt lat="45.431991" lon="141.015075"><ele>4.0</ele><time>2026-08-16T05:10:32Z</time></trkpt>
<trkpt lat="45.431680" lon="141.013552"><ele>6.4</ele><time>2026-08-16T05:10:56Z</time></trkpt>
<trkpt lat="45.431629" lon="141.013140"><ele>6.6</ele><time>2026-08-16T05:11:03Z</time></trkpt>
<trkpt lat="45.431625" lon="141.012292"><ele>7.0</ele><time>2026-08-16T05:11:17Z</time></trkpt>
<trkpt lat="45.431564" lon="141.012210"><ele>7.0</ele><time>2026-08-16T05:11:19Z</time></trkpt>
<trkpt lat="45.430403" lon="141.011480"><ele>5.4</ele><time>2026-08-16T05:11:50Z</time></trkpt>
<trkpt lat="45.428321" lon="141.010242"><ele>8.6</ele><time>2026-08-16T05:12:53Z</time></trkpt>
<trkpt lat="45.427981" lon="141.009951"><ele>10.8</ele><time>2026-08-16T05:13:06Z</time></trkpt>
<trkpt lat="45.427658" lon="141.009526"><ele>12.2</ele><time>2026-08-16T05:13:23Z</time></trkpt>
<trkpt lat="45.427404" lon="141.008950"><ele>14.2</ele><time>2026-08-16T05:13:43Z</time></trkpt>
<trkpt lat="45.426427" lon="141.004669"><ele>29.4</ele><time>2026-08-16T05:15:54Z</time></trkpt>
<trkpt lat="45.426223" lon="141.004099"><ele>32.2</ele><time>2026-08-16T05:16:14Z</time></trkpt>
<trkpt lat="45.425984" lon="141.003647"><ele>35.2</ele><time>2026-08-16T05:16:32Z</time></trkpt>
<trkpt lat="45.425948" lon="141.003548"><ele>34.4</ele><time>2026-08-16T05:16:36Z</time></trkpt>
<trkpt lat="45.425961" lon="141.003474"><ele>35.8</ele><time>2026-08-16T05:16:45Z</time></trkpt>
<trkpt lat="45.425976" lon="141.003508"><ele>36.6</ele><time>2026-08-16T05:17:25Z</time></trkpt>
<trkpt lat="45.425941" lon="141.003491"><ele>37.0</ele><time>2026-08-16T05:17:28Z</time></trkpt>
<trkpt lat="45.425941" lon="141.003545"><ele>36.2</ele><time>2026-08-16T05:17:34Z</time></trkpt>
<trkpt lat="45.426345" lon="141.004310"><ele>33.0</ele><time>2026-08-16T05:17:51Z</time></trkpt>
<trkpt lat="45.426509" lon="141.004824"><ele>31.2</ele><time>2026-08-16T05:17:58Z</time></trkpt>
<trkpt lat="45.427348" lon="141.008616"><ele>18.6</ele><time>2026-08-16T05:18:30Z</time></trkpt>
<trkpt lat="45.427512" lon="141.009153"><ele>17.2</ele><time>2026-08-16T05:18:34Z</time></trkpt>
<trkpt lat="45.427752" lon="141.009622"><ele>15.0</ele><time>2026-08-16T05:18:38Z</time></trkpt>
<trkpt lat="45.428165" lon="141.010101"><ele>12.4</ele><time>2026-08-16T05:18:43Z</time></trkpt>
<trkpt lat="45.428449" lon="141.010297"><ele>11.0</ele><time>2026-08-16T05:18:46Z</time></trkpt>
<trkpt lat="45.429836" lon="141.011103"><ele>7.0</ele><time>2026-08-16T05:19:02Z</time></trkpt>
<trkpt lat="45.431568" lon="141.012166"><ele>5.8</ele><time>2026-08-16T05:19:27Z</time></trkpt>
<trkpt lat="45.431662" lon="141.012261"><ele>6.2</ele><time>2026-08-16T05:19:30Z</time></trkpt>
<trkpt lat="45.431704" lon="141.013404"><ele>5.4</ele><time>2026-08-16T05:19:46Z</time></trkpt>
<trkpt lat="45.432151" lon="141.015709"><ele>5.0</ele><time>2026-08-16T05:20:13Z</time></trkpt>
<trkpt lat="45.432373" lon="141.017198"><ele>5.6</ele><time>2026-08-16T05:20:30Z</time></trkpt>
<trkpt lat="45.432556" lon="141.017607"><ele>5.4</ele><time>2026-08-16T05:20:36Z</time></trkpt>
<trkpt lat="45.432824" lon="141.018028"><ele>5.6</ele><time>2026-08-16T05:20:43Z</time></trkpt>
<trkpt lat="45.432958" lon="141.018375"><ele>6.0</ele><time>2026-08-16T05:20:48Z</time></trkpt>
<trkpt lat="45.433534" lon="141.020356"><ele>9.2</ele><time>2026-08-16T05:21:16Z</time></trkpt>
<trkpt lat="45.433955" lon="141.021599"><ele>10.4</ele><time>2026-08-16T05:21:32Z</time></trkpt>
<trkpt lat="45.434059" lon="141.022005"><ele>10.6</ele><time>2026-08-16T05:21:37Z</time></trkpt>
<trkpt lat="45.434254" lon="141.023976"><ele>5.6</ele><time>2026-08-16T05:21:56Z</time></trkpt>
<trkpt lat="45.434912" lon="141.025141"><ele>7.4</ele><time>2026-08-16T05:22:12Z</time></trkpt>
<trkpt lat="45.435145" lon="141.025736"><ele>8.6</ele><time>2026-08-16T05:22:20Z</time></trkpt>
<trkpt lat="45.435283" lon="141.026211"><ele>8.6</ele><time>2026-08-16T05:22:26Z</time></trkpt>
<trkpt lat="45.435354" lon="141.026731"><ele>8.4</ele><time>2026-08-16T05:22:32Z</time></trkpt>
<trkpt lat="45.435364" lon="141.027248"><ele>8.8</ele><time>2026-08-16T05:22:38Z</time></trkpt>
<trkpt lat="45.435299" lon="141.027651"><ele>8.6</ele><time>2026-08-16T05:22:43Z</time></trkpt>
<trkpt lat="45.435092" lon="141.028404"><ele>9.4</ele><time>2026-08-16T05:22:55Z</time></trkpt>
<trkpt lat="45.435040" lon="141.028472"><ele>8.8</ele><time>2026-08-16T05:22:57Z</time></trkpt>
<trkpt lat="45.434924" lon="141.028488"><ele>7.4</ele><time>2026-08-16T05:23:00Z</time></trkpt>
<trkpt lat="45.434839" lon="141.028557"><ele>7.0</ele><time>2026-08-16T05:23:02Z</time></trkpt>
<trkpt lat="45.434771" lon="141.028740"><ele>7.2</ele><time>2026-08-16T05:23:05Z</time></trkpt>
<trkpt lat="45.434708" lon="141.029117"><ele>6.4</ele><time>2026-08-16T05:23:11Z</time></trkpt>
<trkpt lat="45.434582" lon="141.029247"><ele>6.6</ele><time>2026-08-16T05:23:15Z</time></trkpt>
<trkpt lat="45.434407" lon="141.029269"><ele>6.4</ele><time>2026-08-16T05:23:30Z</time></trkpt>
<trkpt lat="45.434436" lon="141.029297"><ele>6.4</ele><time>2026-08-16T05:23:39Z</time></trkpt>
<trkpt lat="45.434442" lon="141.029254"><ele>6.0</ele><time>2026-08-16T05:24:12Z</time></trkpt></trkseg><trkseg>
<trkpt lat="45.434514" lon="141.029145"><ele>5.8</ele><time>2026-08-16T20:55:17Z</time></trkpt>
<trkpt lat="45.434641" lon="141.029169"><ele>5.8</ele><time>2026-08-16T20:55:22Z</time></trkpt>
<trkpt lat="45.434669" lon="141.029192"><ele>5.6</ele><time>2026-08-16T20:55:23Z</time></trkpt>
<trkpt lat="45.434700" lon="141.029354"><ele>5.4</ele><time>2026-08-16T20:55:27Z</time></trkpt>
<trkpt lat="45.434675" lon="141.029481"><ele>5.4</ele><time>2026-08-16T20:55:30Z</time></trkpt>
<trkpt lat="45.434678" lon="141.029627"><ele>5.2</ele><time>2026-08-16T20:55:33Z</time></trkpt>
<trkpt lat="45.434737" lon="141.029795"><ele>5.4</ele><time>2026-08-16T20:55:37Z</time></trkpt>
<trkpt lat="45.434766" lon="141.029801"><ele>5.4</ele><time>2026-08-16T20:55:38Z</time></trkpt>
<trkpt lat="45.434888" lon="141.029751"><ele>6.0</ele><time>2026-08-16T20:55:42Z</time></trkpt>
<trkpt lat="45.435025" lon="141.029677"><ele>6.0</ele><time>2026-08-16T20:55:47Z</time></trkpt>
<trkpt lat="45.435092" lon="141.029686"><ele>5.8</ele><time>2026-08-16T20:55:49Z</time></trkpt>
<trkpt lat="45.435115" lon="141.029721"><ele>5.4</ele><time>2026-08-16T20:55:50Z</time></trkpt>
<trkpt lat="45.435172" lon="141.029919"><ele>4.6</ele><time>2026-08-16T20:55:54Z</time></trkpt>
<trkpt lat="45.435341" lon="141.030875"><ele>5.0</ele><time>2026-08-16T20:56:09Z</time></trkpt>
<trkpt lat="45.435446" lon="141.031414"><ele>5.0</ele><time>2026-08-16T20:56:17Z</time></trkpt>
<trkpt lat="45.435591" lon="141.031699"><ele>5.4</ele><time>2026-08-16T20:56:22Z</time></trkpt>
<trkpt lat="45.435704" lon="141.031858"><ele>5.0</ele><time>2026-08-16T20:56:25Z</time></trkpt>
<trkpt lat="45.435781" lon="141.032013"><ele>5.0</ele><time>2026-08-16T20:56:28Z</time></trkpt>
<trkpt lat="45.435708" lon="141.032043"><ele>5.2</ele><time>2026-08-16T20:56:31Z</time></trkpt>
<trkpt lat="45.435674" lon="141.031927"><ele>4.6</ele><time>2026-08-16T20:56:34Z</time></trkpt>
<trkpt lat="45.435548" lon="141.031717"><ele>4.2</ele><time>2026-08-16T20:56:39Z</time></trkpt>
<trkpt lat="45.435431" lon="141.031576"><ele>4.4</ele><time>2026-08-16T20:56:43Z</time></trkpt>
<trkpt lat="45.435395" lon="141.031598"><ele>4.6</ele><time>2026-08-16T20:56:44Z</time></trkpt>
<trkpt lat="45.435379" lon="141.031637"><ele>4.6</ele><time>2026-08-16T20:56:45Z</time></trkpt>
<trkpt lat="45.435365" lon="141.031743"><ele>4.6</ele><time>2026-08-16T20:56:47Z</time></trkpt>
<trkpt lat="45.435293" lon="141.032067"><ele>4.8</ele><time>2026-08-16T20:56:53Z</time></trkpt>
<trkpt lat="45.435232" lon="141.032408"><ele>4.6</ele><time>2026-08-16T20:56:59Z</time></trkpt>
<trkpt lat="45.435078" lon="141.033083"><ele>5.0</ele><time>2026-08-16T20:57:11Z</time></trkpt>
<trkpt lat="45.435004" lon="141.033483"><ele>5.4</ele><time>2026-08-16T20:57:18Z</time></trkpt>
<trkpt lat="45.434948" lon="141.034001"><ele>4.8</ele><time>2026-08-16T20:57:27Z</time></trkpt>
<trkpt lat="45.434937" lon="141.034274"><ele>5.0</ele><time>2026-08-16T20:57:32Z</time></trkpt>
<trkpt lat="45.434964" lon="141.034382"><ele>5.0</ele><time>2026-08-16T20:57:34Z</time></trkpt>
<trkpt lat="45.435065" lon="141.034717"><ele>5.6</ele><time>2026-08-16T20:57:40Z</time></trkpt>
<trkpt lat="45.435089" lon="141.034769"><ele>5.6</ele><time>2026-08-16T20:57:41Z</time></trkpt>
<trkpt lat="45.435155" lon="141.034971"><ele>5.0</ele><time>2026-08-16T20:57:45Z</time></trkpt>
<trkpt lat="45.435292" lon="141.035268"><ele>5.2</ele><time>2026-08-16T20:57:51Z</time></trkpt>
<trkpt lat="45.435490" lon="141.035650"><ele>5.8</ele><time>2026-08-16T20:57:59Z</time></trkpt>
<trkpt lat="45.435705" lon="141.036108"><ele>5.8</ele><time>2026-08-16T20:58:08Z</time></trkpt>
<trkpt lat="45.435723" lon="141.036166"><ele>6.0</ele><time>2026-08-16T20:58:09Z</time></trkpt>
<trkpt lat="45.435749" lon="141.036284"><ele>5.8</ele><time>2026-08-16T20:58:11Z</time></trkpt>
<trkpt lat="45.435766" lon="141.036389"><ele>5.8</ele><time>2026-08-16T20:58:13Z</time></trkpt>
<trkpt lat="45.435837" lon="141.036644"><ele>7.2</ele><time>2026-08-16T20:58:19Z</time></trkpt>
<trkpt lat="45.435831" lon="141.036768"><ele>7.2</ele><time>2026-08-16T20:58:22Z</time></trkpt>
<trkpt lat="45.435806" lon="141.036802"><ele>7.2</ele><time>2026-08-16T20:58:23Z</time></trkpt>
<trkpt lat="45.435678" lon="141.036940"><ele>5.8</ele><time>2026-08-16T20:58:27Z</time></trkpt>
<trkpt lat="45.435598" lon="141.037009"><ele>4.8</ele><time>2026-08-16T20:58:29Z</time></trkpt>
<trkpt lat="45.435010" lon="141.037360"><ele>4.4</ele><time>2026-08-16T20:58:43Z</time></trkpt>
<trkpt lat="45.434930" lon="141.037396"><ele>4.8</ele><time>2026-08-16T20:58:45Z</time></trkpt>
<trkpt lat="45.434709" lon="141.037511"><ele>5.2</ele><time>2026-08-16T20:58:51Z</time></trkpt>
<trkpt lat="45.434485" lon="141.037647"><ele>5.4</ele><time>2026-08-16T20:58:57Z</time></trkpt>
<trkpt lat="45.434255" lon="141.037857"><ele>5.0</ele><time>2026-08-16T20:59:04Z</time></trkpt>
<trkpt lat="45.434020" lon="141.038204"><ele>4.6</ele><time>2026-08-16T20:59:12Z</time></trkpt>
<trkpt lat="45.433819" lon="141.038580"><ele>4.4</ele><time>2026-08-16T20:59:20Z</time></trkpt>
<trkpt lat="45.433665" lon="141.039000"><ele>4.6</ele><time>2026-08-16T20:59:28Z</time></trkpt>
<trkpt lat="45.433507" lon="141.039503"><ele>4.8</ele><time>2026-08-16T20:59:37Z</time></trkpt>
<trkpt lat="45.433338" lon="141.039918"><ele>4.8</ele><time>2026-08-16T20:59:45Z</time></trkpt>
<trkpt lat="45.433176" lon="141.040276"><ele>5.0</ele><time>2026-08-16T20:59:52Z</time></trkpt>
<trkpt lat="45.432943" lon="141.040558"><ele>5.4</ele><time>2026-08-16T20:59:59Z</time></trkpt>
<trkpt lat="45.432747" lon="141.040714"><ele>5.6</ele><time>2026-08-16T21:00:04Z</time></trkpt>
<trkpt lat="45.432651" lon="141.040826"><ele>6.0</ele><time>2026-08-16T21:00:07Z</time></trkpt>
<trkpt lat="45.432359" lon="141.041102"><ele>6.4</ele><time>2026-08-16T21:00:16Z</time></trkpt>
<trkpt lat="45.431320" lon="141.041964"><ele>6.2</ele><time>2026-08-16T21:00:44Z</time></trkpt>
<trkpt lat="45.431237" lon="141.042014"><ele>6.4</ele><time>2026-08-16T21:00:46Z</time></trkpt>
<trkpt lat="45.430964" lon="141.042146"><ele>5.8</ele><time>2026-08-16T21:00:53Z</time></trkpt>
<trkpt lat="45.430354" lon="141.042412"><ele>6.2</ele><time>2026-08-16T21:01:08Z</time></trkpt>
<trkpt lat="45.430157" lon="141.042531"><ele>6.2</ele><time>2026-08-16T21:01:13Z</time></trkpt>
<trkpt lat="45.429966" lon="141.042700"><ele>5.4</ele><time>2026-08-16T21:01:18Z</time></trkpt>
<trkpt lat="45.429755" lon="141.042937"><ele>5.8</ele><time>2026-08-16T21:01:25Z</time></trkpt>
<trkpt lat="45.429597" lon="141.043103"><ele>6.8</ele><time>2026-08-16T21:01:31Z</time></trkpt>
<trkpt lat="45.429306" lon="141.043384"><ele>9.4</ele><time>2026-08-16T21:01:44Z</time></trkpt>
<trkpt lat="45.429091" lon="141.043577"><ele>10.0</ele><time>2026-08-16T21:01:52Z</time></trkpt>
<trkpt lat="45.429008" lon="141.043661"><ele>10.4</ele><time>2026-08-16T21:01:56Z</time></trkpt>
<trkpt lat="45.428974" lon="141.043708"><ele>10.6</ele><time>2026-08-16T21:01:58Z</time></trkpt>
<trkpt lat="45.428878" lon="141.043811"><ele>11.4</ele><time>2026-08-16T21:02:03Z</time></trkpt>
<trkpt lat="45.428760" lon="141.043930"><ele>12.6</ele><time>2026-08-16T21:02:10Z</time></trkpt>
<trkpt lat="45.428693" lon="141.043987"><ele>13.0</ele><time>2026-08-16T21:02:14Z</time></trkpt>
<trkpt lat="45.428595" lon="141.044052"><ele>13.6</ele><time>2026-08-16T21:02:19Z</time></trkpt>
<trkpt lat="45.428405" lon="141.044155"><ele>14.8</ele><time>2026-08-16T21:02:28Z</time></trkpt>
<trkpt lat="45.428285" lon="141.044230"><ele>15.6</ele><time>2026-08-16T21:02:34Z</time></trkpt>
<trkpt lat="45.428112" lon="141.044324"><ele>16.8</ele><time>2026-08-16T21:02:43Z</time></trkpt>
<trkpt lat="45.427986" lon="141.044372"><ele>17.4</ele><time>2026-08-16T21:02:49Z</time></trkpt>
<trkpt lat="45.427852" lon="141.044409"><ele>18.2</ele><time>2026-08-16T21:02:55Z</time></trkpt>
<trkpt lat="45.427743" lon="141.044456"><ele>19.0</ele><time>2026-08-16T21:03:00Z</time></trkpt>
<trkpt lat="45.427722" lon="141.044460"><ele>19.2</ele><time>2026-08-16T21:03:01Z</time></trkpt>
<trkpt lat="45.427386" lon="141.044602"><ele>21.2</ele><time>2026-08-16T21:03:18Z</time></trkpt>
<trkpt lat="45.427269" lon="141.044660"><ele>22.0</ele><time>2026-08-16T21:03:24Z</time></trkpt>
<trkpt lat="45.427226" lon="141.044667"><ele>22.4</ele><time>2026-08-16T21:03:26Z</time></trkpt>
<trkpt lat="45.427108" lon="141.044711"><ele>23.2</ele><time>2026-08-16T21:03:32Z</time></trkpt>
<trkpt lat="45.426822" lon="141.044843"><ele>25.4</ele><time>2026-08-16T21:03:45Z</time></trkpt>
<trkpt lat="45.426649" lon="141.044896"><ele>26.6</ele><time>2026-08-16T21:03:52Z</time></trkpt>
<trkpt lat="45.426533" lon="141.044938"><ele>27.2</ele><time>2026-08-16T21:03:57Z</time></trkpt>
<trkpt lat="45.426454" lon="141.044956"><ele>27.6</ele><time>2026-08-16T21:04:00Z</time></trkpt>
<trkpt lat="45.426177" lon="141.045086"><ele>29.2</ele><time>2026-08-16T21:04:12Z</time></trkpt>
<trkpt lat="45.425882" lon="141.045246"><ele>30.8</ele><time>2026-08-16T21:04:27Z</time></trkpt>
<trkpt lat="45.425805" lon="141.045309"><ele>31.2</ele><time>2026-08-16T21:04:31Z</time></trkpt>
<trkpt lat="45.425606" lon="141.045449"><ele>32.8</ele><time>2026-08-16T21:04:41Z</time></trkpt>
<trkpt lat="45.425361" lon="141.045680"><ele>34.4</ele><time>2026-08-16T21:04:55Z</time></trkpt>
<trkpt lat="45.425324" lon="141.045722"><ele>34.8</ele><time>2026-08-16T21:04:57Z</time></trkpt>
<trkpt lat="45.425215" lon="141.045881"><ele>35.4</ele><time>2026-08-16T21:05:03Z</time></trkpt>
<trkpt lat="45.425103" lon="141.046026"><ele>36.4</ele><time>2026-08-16T21:05:10Z</time></trkpt>
<trkpt lat="45.424819" lon="141.046441"><ele>39.2</ele><time>2026-08-16T21:05:28Z</time></trkpt>
<trkpt lat="45.424735" lon="141.046574"><ele>40.0</ele><time>2026-08-16T21:05:34Z</time></trkpt>
<trkpt lat="45.424638" lon="141.046758"><ele>41.2</ele><time>2026-08-16T21:05:41Z</time></trkpt>
<trkpt lat="45.424517" lon="141.046962"><ele>42.2</ele><time>2026-08-16T21:05:49Z</time></trkpt>
<trkpt lat="45.424480" lon="141.047035"><ele>42.6</ele><time>2026-08-16T21:05:52Z</time></trkpt>
<trkpt lat="45.424372" lon="141.047180"><ele>43.6</ele><time>2026-08-16T21:05:59Z</time></trkpt>
<trkpt lat="45.424209" lon="141.047443"><ele>45.6</ele><time>2026-08-16T21:06:11Z</time></trkpt>
<trkpt lat="45.423845" lon="141.048006"><ele>49.4</ele><time>2026-08-16T21:06:34Z</time></trkpt>
<trkpt lat="45.423781" lon="141.048112"><ele>49.8</ele><time>2026-08-16T21:06:38Z</time></trkpt>
<trkpt lat="45.423771" lon="141.048136"><ele>50.0</ele><time>2026-08-16T21:06:39Z</time></trkpt>
<trkpt lat="45.423690" lon="141.048261"><ele>50.6</ele><time>2026-08-16T21:06:45Z</time></trkpt>
<trkpt lat="45.423636" lon="141.048367"><ele>51.4</ele><time>2026-08-16T21:06:50Z</time></trkpt>
<trkpt lat="45.423563" lon="141.048466"><ele>52.0</ele><time>2026-08-16T21:06:55Z</time></trkpt>
<trkpt lat="45.423445" lon="141.048654"><ele>53.0</ele><time>2026-08-16T21:07:05Z</time></trkpt>
<trkpt lat="45.423165" lon="141.049125"><ele>55.6</ele><time>2026-08-16T21:07:26Z</time></trkpt>
<trkpt lat="45.423118" lon="141.049190"><ele>56.2</ele><time>2026-08-16T21:07:29Z</time></trkpt>
<trkpt lat="45.422960" lon="141.049462"><ele>57.8</ele><time>2026-08-16T21:07:41Z</time></trkpt>
<trkpt lat="45.422894" lon="141.049562"><ele>58.4</ele><time>2026-08-16T21:07:45Z</time></trkpt>
<trkpt lat="45.422818" lon="141.049690"><ele>59.2</ele><time>2026-08-16T21:07:50Z</time></trkpt>
<trkpt lat="45.422664" lon="141.049918"><ele>60.6</ele><time>2026-08-16T21:08:00Z</time></trkpt>
<trkpt lat="45.422563" lon="141.050084"><ele>61.8</ele><time>2026-08-16T21:08:06Z</time></trkpt>
<trkpt lat="45.422438" lon="141.050256"><ele>62.8</ele><time>2026-08-16T21:08:13Z</time></trkpt>
<trkpt lat="45.422420" lon="141.050274"><ele>62.8</ele><time>2026-08-16T21:08:14Z</time></trkpt>
<trkpt lat="45.422376" lon="141.050357"><ele>63.4</ele><time>2026-08-16T21:08:17Z</time></trkpt>
<trkpt lat="45.422340" lon="141.050408"><ele>63.6</ele><time>2026-08-16T21:08:19Z</time></trkpt>
<trkpt lat="45.422288" lon="141.050502"><ele>64.0</ele><time>2026-08-16T21:08:22Z</time></trkpt>
<trkpt lat="45.422250" lon="141.050548"><ele>64.2</ele><time>2026-08-16T21:08:24Z</time></trkpt>
<trkpt lat="45.422160" lon="141.050720"><ele>64.8</ele><time>2026-08-16T21:08:29Z</time></trkpt>
<trkpt lat="45.422053" lon="141.050910"><ele>65.0</ele><time>2026-08-16T21:08:35Z</time></trkpt>
<trkpt lat="45.421753" lon="141.051395"><ele>64.4</ele><time>2026-08-16T21:08:48Z</time></trkpt>
<trkpt lat="45.421601" lon="141.051705"><ele>64.0</ele><time>2026-08-16T21:08:54Z</time></trkpt>
<trkpt lat="45.421429" lon="141.052082"><ele>61.4</ele><time>2026-08-16T21:09:00Z</time></trkpt>
<trkpt lat="45.421375" lon="141.052234"><ele>61.0</ele><time>2026-08-16T21:09:02Z</time></trkpt>
<trkpt lat="45.421326" lon="141.052396"><ele>60.4</ele><time>2026-08-16T21:09:04Z</time></trkpt>
<trkpt lat="45.421305" lon="141.052476"><ele>60.0</ele><time>2026-08-16T21:09:05Z</time></trkpt>
<trkpt lat="45.421288" lon="141.052567"><ele>59.4</ele><time>2026-08-16T21:09:06Z</time></trkpt>
<trkpt lat="45.421262" lon="141.052662"><ele>58.4</ele><time>2026-08-16T21:09:07Z</time></trkpt>
<trkpt lat="45.421196" lon="141.052962"><ele>57.2</ele><time>2026-08-16T21:09:10Z</time></trkpt>
<trkpt lat="45.421166" lon="141.053186"><ele>56.0</ele><time>2026-08-16T21:09:12Z</time></trkpt>
<trkpt lat="45.421131" lon="141.053534"><ele>55.0</ele><time>2026-08-16T21:09:15Z</time></trkpt>
<trkpt lat="45.421123" lon="141.053785"><ele>54.0</ele><time>2026-08-16T21:09:17Z</time></trkpt>
<trkpt lat="45.421122" lon="141.054049"><ele>52.8</ele><time>2026-08-16T21:09:19Z</time></trkpt>
<trkpt lat="45.421171" lon="141.054836"><ele>48.8</ele><time>2026-08-16T21:09:25Z</time></trkpt>
<trkpt lat="45.421209" lon="141.055169"><ele>50.2</ele><time>2026-08-16T21:09:31Z</time></trkpt>
<trkpt lat="45.421208" lon="141.055157"><ele>50.6</ele><time>2026-08-16T21:09:37Z</time></trkpt>
<trkpt lat="45.421214" lon="141.055161"><ele>50.4</ele><time>2026-08-16T21:09:42Z</time></trkpt>
<trkpt lat="45.421208" lon="141.055155"><ele>50.4</ele><time>2026-08-16T21:09:45Z</time></trkpt>
<trkpt lat="45.421200" lon="141.055171"><ele>50.6</ele><time>2026-08-16T21:09:52Z</time></trkpt>
<trkpt lat="45.421194" lon="141.055262"><ele>50.0</ele><time>2026-08-16T21:09:56Z</time></trkpt>
<trkpt lat="45.421226" lon="141.055786"><ele>48.6</ele><time>2026-08-16T21:10:04Z</time></trkpt>
<trkpt lat="45.421243" lon="141.056258"><ele>47.2</ele><time>2026-08-16T21:10:09Z</time></trkpt>
<trkpt lat="45.421259" lon="141.056465"><ele>46.2</ele><time>2026-08-16T21:10:11Z</time></trkpt>
<trkpt lat="45.421302" lon="141.057291"><ele>43.0</ele><time>2026-08-16T21:10:18Z</time></trkpt>
<trkpt lat="45.421357" lon="141.058215"><ele>39.2</ele><time>2026-08-16T21:10:25Z</time></trkpt>
<trkpt lat="45.421362" lon="141.058354"><ele>38.8</ele><time>2026-08-16T21:10:26Z</time></trkpt>
<trkpt lat="45.421360" lon="141.058495"><ele>38.0</ele><time>2026-08-16T21:10:27Z</time></trkpt>
<trkpt lat="45.421336" lon="141.058780"><ele>36.8</ele><time>2026-08-16T21:10:29Z</time></trkpt>
<trkpt lat="45.421314" lon="141.058926"><ele>36.2</ele><time>2026-08-16T21:10:30Z</time></trkpt>
<trkpt lat="45.421283" lon="141.059070"><ele>35.4</ele><time>2026-08-16T21:10:31Z</time></trkpt>
<trkpt lat="45.421207" lon="141.059356"><ele>34.2</ele><time>2026-08-16T21:10:33Z</time></trkpt>
<trkpt lat="45.421158" lon="141.059493"><ele>33.6</ele><time>2026-08-16T21:10:34Z</time></trkpt>
<trkpt lat="45.421100" lon="141.059626"><ele>33.0</ele><time>2026-08-16T21:10:35Z</time></trkpt>
<trkpt lat="45.420967" lon="141.059880"><ele>31.6</ele><time>2026-08-16T21:10:37Z</time></trkpt>
<trkpt lat="45.420891" lon="141.059993"><ele>31.0</ele><time>2026-08-16T21:10:38Z</time></trkpt>
<trkpt lat="45.420811" lon="141.060095"><ele>30.2</ele><time>2026-08-16T21:10:39Z</time></trkpt>
<trkpt lat="45.420646" lon="141.060273"><ele>28.8</ele><time>2026-08-16T21:10:41Z</time></trkpt>
<trkpt lat="45.420562" lon="141.060351"><ele>28.0</ele><time>2026-08-16T21:10:42Z</time></trkpt>
<trkpt lat="45.420478" lon="141.060420"><ele>27.4</ele><time>2026-08-16T21:10:43Z</time></trkpt>
<trkpt lat="45.420305" lon="141.060527"><ele>26.2</ele><time>2026-08-16T21:10:45Z</time></trkpt>
<trkpt lat="45.420217" lon="141.060569"><ele>26.0</ele><time>2026-08-16T21:10:46Z</time></trkpt>
<trkpt lat="45.419963" lon="141.060673"><ele>24.0</ele><time>2026-08-16T21:10:49Z</time></trkpt>
<trkpt lat="45.419730" lon="141.060749"><ele>23.0</ele><time>2026-08-16T21:10:52Z</time></trkpt>
<trkpt lat="45.419650" lon="141.060781"><ele>22.8</ele><time>2026-08-16T21:10:53Z</time></trkpt>
<trkpt lat="45.419500" lon="141.060828"><ele>20.6</ele><time>2026-08-16T21:10:55Z</time></trkpt>
<trkpt lat="45.419270" lon="141.060890"><ele>18.2</ele><time>2026-08-16T21:10:58Z</time></trkpt>
<trkpt lat="45.418818" lon="141.060979"><ele>16.8</ele><time>2026-08-16T21:11:04Z</time></trkpt>
<trkpt lat="45.418669" lon="141.060993"><ele>15.6</ele><time>2026-08-16T21:11:06Z</time></trkpt>
<trkpt lat="45.418446" lon="141.060991"><ele>14.4</ele><time>2026-08-16T21:11:09Z</time></trkpt>
<trkpt lat="45.418224" lon="141.060976"><ele>13.4</ele><time>2026-08-16T21:11:12Z</time></trkpt>
<trkpt lat="45.417860" lon="141.060918"><ele>12.2</ele><time>2026-08-16T21:11:17Z</time></trkpt>
<trkpt lat="45.417578" lon="141.060864"><ele>12.2</ele><time>2026-08-16T21:11:22Z</time></trkpt>
<trkpt lat="45.417517" lon="141.060858"><ele>13.0</ele><time>2026-08-16T21:11:25Z</time></trkpt>
<trkpt lat="45.417525" lon="141.060849"><ele>13.6</ele><time>2026-08-16T21:11:40Z</time></trkpt>
<trkpt lat="45.417496" lon="141.060823"><ele>13.2</ele><time>2026-08-16T21:11:42Z</time></trkpt>
<trkpt lat="45.417222" lon="141.060702"><ele>9.8</ele><time>2026-08-16T21:11:50Z</time></trkpt>
<trkpt lat="45.417077" lon="141.060623"><ele>8.2</ele><time>2026-08-16T21:11:53Z</time></trkpt>
<trkpt lat="45.416622" lon="141.060405"><ele>2.8</ele><time>2026-08-16T21:12:01Z</time></trkpt>
<trkpt lat="45.416001" lon="141.060120"><ele>1.6</ele><time>2026-08-16T21:12:11Z</time></trkpt>
<trkpt lat="45.415688" lon="141.059968"><ele>1.0</ele><time>2026-08-16T21:12:16Z</time></trkpt>
<trkpt lat="45.415401" lon="141.059845"><ele>1.4</ele><time>2026-08-16T21:12:21Z</time></trkpt>
<trkpt lat="45.415197" lon="141.059765"><ele>3.0</ele><time>2026-08-16T21:12:25Z</time></trkpt>
<trkpt lat="45.414893" lon="141.059660"><ele>2.2</ele><time>2026-08-16T21:12:31Z</time></trkpt>
<trkpt lat="45.414504" lon="141.059513"><ele>3.6</ele><time>2026-08-16T21:12:39Z</time></trkpt>
<trkpt lat="45.414318" lon="141.059433"><ele>3.6</ele><time>2026-08-16T21:12:43Z</time></trkpt>
<trkpt lat="45.414059" lon="141.059267"><ele>3.0</ele><time>2026-08-16T21:12:49Z</time></trkpt>
<trkpt lat="45.413612" lon="141.058916"><ele>3.4</ele><time>2026-08-16T21:13:00Z</time></trkpt>
<trkpt lat="45.413370" lon="141.058711"><ele>3.4</ele><time>2026-08-16T21:13:07Z</time></trkpt>
<trkpt lat="45.413105" lon="141.058543"><ele>2.6</ele><time>2026-08-16T21:13:14Z</time></trkpt>
<trkpt lat="45.412223" lon="141.058074"><ele>2.8</ele><time>2026-08-16T21:13:34Z</time></trkpt>
<trkpt lat="45.411902" lon="141.057952"><ele>3.4</ele><time>2026-08-16T21:13:41Z</time></trkpt>
<trkpt lat="45.411508" lon="141.057888"><ele>3.2</ele><time>2026-08-16T21:13:49Z</time></trkpt>
<trkpt lat="45.411131" lon="141.057818"><ele>2.6</ele><time>2026-08-16T21:13:57Z</time></trkpt>
<trkpt lat="45.410704" lon="141.057637"><ele>3.8</ele><time>2026-08-16T21:14:06Z</time></trkpt>
<trkpt lat="45.410339" lon="141.057405"><ele>2.6</ele><time>2026-08-16T21:14:14Z</time></trkpt>
<trkpt lat="45.410101" lon="141.057276"><ele>1.8</ele><time>2026-08-16T21:14:19Z</time></trkpt>
<trkpt lat="45.409955" lon="141.057223"><ele>1.6</ele><time>2026-08-16T21:14:22Z</time></trkpt>
<trkpt lat="45.409613" lon="141.057129"><ele>1.4</ele><time>2026-08-16T21:14:29Z</time></trkpt>
<trkpt lat="45.409408" lon="141.057023"><ele>3.2</ele><time>2026-08-16T21:14:34Z</time></trkpt>
<trkpt lat="45.409064" lon="141.056801"><ele>2.4</ele><time>2026-08-16T21:14:43Z</time></trkpt>
<trkpt lat="45.408694" lon="141.056549"><ele>4.4</ele><time>2026-08-16T21:14:53Z</time></trkpt>
<trkpt lat="45.408574" lon="141.056481"><ele>5.2</ele><time>2026-08-16T21:14:56Z</time></trkpt>
<trkpt lat="45.408486" lon="141.056460"><ele>5.6</ele><time>2026-08-16T21:14:58Z</time></trkpt>
<trkpt lat="45.408394" lon="141.056474"><ele>6.0</ele><time>2026-08-16T21:15:00Z</time></trkpt>
<trkpt lat="45.408135" lon="141.056580"><ele>6.8</ele><time>2026-08-16T21:15:06Z</time></trkpt>
<trkpt lat="45.408090" lon="141.056586"><ele>7.0</ele><time>2026-08-16T21:15:07Z</time></trkpt>
<trkpt lat="45.407940" lon="141.056591"><ele>5.8</ele><time>2026-08-16T21:15:10Z</time></trkpt>
<trkpt lat="45.407792" lon="141.056575"><ele>4.6</ele><time>2026-08-16T21:15:13Z</time></trkpt>
<trkpt lat="45.407656" lon="141.056537"><ele>5.4</ele><time>2026-08-16T21:15:16Z</time></trkpt>
<trkpt lat="45.407614" lon="141.056515"><ele>5.2</ele><time>2026-08-16T21:15:17Z</time></trkpt>
<trkpt lat="45.407358" lon="141.056332"><ele>4.6</ele><time>2026-08-16T21:15:23Z</time></trkpt>
<trkpt lat="45.407036" lon="141.056198"><ele>3.0</ele><time>2026-08-16T21:15:31Z</time></trkpt>
<trkpt lat="45.406741" lon="141.056113"><ele>3.6</ele><time>2026-08-16T21:15:38Z</time></trkpt>
<trkpt lat="45.406555" lon="141.056145"><ele>4.4</ele><time>2026-08-16T21:15:42Z</time></trkpt>
<trkpt lat="45.406460" lon="141.056181"><ele>4.8</ele><time>2026-08-16T21:15:44Z</time></trkpt>
<trkpt lat="45.405936" lon="141.056406"><ele>5.6</ele><time>2026-08-16T21:15:55Z</time></trkpt>
<trkpt lat="45.405884" lon="141.056423"><ele>7.2</ele><time>2026-08-16T21:15:56Z</time></trkpt>
<trkpt lat="45.405649" lon="141.056541"><ele>4.6</ele><time>2026-08-16T21:16:01Z</time></trkpt>
<trkpt lat="45.405452" lon="141.056607"><ele>5.6</ele><time>2026-08-16T21:16:05Z</time></trkpt>
<trkpt lat="45.405251" lon="141.056647"><ele>6.4</ele><time>2026-08-16T21:16:09Z</time></trkpt>
<trkpt lat="45.404932" lon="141.056614"><ele>5.2</ele><time>2026-08-16T21:16:15Z</time></trkpt>
<trkpt lat="45.404599" lon="141.056515"><ele>5.0</ele><time>2026-08-16T21:16:22Z</time></trkpt>
<trkpt lat="45.404413" lon="141.056444"><ele>4.4</ele><time>2026-08-16T21:16:26Z</time></trkpt>
<trkpt lat="45.404272" lon="141.056413"><ele>4.4</ele><time>2026-08-16T21:16:29Z</time></trkpt>
<trkpt lat="45.404078" lon="141.056408"><ele>4.8</ele><time>2026-08-16T21:16:33Z</time></trkpt>
<trkpt lat="45.403931" lon="141.056413"><ele>5.4</ele><time>2026-08-16T21:16:36Z</time></trkpt>
<trkpt lat="45.403882" lon="141.056422"><ele>5.6</ele><time>2026-08-16T21:16:37Z</time></trkpt>
<trkpt lat="45.403592" lon="141.056496"><ele>5.6</ele><time>2026-08-16T21:16:43Z</time></trkpt>
<trkpt lat="45.403317" lon="141.056652"><ele>5.8</ele><time>2026-08-16T21:16:49Z</time></trkpt>
<trkpt lat="45.403004" lon="141.056896"><ele>4.6</ele><time>2026-08-16T21:16:56Z</time></trkpt>
<trkpt lat="45.402914" lon="141.056973"><ele>4.6</ele><time>2026-08-16T21:16:58Z</time></trkpt>
<trkpt lat="45.402533" lon="141.057215"><ele>4.2</ele><time>2026-08-16T21:17:06Z</time></trkpt>
<trkpt lat="45.402168" lon="141.057322"><ele>4.2</ele><time>2026-08-16T21:17:13Z</time></trkpt>
<trkpt lat="45.401884" lon="141.057356"><ele>5.4</ele><time>2026-08-16T21:17:19Z</time></trkpt>
<trkpt lat="45.401548" lon="141.057336"><ele>5.0</ele><time>2026-08-16T21:17:26Z</time></trkpt>
<trkpt lat="45.401351" lon="141.057314"><ele>5.2</ele><time>2026-08-16T21:17:30Z</time></trkpt>
<trkpt lat="45.401020" lon="141.057266"><ele>5.2</ele><time>2026-08-16T21:17:37Z</time></trkpt>
<trkpt lat="45.400881" lon="141.057267"><ele>4.4</ele><time>2026-08-16T21:17:40Z</time></trkpt>
<trkpt lat="45.400484" lon="141.057355"><ele>4.6</ele><time>2026-08-16T21:17:48Z</time></trkpt>
<trkpt lat="45.399609" lon="141.057634"><ele>5.0</ele><time>2026-08-16T21:18:07Z</time></trkpt>
<trkpt lat="45.399420" lon="141.057691"><ele>5.6</ele><time>2026-08-16T21:18:11Z</time></trkpt>
<trkpt lat="45.399323" lon="141.057710"><ele>6.8</ele><time>2026-08-16T21:18:13Z</time></trkpt>
<trkpt lat="45.399283" lon="141.057739"><ele>7.0</ele><time>2026-08-16T21:18:14Z</time></trkpt>
<trkpt lat="45.398522" lon="141.057944"><ele>4.0</ele><time>2026-08-16T21:18:30Z</time></trkpt>
<trkpt lat="45.398141" lon="141.058016"><ele>4.2</ele><time>2026-08-16T21:18:38Z</time></trkpt>
<trkpt lat="45.397818" lon="141.058064"><ele>4.4</ele><time>2026-08-16T21:18:45Z</time></trkpt>
<trkpt lat="45.397303" lon="141.058097"><ele>5.6</ele><time>2026-08-16T21:18:58Z</time></trkpt>
<trkpt lat="45.396876" lon="141.058151"><ele>6.4</ele><time>2026-08-16T21:19:10Z</time></trkpt>
<trkpt lat="45.396617" lon="141.058175"><ele>6.8</ele><time>2026-08-16T21:19:17Z</time></trkpt>
<trkpt lat="45.396216" lon="141.058195"><ele>6.4</ele><time>2026-08-16T21:19:28Z</time></trkpt>
<trkpt lat="45.396054" lon="141.058218"><ele>6.4</ele><time>2026-08-16T21:19:33Z</time></trkpt>
<trkpt lat="45.395988" lon="141.058235"><ele>8.0</ele><time>2026-08-16T21:19:40Z</time></trkpt>
<trkpt lat="45.395982" lon="141.058231"><ele>8.0</ele><time>2026-08-16T21:19:42Z</time></trkpt>
<trkpt lat="45.395986" lon="141.058222"><ele>7.8</ele><time>2026-08-16T21:19:48Z</time></trkpt>
<trkpt lat="45.396000" lon="141.058220"><ele>8.0</ele><time>2026-08-16T21:19:50Z</time></trkpt>
<trkpt lat="45.396009" lon="141.058200"><ele>8.2</ele><time>2026-08-16T21:19:52Z</time></trkpt>
<trkpt lat="45.396030" lon="141.058189"><ele>8.0</ele><time>2026-08-16T21:19:57Z</time></trkpt>
<trkpt lat="45.396024" lon="141.058216"><ele>8.2</ele><time>2026-08-16T21:20:05Z</time></trkpt>
<trkpt lat="45.396002" lon="141.058220"><ele>8.2</ele><time>2026-08-16T21:20:07Z</time></trkpt>
<trkpt lat="45.396001" lon="141.058232"><ele>7.8</ele><time>2026-08-16T21:20:10Z</time></trkpt>
<trkpt lat="45.395975" lon="141.058213"><ele>6.4</ele><time>2026-08-16T21:20:16Z</time></trkpt>
<trkpt lat="45.395876" lon="141.058190"><ele>7.2</ele><time>2026-08-16T21:20:20Z</time></trkpt>
<trkpt lat="45.395395" lon="141.058135"><ele>6.4</ele><time>2026-08-16T21:20:33Z</time></trkpt>
<trkpt lat="45.394841" lon="141.058035"><ele>2.6</ele><time>2026-08-16T21:20:46Z</time></trkpt>
<trkpt lat="45.394466" lon="141.057942"><ele>3.4</ele><time>2026-08-16T21:20:56Z</time></trkpt>
<trkpt lat="45.394093" lon="141.057861"><ele>3.6</ele><time>2026-08-16T21:21:06Z</time></trkpt>
<trkpt lat="45.393790" lon="141.057780"><ele>3.2</ele><time>2026-08-16T21:21:14Z</time></trkpt>
<trkpt lat="45.393450" lon="141.057680"><ele>3.8</ele><time>2026-08-16T21:21:23Z</time></trkpt>
<trkpt lat="45.393110" lon="141.057639"><ele>4.0</ele><time>2026-08-16T21:21:32Z</time></trkpt>
<trkpt lat="45.392859" lon="141.057655"><ele>6.6</ele><time>2026-08-16T21:21:39Z</time></trkpt>
<trkpt lat="45.392616" lon="141.057692"><ele>7.0</ele><time>2026-08-16T21:21:45Z</time></trkpt>
<trkpt lat="45.392495" lon="141.057700"><ele>5.4</ele><time>2026-08-16T21:21:48Z</time></trkpt>
<trkpt lat="45.392420" lon="141.057691"><ele>4.0</ele><time>2026-08-16T21:21:50Z</time></trkpt>
<trkpt lat="45.392227" lon="141.057638"><ele>3.6</ele><time>2026-08-16T21:21:55Z</time></trkpt>
<trkpt lat="45.391995" lon="141.057533"><ele>2.6</ele><time>2026-08-16T21:22:01Z</time></trkpt>
<trkpt lat="45.391319" lon="141.057209"><ele>4.0</ele><time>2026-08-16T21:22:19Z</time></trkpt>
<trkpt lat="45.391040" lon="141.057039"><ele>5.2</ele><time>2026-08-16T21:22:27Z</time></trkpt>
<trkpt lat="45.390881" lon="141.056870"><ele>4.6</ele><time>2026-08-16T21:22:32Z</time></trkpt>
<trkpt lat="45.390797" lon="141.056731"><ele>3.4</ele><time>2026-08-16T21:22:35Z</time></trkpt>
<trkpt lat="45.390709" lon="141.056520"><ele>2.8</ele><time>2026-08-16T21:22:39Z</time></trkpt>
<trkpt lat="45.390650" lon="141.056302"><ele>3.6</ele><time>2026-08-16T21:22:43Z</time></trkpt>
<trkpt lat="45.390532" lon="141.055702"><ele>5.0</ele><time>2026-08-16T21:22:53Z</time></trkpt>
<trkpt lat="45.390399" lon="141.055145"><ele>5.0</ele><time>2026-08-16T21:23:02Z</time></trkpt>
<trkpt lat="45.390218" lon="141.054566"><ele>4.6</ele><time>2026-08-16T21:23:11Z</time></trkpt>
<trkpt lat="45.390090" lon="141.054200"><ele>4.8</ele><time>2026-08-16T21:23:17Z</time></trkpt>
<trkpt lat="45.390041" lon="141.054084"><ele>5.0</ele><time>2026-08-16T21:23:19Z</time></trkpt>
<trkpt lat="45.389978" lon="141.053978"><ele>5.0</ele><time>2026-08-16T21:23:21Z</time></trkpt>
<trkpt lat="45.389859" lon="141.053843"><ele>4.8</ele><time>2026-08-16T21:23:24Z</time></trkpt>
<trkpt lat="45.389724" lon="141.053755"><ele>5.0</ele><time>2026-08-16T21:23:27Z</time></trkpt>
<trkpt lat="45.389627" lon="141.053720"><ele>5.2</ele><time>2026-08-16T21:23:29Z</time></trkpt>
<trkpt lat="45.389353" lon="141.053683"><ele>5.2</ele><time>2026-08-16T21:23:35Z</time></trkpt>
<trkpt lat="45.389041" lon="141.053664"><ele>5.4</ele><time>2026-08-16T21:23:42Z</time></trkpt>
<trkpt lat="45.388896" lon="141.053691"><ele>5.2</ele><time>2026-08-16T21:23:45Z</time></trkpt>
<trkpt lat="45.388748" lon="141.053762"><ele>4.8</ele><time>2026-08-16T21:23:47Z</time></trkpt>
<trkpt lat="45.388700" lon="141.053791"><ele>4.6</ele><time>2026-08-16T21:23:49Z</time></trkpt>
<trkpt lat="45.388416" lon="141.054014"><ele>4.4</ele><time>2026-08-16T21:23:55Z</time></trkpt>
<trkpt lat="45.388330" lon="141.054100"><ele>4.4</ele><time>2026-08-16T21:23:57Z</time></trkpt>
<trkpt lat="45.388261" lon="141.054203"><ele>4.2</ele><time>2026-08-16T21:23:59Z</time></trkpt>
<trkpt lat="45.388202" lon="141.054304"><ele>3.6</ele><time>2026-08-16T21:24:01Z</time></trkpt>
<trkpt lat="45.388050" lon="141.054635"><ele>5.2</ele><time>2026-08-16T21:24:08Z</time></trkpt>
<trkpt lat="45.388001" lon="141.054769"><ele>5.8</ele><time>2026-08-16T21:24:11Z</time></trkpt>
<trkpt lat="45.387916" lon="141.054952"><ele>6.8</ele><time>2026-08-16T21:24:15Z</time></trkpt>
<trkpt lat="45.387774" lon="141.055157"><ele>6.6</ele><time>2026-08-16T21:24:20Z</time></trkpt>
<trkpt lat="45.387687" lon="141.055249"><ele>6.8</ele><time>2026-08-16T21:24:23Z</time></trkpt>
<trkpt lat="45.387471" lon="141.055434"><ele>6.2</ele><time>2026-08-16T21:24:29Z</time></trkpt>
<trkpt lat="45.387358" lon="141.055497"><ele>5.8</ele><time>2026-08-16T21:24:32Z</time></trkpt>
<trkpt lat="45.386865" lon="141.055825"><ele>4.4</ele><time>2026-08-16T21:24:45Z</time></trkpt>
<trkpt lat="45.386612" lon="141.056009"><ele>5.2</ele><time>2026-08-16T21:24:52Z</time></trkpt>
<trkpt lat="45.386369" lon="141.056196"><ele>7.0</ele><time>2026-08-16T21:24:58Z</time></trkpt>
<trkpt lat="45.386060" lon="141.056383"><ele>4.8</ele><time>2026-08-16T21:25:05Z</time></trkpt>
<trkpt lat="45.385680" lon="141.056571"><ele>4.2</ele><time>2026-08-16T21:25:14Z</time></trkpt>
<trkpt lat="45.385285" lon="141.056790"><ele>3.6</ele><time>2026-08-16T21:25:24Z</time></trkpt>
<trkpt lat="45.385093" lon="141.056877"><ele>5.0</ele><time>2026-08-16T21:25:29Z</time></trkpt>
<trkpt lat="45.384765" lon="141.057042"><ele>3.6</ele><time>2026-08-16T21:25:37Z</time></trkpt>
<trkpt lat="45.384600" lon="141.057113"><ele>4.0</ele><time>2026-08-16T21:25:41Z</time></trkpt>
<trkpt lat="45.384348" lon="141.057241"><ele>4.0</ele><time>2026-08-16T21:25:47Z</time></trkpt>
<trkpt lat="45.383874" lon="141.057463"><ele>3.8</ele><time>2026-08-16T21:25:58Z</time></trkpt>
<trkpt lat="45.383432" lon="141.057599"><ele>4.4</ele><time>2026-08-16T21:26:08Z</time></trkpt>
<trkpt lat="45.383031" lon="141.057665"><ele>3.4</ele><time>2026-08-16T21:26:17Z</time></trkpt>
<trkpt lat="45.382596" lon="141.057688"><ele>7.8</ele><time>2026-08-16T21:26:27Z</time></trkpt>
<trkpt lat="45.382329" lon="141.057683"><ele>3.6</ele><time>2026-08-16T21:26:33Z</time></trkpt>
<trkpt lat="45.381813" lon="141.057693"><ele>4.4</ele><time>2026-08-16T21:26:46Z</time></trkpt>
<trkpt lat="45.381684" lon="141.057685"><ele>5.2</ele><time>2026-08-16T21:26:49Z</time></trkpt>
<trkpt lat="45.381508" lon="141.057689"><ele>4.2</ele><time>2026-08-16T21:26:53Z</time></trkpt>
<trkpt lat="45.381334" lon="141.057718"><ele>3.0</ele><time>2026-08-16T21:26:57Z</time></trkpt>
<trkpt lat="45.381200" lon="141.057756"><ele>3.0</ele><time>2026-08-16T21:27:00Z</time></trkpt>
<trkpt lat="45.380912" lon="141.057930"><ele>4.2</ele><time>2026-08-16T21:27:07Z</time></trkpt>
<trkpt lat="45.380751" lon="141.058056"><ele>4.0</ele><time>2026-08-16T21:27:11Z</time></trkpt>
<trkpt lat="45.380546" lon="141.058205"><ele>4.0</ele><time>2026-08-16T21:27:16Z</time></trkpt>
<trkpt lat="45.380196" lon="141.058361"><ele>4.8</ele><time>2026-08-16T21:27:24Z</time></trkpt>
<trkpt lat="45.379690" lon="141.058470"><ele>5.2</ele><time>2026-08-16T21:27:35Z</time></trkpt>
<trkpt lat="45.379604" lon="141.058494"><ele>4.4</ele><time>2026-08-16T21:27:37Z</time></trkpt>
<trkpt lat="45.378897" lon="141.058653"><ele>3.2</ele><time>2026-08-16T21:27:53Z</time></trkpt>
<trkpt lat="45.378586" lon="141.058752"><ele>3.2</ele><time>2026-08-16T21:28:00Z</time></trkpt>
<trkpt lat="45.378230" lon="141.058852"><ele>3.4</ele><time>2026-08-16T21:28:08Z</time></trkpt>
<trkpt lat="45.377604" lon="141.058822"><ele>3.2</ele><time>2026-08-16T21:28:23Z</time></trkpt>
<trkpt lat="45.376421" lon="141.059068"><ele>4.2</ele><time>2026-08-16T21:28:50Z</time></trkpt>
<trkpt lat="45.376334" lon="141.059070"><ele>4.6</ele><time>2026-08-16T21:28:52Z</time></trkpt>
<trkpt lat="45.375966" lon="141.059187"><ele>3.8</ele><time>2026-08-16T21:29:00Z</time></trkpt>
<trkpt lat="45.375921" lon="141.059193"><ele>3.2</ele><time>2026-08-16T21:29:01Z</time></trkpt>
<trkpt lat="45.375644" lon="141.059263"><ele>3.0</ele><time>2026-08-16T21:29:08Z</time></trkpt>
<trkpt lat="45.375492" lon="141.059281"><ele>4.4</ele><time>2026-08-16T21:29:12Z</time></trkpt>
<trkpt lat="45.375056" lon="141.059265"><ele>4.0</ele><time>2026-08-16T21:29:23Z</time></trkpt>
<trkpt lat="45.374854" lon="141.059245"><ele>3.8</ele><time>2026-08-16T21:29:28Z</time></trkpt>
<trkpt lat="45.374704" lon="141.059246"><ele>5.4</ele><time>2026-08-16T21:29:32Z</time></trkpt>
<trkpt lat="45.373663" lon="141.059150"><ele>3.4</ele><time>2026-08-16T21:29:58Z</time></trkpt>
<trkpt lat="45.373325" lon="141.059109"><ele>3.4</ele><time>2026-08-16T21:30:07Z</time></trkpt>
<trkpt lat="45.372999" lon="141.059125"><ele>3.4</ele><time>2026-08-16T21:30:15Z</time></trkpt>
<trkpt lat="45.372841" lon="141.059179"><ele>2.4</ele><time>2026-08-16T21:30:19Z</time></trkpt>
<trkpt lat="45.372733" lon="141.059227"><ele>2.8</ele><time>2026-08-16T21:30:22Z</time></trkpt>
<trkpt lat="45.372477" lon="141.059366"><ele>5.0</ele><time>2026-08-16T21:30:29Z</time></trkpt>
<trkpt lat="45.372358" lon="141.059414"><ele>5.4</ele><time>2026-08-16T21:30:32Z</time></trkpt>
<trkpt lat="45.372233" lon="141.059426"><ele>4.6</ele><time>2026-08-16T21:30:35Z</time></trkpt>
<trkpt lat="45.372023" lon="141.059409"><ele>4.4</ele><time>2026-08-16T21:30:40Z</time></trkpt>
<trkpt lat="45.371860" lon="141.059377"><ele>4.4</ele><time>2026-08-16T21:30:44Z</time></trkpt>
<trkpt lat="45.371356" lon="141.059213"><ele>2.2</ele><time>2026-08-16T21:30:57Z</time></trkpt>
<trkpt lat="45.371231" lon="141.059190"><ele>1.8</ele><time>2026-08-16T21:31:00Z</time></trkpt>
<trkpt lat="45.371107" lon="141.059188"><ele>3.0</ele><time>2026-08-16T21:31:03Z</time></trkpt>
<trkpt lat="45.371029" lon="141.059206"><ele>4.2</ele><time>2026-08-16T21:31:05Z</time></trkpt>
<trkpt lat="45.370921" lon="141.059254"><ele>5.2</ele><time>2026-08-16T21:31:08Z</time></trkpt>
<trkpt lat="45.370416" lon="141.059573"><ele>5.2</ele><time>2026-08-16T21:31:22Z</time></trkpt>
<trkpt lat="45.370333" lon="141.059591"><ele>4.6</ele><time>2026-08-16T21:31:24Z</time></trkpt>
<trkpt lat="45.370212" lon="141.059607"><ele>4.4</ele><time>2026-08-16T21:31:27Z</time></trkpt>
<trkpt lat="45.369983" lon="141.059600"><ele>4.6</ele><time>2026-08-16T21:31:33Z</time></trkpt>
<trkpt lat="45.369721" lon="141.059545"><ele>6.4</ele><time>2026-08-16T21:31:40Z</time></trkpt>
<trkpt lat="45.369315" lon="141.059433"><ele>6.8</ele><time>2026-08-16T21:31:51Z</time></trkpt>
<trkpt lat="45.368939" lon="141.059390"><ele>5.6</ele><time>2026-08-16T21:31:59Z</time></trkpt>
<trkpt lat="45.368612" lon="141.059319"><ele>4.4</ele><time>2026-08-16T21:32:07Z</time></trkpt>
<trkpt lat="45.368416" lon="141.059402"><ele>4.0</ele><time>2026-08-16T21:32:11Z</time></trkpt>
<trkpt lat="45.368377" lon="141.059394"><ele>4.0</ele><time>2026-08-16T21:32:12Z</time></trkpt>
<trkpt lat="45.367888" lon="141.059189"><ele>3.2</ele><time>2026-08-16T21:32:24Z</time></trkpt>
<trkpt lat="45.367471" lon="141.058933"><ele>3.6</ele><time>2026-08-16T21:32:31Z</time></trkpt>
<trkpt lat="45.367326" lon="141.058878"><ele>3.0</ele><time>2026-08-16T21:32:34Z</time></trkpt>
<trkpt lat="45.367114" lon="141.058751"><ele>3.8</ele><time>2026-08-16T21:32:39Z</time></trkpt>
<trkpt lat="45.366781" lon="141.058493"><ele>4.0</ele><time>2026-08-16T21:32:47Z</time></trkpt>
<trkpt lat="45.366415" lon="141.058301"><ele>3.2</ele><time>2026-08-16T21:32:55Z</time></trkpt>
<trkpt lat="45.366365" lon="141.058294"><ele>3.0</ele><time>2026-08-16T21:32:56Z</time></trkpt>
<trkpt lat="45.366139" lon="141.058303"><ele>5.0</ele><time>2026-08-16T21:33:01Z</time></trkpt>
<trkpt lat="45.365807" lon="141.058345"><ele>6.6</ele><time>2026-08-16T21:33:09Z</time></trkpt>
<trkpt lat="45.365603" lon="141.058383"><ele>5.4</ele><time>2026-08-16T21:33:14Z</time></trkpt>
<trkpt lat="45.365397" lon="141.058406"><ele>6.6</ele><time>2026-08-16T21:33:19Z</time></trkpt>
<trkpt lat="45.365123" lon="141.058467"><ele>6.8</ele><time>2026-08-16T21:33:25Z</time></trkpt>
<trkpt lat="45.364933" lon="141.058568"><ele>6.6</ele><time>2026-08-16T21:33:29Z</time></trkpt>
<trkpt lat="45.364660" lon="141.058737"><ele>6.6</ele><time>2026-08-16T21:33:35Z</time></trkpt>
<trkpt lat="45.364354" lon="141.059013"><ele>6.6</ele><time>2026-08-16T21:33:43Z</time></trkpt>
<trkpt lat="45.363995" lon="141.059299"><ele>7.4</ele><time>2026-08-16T21:33:52Z</time></trkpt>
<trkpt lat="45.363894" lon="141.059372"><ele>7.8</ele><time>2026-08-16T21:33:54Z</time></trkpt>
<trkpt lat="45.362379" lon="141.059944"><ele>7.8</ele><time>2026-08-16T21:34:31Z</time></trkpt>
<trkpt lat="45.362344" lon="141.059914"><ele>7.8</ele><time>2026-08-16T21:34:32Z</time></trkpt>
<trkpt lat="45.362230" lon="141.059726"><ele>6.0</ele><time>2026-08-16T21:34:35Z</time></trkpt>
<trkpt lat="45.362215" lon="141.059209"><ele>6.2</ele><time>2026-08-16T21:34:36Z</time></trkpt>
<trkpt lat="45.362069" lon="141.059491"><ele>6.2</ele><time>2026-08-16T21:34:37Z</time></trkpt>
<trkpt lat="45.361803" lon="141.059555"><ele>7.4</ele><time>2026-08-16T21:34:42Z</time></trkpt>
<trkpt lat="45.361681" lon="141.059520"><ele>9.4</ele><time>2026-08-16T21:34:45Z</time></trkpt>
<trkpt lat="45.361643" lon="141.059521"><ele>9.0</ele><time>2026-08-16T21:34:46Z</time></trkpt>
<trkpt lat="45.361425" lon="141.059447"><ele>4.4</ele><time>2026-08-16T21:34:52Z</time></trkpt>
<trkpt lat="45.361125" lon="141.059374"><ele>5.8</ele><time>2026-08-16T21:34:59Z</time></trkpt>
<trkpt lat="45.360893" lon="141.059327"><ele>4.6</ele><time>2026-08-16T21:35:04Z</time></trkpt>
<trkpt lat="45.360796" lon="141.059323"><ele>4.2</ele><time>2026-08-16T21:35:06Z</time></trkpt>
<trkpt lat="45.360320" lon="141.059222"><ele>3.0</ele><time>2026-08-16T21:35:18Z</time></trkpt>
<trkpt lat="45.360072" lon="141.059161"><ele>3.6</ele><time>2026-08-16T21:35:25Z</time></trkpt>
<trkpt lat="45.359792" lon="141.059046"><ele>3.6</ele><time>2026-08-16T21:35:33Z</time></trkpt>
<trkpt lat="45.359525" lon="141.058888"><ele>5.8</ele><time>2026-08-16T21:35:41Z</time></trkpt>
<trkpt lat="45.359448" lon="141.058856"><ele>7.0</ele><time>2026-08-16T21:35:43Z</time></trkpt>
<trkpt lat="45.359304" lon="141.058776"><ele>4.0</ele><time>2026-08-16T21:35:47Z</time></trkpt>
<trkpt lat="45.359169" lon="141.058689"><ele>3.8</ele><time>2026-08-16T21:35:51Z</time></trkpt>
<trkpt lat="45.358936" lon="141.058525"><ele>4.0</ele><time>2026-08-16T21:35:58Z</time></trkpt>
<trkpt lat="45.358672" lon="141.058394"><ele>4.2</ele><time>2026-08-16T21:36:05Z</time></trkpt>
<trkpt lat="45.358490" lon="141.058315"><ele>4.4</ele><time>2026-08-16T21:36:10Z</time></trkpt>
<trkpt lat="45.357917" lon="141.058098"><ele>4.2</ele><time>2026-08-16T21:36:25Z</time></trkpt>
<trkpt lat="45.357663" lon="141.058047"><ele>4.0</ele><time>2026-08-16T21:36:31Z</time></trkpt>
<trkpt lat="45.357370" lon="141.058069"><ele>4.8</ele><time>2026-08-16T21:36:38Z</time></trkpt>
<trkpt lat="45.357286" lon="141.058092"><ele>5.0</ele><time>2026-08-16T21:36:40Z</time></trkpt>
<trkpt lat="45.357135" lon="141.058182"><ele>5.8</ele><time>2026-08-16T21:36:44Z</time></trkpt>
<trkpt lat="45.356992" lon="141.058297"><ele>4.0</ele><time>2026-08-16T21:36:48Z</time></trkpt>
<trkpt lat="45.356813" lon="141.058487"><ele>2.6</ele><time>2026-08-16T21:36:54Z</time></trkpt>
<trkpt lat="45.356672" lon="141.058615"><ele>3.2</ele><time>2026-08-16T21:36:59Z</time></trkpt>
<trkpt lat="45.356494" lon="141.058722"><ele>2.8</ele><time>2026-08-16T21:37:05Z</time></trkpt>
<trkpt lat="45.356294" lon="141.058780"><ele>4.2</ele><time>2026-08-16T21:37:11Z</time></trkpt>
<trkpt lat="45.356133" lon="141.058771"><ele>4.6</ele><time>2026-08-16T21:37:16Z</time></trkpt>
<trkpt lat="45.355908" lon="141.058734"><ele>4.6</ele><time>2026-08-16T21:37:23Z</time></trkpt>
<trkpt lat="45.355409" lon="141.058695"><ele>4.0</ele><time>2026-08-16T21:37:37Z</time></trkpt>
<trkpt lat="45.355067" lon="141.058642"><ele>4.6</ele><time>2026-08-16T21:37:46Z</time></trkpt>
<trkpt lat="45.354878" lon="141.058624"><ele>5.0</ele><time>2026-08-16T21:37:51Z</time></trkpt>
<trkpt lat="45.354729" lon="141.058625"><ele>5.0</ele><time>2026-08-16T21:37:54Z</time></trkpt>
<trkpt lat="45.354345" lon="141.058657"><ele>4.0</ele><time>2026-08-16T21:38:05Z</time></trkpt>
<trkpt lat="45.353703" lon="141.058735"><ele>5.4</ele><time>2026-08-16T21:38:21Z</time></trkpt>
<trkpt lat="45.352841" lon="141.058804"><ele>1.8</ele><time>2026-08-16T21:38:44Z</time></trkpt>
<trkpt lat="45.352232" lon="141.058873"><ele>4.2</ele><time>2026-08-16T21:39:01Z</time></trkpt>
<trkpt lat="45.351841" lon="141.058937"><ele>5.6</ele><time>2026-08-16T21:39:11Z</time></trkpt>
<trkpt lat="45.351726" lon="141.058947"><ele>6.6</ele><time>2026-08-16T21:39:14Z</time></trkpt>
<trkpt lat="45.351621" lon="141.058924"><ele>6.6</ele><time>2026-08-16T21:39:17Z</time></trkpt>
<trkpt lat="45.351546" lon="141.058899"><ele>6.0</ele><time>2026-08-16T21:39:19Z</time></trkpt>
<trkpt lat="45.351453" lon="141.058852"><ele>4.4</ele><time>2026-08-16T21:39:22Z</time></trkpt>
<trkpt lat="45.351234" lon="141.058670"><ele>4.8</ele><time>2026-08-16T21:39:31Z</time></trkpt>
<trkpt lat="45.350925" lon="141.058288"><ele>4.0</ele><time>2026-08-16T21:39:44Z</time></trkpt>
<trkpt lat="45.350685" lon="141.057972"><ele>4.8</ele><time>2026-08-16T21:39:54Z</time></trkpt>
<trkpt lat="45.350427" lon="141.057715"><ele>4.2</ele><time>2026-08-16T21:40:03Z</time></trkpt>
<trkpt lat="45.349985" lon="141.057389"><ele>4.2</ele><time>2026-08-16T21:40:17Z</time></trkpt>
<trkpt lat="45.349844" lon="141.057213"><ele>3.6</ele><time>2026-08-16T21:40:22Z</time></trkpt>
<trkpt lat="45.349569" lon="141.056996"><ele>4.0</ele><time>2026-08-16T21:40:31Z</time></trkpt>
<trkpt lat="45.349410" lon="141.056857"><ele>4.6</ele><time>2026-08-16T21:40:37Z</time></trkpt>
<trkpt lat="45.349123" lon="141.056587"><ele>5.0</ele><time>2026-08-16T21:40:45Z</time></trkpt>
<trkpt lat="45.348767" lon="141.056272"><ele>4.6</ele><time>2026-08-16T21:40:54Z</time></trkpt>
<trkpt lat="45.348436" lon="141.056111"><ele>5.2</ele><time>2026-08-16T21:41:01Z</time></trkpt>
<trkpt lat="45.348233" lon="141.056029"><ele>5.4</ele><time>2026-08-16T21:41:05Z</time></trkpt>
<trkpt lat="45.348066" lon="141.055977"><ele>6.0</ele><time>2026-08-16T21:41:08Z</time></trkpt>
<trkpt lat="45.347871" lon="141.055883"><ele>5.2</ele><time>2026-08-16T21:41:12Z</time></trkpt>
<trkpt lat="45.347746" lon="141.055811"><ele>5.4</ele><time>2026-08-16T21:41:15Z</time></trkpt>
<trkpt lat="45.347324" lon="141.055666"><ele>6.4</ele><time>2026-08-16T21:41:23Z</time></trkpt>
<trkpt lat="45.347114" lon="141.055673"><ele>6.2</ele><time>2026-08-16T21:41:27Z</time></trkpt>
<trkpt lat="45.346809" lon="141.055727"><ele>7.2</ele><time>2026-08-16T21:41:33Z</time></trkpt>
<trkpt lat="45.346735" lon="141.055778"><ele>7.4</ele><time>2026-08-16T21:41:34Z</time></trkpt>
<trkpt lat="45.346537" lon="141.055779"><ele>7.2</ele><time>2026-08-16T21:41:38Z</time></trkpt>
<trkpt lat="45.346336" lon="141.055746"><ele>7.6</ele><time>2026-08-16T21:41:42Z</time></trkpt>
<trkpt lat="45.346250" lon="141.055712"><ele>7.4</ele><time>2026-08-16T21:41:44Z</time></trkpt>
<trkpt lat="45.346100" lon="141.055632"><ele>6.2</ele><time>2026-08-16T21:41:49Z</time></trkpt>
<trkpt lat="45.345876" lon="141.055398"><ele>5.4</ele><time>2026-08-16T21:41:57Z</time></trkpt>
<trkpt lat="45.345560" lon="141.055241"><ele>5.0</ele><time>2026-08-16T21:42:06Z</time></trkpt>
<trkpt lat="45.345317" lon="141.055163"><ele>5.8</ele><time>2026-08-16T21:42:12Z</time></trkpt>
<trkpt lat="45.345227" lon="141.055105"><ele>6.8</ele><time>2026-08-16T21:42:15Z</time></trkpt>
<trkpt lat="45.345070" lon="141.054971"><ele>6.0</ele><time>2026-08-16T21:42:19Z</time></trkpt>
<trkpt lat="45.344864" lon="141.054887"><ele>4.2</ele><time>2026-08-16T21:42:23Z</time></trkpt>
<trkpt lat="45.344827" lon="141.054865"><ele>5.2</ele><time>2026-08-16T21:42:24Z</time></trkpt>
<trkpt lat="45.344696" lon="141.054844"><ele>6.0</ele><time>2026-08-16T21:42:27Z</time></trkpt>
<trkpt lat="45.344519" lon="141.054827"><ele>4.0</ele><time>2026-08-16T21:42:31Z</time></trkpt>
<trkpt lat="45.344433" lon="141.054813"><ele>2.8</ele><time>2026-08-16T21:42:33Z</time></trkpt>
<trkpt lat="45.344324" lon="141.054777"><ele>4.6</ele><time>2026-08-16T21:42:36Z</time></trkpt>
<trkpt lat="45.344136" lon="141.054743"><ele>4.8</ele><time>2026-08-16T21:42:41Z</time></trkpt>
<trkpt lat="45.343968" lon="141.054705"><ele>5.0</ele><time>2026-08-16T21:42:46Z</time></trkpt>
<trkpt lat="45.343588" lon="141.054645"><ele>4.2</ele><time>2026-08-16T21:42:56Z</time></trkpt>
<trkpt lat="45.343264" lon="141.054569"><ele>6.2</ele><time>2026-08-16T21:43:05Z</time></trkpt>
<trkpt lat="45.343098" lon="141.054478"><ele>6.2</ele><time>2026-08-16T21:43:10Z</time></trkpt>
<trkpt lat="45.343067" lon="141.054449"><ele>5.8</ele><time>2026-08-16T21:43:11Z</time></trkpt>
<trkpt lat="45.342900" lon="141.054229"><ele>6.6</ele><time>2026-08-16T21:43:18Z</time></trkpt>
<trkpt lat="45.342810" lon="141.053998"><ele>3.6</ele><time>2026-08-16T21:43:24Z</time></trkpt>
<trkpt lat="45.342800" lon="141.053956"><ele>1.8</ele><time>2026-08-16T21:43:25Z</time></trkpt>
<trkpt lat="45.342754" lon="141.053645"><ele>2.8</ele><time>2026-08-16T21:43:32Z</time></trkpt>
<trkpt lat="45.342704" lon="141.053281"><ele>2.8</ele><time>2026-08-16T21:43:40Z</time></trkpt>
<trkpt lat="45.342665" lon="141.053088"><ele>2.4</ele><time>2026-08-16T21:43:45Z</time></trkpt>
<trkpt lat="45.342645" lon="141.052844"><ele>4.0</ele><time>2026-08-16T21:43:49Z</time></trkpt>
<trkpt lat="45.342622" lon="141.052740"><ele>2.8</ele><time>2026-08-16T21:43:51Z</time></trkpt>
<trkpt lat="45.342535" lon="141.052405"><ele>2.2</ele><time>2026-08-16T21:43:58Z</time></trkpt>
<trkpt lat="45.342437" lon="141.052126"><ele>1.8</ele><time>2026-08-16T21:44:04Z</time></trkpt>
<trkpt lat="45.342351" lon="141.051900"><ele>4.4</ele><time>2026-08-16T21:44:09Z</time></trkpt>
<trkpt lat="45.342263" lon="141.051708"><ele>4.6</ele><time>2026-08-16T21:44:13Z</time></trkpt>
<trkpt lat="45.342130" lon="141.051340"><ele>3.8</ele><time>2026-08-16T21:44:21Z</time></trkpt>
<trkpt lat="45.342036" lon="141.051061"><ele>4.2</ele><time>2026-08-16T21:44:27Z</time></trkpt>
<trkpt lat="45.341929" lon="141.050770"><ele>3.4</ele><time>2026-08-16T21:44:32Z</time></trkpt>
<trkpt lat="45.341890" lon="141.050648"><ele>3.4</ele><time>2026-08-16T21:44:34Z</time></trkpt>
<trkpt lat="45.341765" lon="141.050316"><ele>2.8</ele><time>2026-08-16T21:44:40Z</time></trkpt>
<trkpt lat="45.341628" lon="141.050024"><ele>3.6</ele><time>2026-08-16T21:44:46Z</time></trkpt>
<trkpt lat="45.341578" lon="141.049928"><ele>4.2</ele><time>2026-08-16T21:44:48Z</time></trkpt>
<trkpt lat="45.341443" lon="141.049694"><ele>2.8</ele><time>2026-08-16T21:44:53Z</time></trkpt>
<trkpt lat="45.341332" lon="141.049520"><ele>2.4</ele><time>2026-08-16T21:44:57Z</time></trkpt>
<trkpt lat="45.341168" lon="141.049338"><ele>2.6</ele><time>2026-08-16T21:45:02Z</time></trkpt>
<trkpt lat="45.340932" lon="141.049119"><ele>3.4</ele><time>2026-08-16T21:45:09Z</time></trkpt>
<trkpt lat="45.340860" lon="141.049089"><ele>3.8</ele><time>2026-08-16T21:45:11Z</time></trkpt>
<trkpt lat="45.340581" lon="141.049049"><ele>3.2</ele><time>2026-08-16T21:45:18Z</time></trkpt>
<trkpt lat="45.340322" lon="141.048983"><ele>3.2</ele><time>2026-08-16T21:45:25Z</time></trkpt>
<trkpt lat="45.340041" lon="141.048945"><ele>3.6</ele><time>2026-08-16T21:45:32Z</time></trkpt>
<trkpt lat="45.339957" lon="141.048953"><ele>3.2</ele><time>2026-08-16T21:45:34Z</time></trkpt>
<trkpt lat="45.339677" lon="141.049009"><ele>5.2</ele><time>2026-08-16T21:45:41Z</time></trkpt>
<trkpt lat="45.339177" lon="141.049178"><ele>4.8</ele><time>2026-08-16T21:45:53Z</time></trkpt>
<trkpt lat="45.339065" lon="141.049222"><ele>3.4</ele><time>2026-08-16T21:45:56Z</time></trkpt>
<trkpt lat="45.338867" lon="141.049274"><ele>4.2</ele><time>2026-08-16T21:46:01Z</time></trkpt>
<trkpt lat="45.338493" lon="141.049261"><ele>4.4</ele><time>2026-08-16T21:46:11Z</time></trkpt>
<trkpt lat="45.338036" lon="141.049262"><ele>3.8</ele><time>2026-08-16T21:46:22Z</time></trkpt>
<trkpt lat="45.337904" lon="141.049255"><ele>3.8</ele><time>2026-08-16T21:46:25Z</time></trkpt>
<trkpt lat="45.337641" lon="141.049218"><ele>4.6</ele><time>2026-08-16T21:46:31Z</time></trkpt>
<trkpt lat="45.337383" lon="141.049231"><ele>4.6</ele><time>2026-08-16T21:46:37Z</time></trkpt>
<trkpt lat="45.337094" lon="141.049331"><ele>5.0</ele><time>2026-08-16T21:46:44Z</time></trkpt>
<trkpt lat="45.336844" lon="141.049527"><ele>4.8</ele><time>2026-08-16T21:46:50Z</time></trkpt>
<trkpt lat="45.336521" lon="141.049853"><ele>4.6</ele><time>2026-08-16T21:46:58Z</time></trkpt>
<trkpt lat="45.336431" lon="141.049993"><ele>3.8</ele><time>2026-08-16T21:47:01Z</time></trkpt>
<trkpt lat="45.336347" lon="141.050137"><ele>4.2</ele><time>2026-08-16T21:47:04Z</time></trkpt>
<trkpt lat="45.336208" lon="141.050468"><ele>5.6</ele><time>2026-08-16T21:47:10Z</time></trkpt>
<trkpt lat="45.336059" lon="141.050782"><ele>4.8</ele><time>2026-08-16T21:47:16Z</time></trkpt>
<trkpt lat="45.335857" lon="141.051030"><ele>5.0</ele><time>2026-08-16T21:47:22Z</time></trkpt>
<trkpt lat="45.335784" lon="141.051092"><ele>5.2</ele><time>2026-08-16T21:47:24Z</time></trkpt>
<trkpt lat="45.335707" lon="141.051147"><ele>5.2</ele><time>2026-08-16T21:47:26Z</time></trkpt>
<trkpt lat="45.335505" lon="141.051254"><ele>4.0</ele><time>2026-08-16T21:47:31Z</time></trkpt>
<trkpt lat="45.335338" lon="141.051298"><ele>4.6</ele><time>2026-08-16T21:47:35Z</time></trkpt>
<trkpt lat="45.335078" lon="141.051270"><ele>4.2</ele><time>2026-08-16T21:47:41Z</time></trkpt>
<trkpt lat="45.334914" lon="141.051212"><ele>5.0</ele><time>2026-08-16T21:47:45Z</time></trkpt>
<trkpt lat="45.334801" lon="141.051142"><ele>4.2</ele><time>2026-08-16T21:47:48Z</time></trkpt>
<trkpt lat="45.334476" lon="141.050869"><ele>4.4</ele><time>2026-08-16T21:47:57Z</time></trkpt>
<trkpt lat="45.334279" lon="141.050771"><ele>4.6</ele><time>2026-08-16T21:48:02Z</time></trkpt>
<trkpt lat="45.334196" lon="141.050744"><ele>4.2</ele><time>2026-08-16T21:48:04Z</time></trkpt>
<trkpt lat="45.334108" lon="141.050734"><ele>3.8</ele><time>2026-08-16T21:48:06Z</time></trkpt>
<trkpt lat="45.333934" lon="141.050769"><ele>3.4</ele><time>2026-08-16T21:48:10Z</time></trkpt>
<trkpt lat="45.333710" lon="141.050868"><ele>4.0</ele><time>2026-08-16T21:48:15Z</time></trkpt>
<trkpt lat="45.333666" lon="141.050891"><ele>4.2</ele><time>2026-08-16T21:48:16Z</time></trkpt>
<trkpt lat="45.333313" lon="141.051117"><ele>2.8</ele><time>2026-08-16T21:48:25Z</time></trkpt>
<trkpt lat="45.333084" lon="141.051211"><ele>3.8</ele><time>2026-08-16T21:48:31Z</time></trkpt>
<trkpt lat="45.332851" lon="141.051204"><ele>3.0</ele><time>2026-08-16T21:48:37Z</time></trkpt>
<trkpt lat="45.332563" lon="141.051107"><ele>3.2</ele><time>2026-08-16T21:48:44Z</time></trkpt>
<trkpt lat="45.332244" lon="141.051032"><ele>3.2</ele><time>2026-08-16T21:48:52Z</time></trkpt>
<trkpt lat="45.332164" lon="141.051040"><ele>3.4</ele><time>2026-08-16T21:48:54Z</time></trkpt>
<trkpt lat="45.332003" lon="141.051093"><ele>4.0</ele><time>2026-08-16T21:48:58Z</time></trkpt>
<trkpt lat="45.331636" lon="141.051263"><ele>3.6</ele><time>2026-08-16T21:49:07Z</time></trkpt>
<trkpt lat="45.331122" lon="141.051742"><ele>4.4</ele><time>2026-08-16T21:49:21Z</time></trkpt>
<trkpt lat="45.330805" lon="141.051983"><ele>4.4</ele><time>2026-08-16T21:49:29Z</time></trkpt>
<trkpt lat="45.330698" lon="141.052106"><ele>4.2</ele><time>2026-08-16T21:49:32Z</time></trkpt>
<trkpt lat="45.330597" lon="141.052249"><ele>4.0</ele><time>2026-08-16T21:49:35Z</time></trkpt>
<trkpt lat="45.330380" lon="141.052606"><ele>4.0</ele><time>2026-08-16T21:49:42Z</time></trkpt>
<trkpt lat="45.330211" lon="141.052820"><ele>3.8</ele><time>2026-08-16T21:49:47Z</time></trkpt>
<trkpt lat="45.330139" lon="141.052891"><ele>3.8</ele><time>2026-08-16T21:49:49Z</time></trkpt>
<trkpt lat="45.329892" lon="141.053027"><ele>3.8</ele><time>2026-08-16T21:49:55Z</time></trkpt>
<trkpt lat="45.329675" lon="141.053075"><ele>3.4</ele><time>2026-08-16T21:50:00Z</time></trkpt>
<trkpt lat="45.329339" lon="141.053053"><ele>3.6</ele><time>2026-08-16T21:50:08Z</time></trkpt>
<trkpt lat="45.328664" lon="141.053063"><ele>4.0</ele><time>2026-08-16T21:50:23Z</time></trkpt>
<trkpt lat="45.328391" lon="141.053089"><ele>3.4</ele><time>2026-08-16T21:50:29Z</time></trkpt>
<trkpt lat="45.328217" lon="141.053150"><ele>3.6</ele><time>2026-08-16T21:50:33Z</time></trkpt>
<trkpt lat="45.328084" lon="141.053206"><ele>3.6</ele><time>2026-08-16T21:50:36Z</time></trkpt>
<trkpt lat="45.327924" lon="141.053300"><ele>3.2</ele><time>2026-08-16T21:50:40Z</time></trkpt>
<trkpt lat="45.327763" lon="141.053414"><ele>5.0</ele><time>2026-08-16T21:50:44Z</time></trkpt>
<trkpt lat="45.327560" lon="141.053602"><ele>5.6</ele><time>2026-08-16T21:50:48Z</time></trkpt>
<trkpt lat="45.327268" lon="141.053845"><ele>5.4</ele><time>2026-08-16T21:50:56Z</time></trkpt>
<trkpt lat="45.327085" lon="141.053955"><ele>5.8</ele><time>2026-08-16T21:51:00Z</time></trkpt>
<trkpt lat="45.327037" lon="141.053975"><ele>6.0</ele><time>2026-08-16T21:51:01Z</time></trkpt>
<trkpt lat="45.326801" lon="141.054041"><ele>6.2</ele><time>2026-08-16T21:51:06Z</time></trkpt>
<trkpt lat="45.326398" lon="141.054042"><ele>5.8</ele><time>2026-08-16T21:51:15Z</time></trkpt>
<trkpt lat="45.325919" lon="141.053976"><ele>6.2</ele><time>2026-08-16T21:51:25Z</time></trkpt>
<trkpt lat="45.325724" lon="141.053955"><ele>4.4</ele><time>2026-08-16T21:51:29Z</time></trkpt>
<trkpt lat="45.325589" lon="141.053963"><ele>2.6</ele><time>2026-08-16T21:51:32Z</time></trkpt>
<trkpt lat="45.325545" lon="141.053959"><ele>3.6</ele><time>2026-08-16T21:51:33Z</time></trkpt>
<trkpt lat="45.325362" lon="141.054011"><ele>3.2</ele><time>2026-08-16T21:51:37Z</time></trkpt>
<trkpt lat="45.325131" lon="141.054104"><ele>4.6</ele><time>2026-08-16T21:51:43Z</time></trkpt>
<trkpt lat="45.324605" lon="141.054371"><ele>6.4</ele><time>2026-08-16T21:51:57Z</time></trkpt>
<trkpt lat="45.324420" lon="141.054486"><ele>5.0</ele><time>2026-08-16T21:52:02Z</time></trkpt>
<trkpt lat="45.324269" lon="141.054588"><ele>4.4</ele><time>2026-08-16T21:52:06Z</time></trkpt>
<trkpt lat="45.324072" lon="141.054733"><ele>4.0</ele><time>2026-08-16T21:52:11Z</time></trkpt>
<trkpt lat="45.323883" lon="141.054885"><ele>4.0</ele><time>2026-08-16T21:52:16Z</time></trkpt>
<trkpt lat="45.323531" lon="141.055139"><ele>4.0</ele><time>2026-08-16T21:52:25Z</time></trkpt>
<trkpt lat="45.323131" lon="141.055361"><ele>2.6</ele><time>2026-08-16T21:52:34Z</time></trkpt>
<trkpt lat="45.322998" lon="141.055419"><ele>3.0</ele><time>2026-08-16T21:52:37Z</time></trkpt>
<trkpt lat="45.322954" lon="141.055437"><ele>3.6</ele><time>2026-08-16T21:52:38Z</time></trkpt>
<trkpt lat="45.322534" lon="141.055560"><ele>2.8</ele><time>2026-08-16T21:52:47Z</time></trkpt>
<trkpt lat="45.322273" lon="141.055659"><ele>2.6</ele><time>2026-08-16T21:52:53Z</time></trkpt>
<trkpt lat="45.321757" lon="141.055837"><ele>3.4</ele><time>2026-08-16T21:53:05Z</time></trkpt>
<trkpt lat="45.321441" lon="141.055937"><ele>5.0</ele><time>2026-08-16T21:53:13Z</time></trkpt>
<trkpt lat="45.321272" lon="141.055981"><ele>5.6</ele><time>2026-08-16T21:53:17Z</time></trkpt>
<trkpt lat="45.321039" lon="141.056066"><ele>3.4</ele><time>2026-08-16T21:53:23Z</time></trkpt>
<trkpt lat="45.320805" lon="141.056086"><ele>4.2</ele><time>2026-08-16T21:53:29Z</time></trkpt>
<trkpt lat="45.320471" lon="141.056077"><ele>5.2</ele><time>2026-08-16T21:53:37Z</time></trkpt>
<trkpt lat="45.320126" lon="141.056139"><ele>4.0</ele><time>2026-08-16T21:53:45Z</time></trkpt>
<trkpt lat="45.320001" lon="141.056197"><ele>3.8</ele><time>2026-08-16T21:53:48Z</time></trkpt>
<trkpt lat="45.319877" lon="141.056268"><ele>5.0</ele><time>2026-08-16T21:53:51Z</time></trkpt>
<trkpt lat="45.319485" lon="141.056574"><ele>6.4</ele><time>2026-08-16T21:54:01Z</time></trkpt>
<trkpt lat="45.319266" lon="141.056709"><ele>6.2</ele><time>2026-08-16T21:54:07Z</time></trkpt>
<trkpt lat="45.319060" lon="141.056717"><ele>6.2</ele><time>2026-08-16T21:54:12Z</time></trkpt>
<trkpt lat="45.318813" lon="141.056631"><ele>5.4</ele><time>2026-08-16T21:54:18Z</time></trkpt>
<trkpt lat="45.318459" lon="141.056427"><ele>4.2</ele><time>2026-08-16T21:54:27Z</time></trkpt>
<trkpt lat="45.318379" lon="141.056375"><ele>5.2</ele><time>2026-08-16T21:54:29Z</time></trkpt>
<trkpt lat="45.318257" lon="141.056332"><ele>6.4</ele><time>2026-08-16T21:54:32Z</time></trkpt>
<trkpt lat="45.318080" lon="141.056299"><ele>5.2</ele><time>2026-08-16T21:54:36Z</time></trkpt>
<trkpt lat="45.317948" lon="141.056291"><ele>4.2</ele><time>2026-08-16T21:54:39Z</time></trkpt>
<trkpt lat="45.317420" lon="141.056294"><ele>3.6</ele><time>2026-08-16T21:54:52Z</time></trkpt>
<trkpt lat="45.317104" lon="141.056278"><ele>3.8</ele><time>2026-08-16T21:55:00Z</time></trkpt>
<trkpt lat="45.316981" lon="141.056263"><ele>4.2</ele><time>2026-08-16T21:55:03Z</time></trkpt>
<trkpt lat="45.316821" lon="141.056221"><ele>5.2</ele><time>2026-08-16T21:55:07Z</time></trkpt>
<trkpt lat="45.316674" lon="141.056143"><ele>4.2</ele><time>2026-08-16T21:55:11Z</time></trkpt>
<trkpt lat="45.316599" lon="141.056100"><ele>3.8</ele><time>2026-08-16T21:55:13Z</time></trkpt>
<trkpt lat="45.316492" lon="141.056010"><ele>3.6</ele><time>2026-08-16T21:55:16Z</time></trkpt>
<trkpt lat="45.316321" lon="141.055790"><ele>3.8</ele><time>2026-08-16T21:55:22Z</time></trkpt>
<trkpt lat="45.316170" lon="141.055628"><ele>3.0</ele><time>2026-08-16T21:55:27Z</time></trkpt>
<trkpt lat="45.315982" lon="141.055456"><ele>2.4</ele><time>2026-08-16T21:55:33Z</time></trkpt>
<trkpt lat="45.315841" lon="141.055303"><ele>3.2</ele><time>2026-08-16T21:55:39Z</time></trkpt>
<trkpt lat="45.315778" lon="141.055260"><ele>4.2</ele><time>2026-08-16T21:55:42Z</time></trkpt>
<trkpt lat="45.315738" lon="141.055253"><ele>5.8</ele><time>2026-08-16T21:55:51Z</time></trkpt>
<trkpt lat="45.315734" lon="141.055267"><ele>5.8</ele><time>2026-08-16T21:55:55Z</time></trkpt>
<trkpt lat="45.315721" lon="141.055266"><ele>5.8</ele><time>2026-08-16T21:56:00Z</time></trkpt>
<trkpt lat="45.315727" lon="141.055262"><ele>5.8</ele><time>2026-08-16T21:56:05Z</time></trkpt>
<trkpt lat="45.315735" lon="141.055238"><ele>5.8</ele><time>2026-08-16T21:56:12Z</time></trkpt>
<trkpt lat="45.315713" lon="141.055232"><ele>5.8</ele><time>2026-08-16T21:56:17Z</time></trkpt>
<trkpt lat="45.315740" lon="141.055285"><ele>5.6</ele><time>2026-08-16T21:56:22Z</time></trkpt>
<trkpt lat="45.315758" lon="141.055269"><ele>5.6</ele><time>2026-08-16T21:56:25Z</time></trkpt>
<trkpt lat="45.315749" lon="141.055259"><ele>6.0</ele><time>2026-08-16T21:56:40Z</time></trkpt>
<trkpt lat="45.315757" lon="141.055223"><ele>6.0</ele><time>2026-08-16T21:56:48Z</time></trkpt>
<trkpt lat="45.315757" lon="141.055185"><ele>6.0</ele><time>2026-08-16T21:56:58Z</time></trkpt>
<trkpt lat="45.315763" lon="141.055167"><ele>6.2</ele><time>2026-08-16T21:57:10Z</time></trkpt>
<trkpt lat="45.315774" lon="141.055183"><ele>6.4</ele><time>2026-08-16T21:57:17Z</time></trkpt>
<trkpt lat="45.315814" lon="141.055209"><ele>6.0</ele><time>2026-08-16T21:57:32Z</time></trkpt>
<trkpt lat="45.315807" lon="141.055212"><ele>6.0</ele><time>2026-08-16T21:57:36Z</time></trkpt>
<trkpt lat="45.315789" lon="141.055205"><ele>6.0</ele><time>2026-08-16T21:57:42Z</time></trkpt>
<trkpt lat="45.315790" lon="141.055220"><ele>6.0</ele><time>2026-08-16T21:57:48Z</time></trkpt>
<trkpt lat="45.315793" lon="141.055201"><ele>6.0</ele><time>2026-08-16T21:57:53Z</time></trkpt>
<trkpt lat="45.315819" lon="141.055168"><ele>5.8</ele><time>2026-08-16T21:58:07Z</time></trkpt>
<trkpt lat="45.315826" lon="141.055188"><ele>6.2</ele><time>2026-08-16T21:58:14Z</time></trkpt>
<trkpt lat="45.315825" lon="141.055198"><ele>6.2</ele><time>2026-08-16T21:58:15Z</time></trkpt>
<trkpt lat="45.315848" lon="141.055206"><ele>6.0</ele><time>2026-08-16T21:58:22Z</time></trkpt>
<trkpt lat="45.315839" lon="141.055170"><ele>6.2</ele><time>2026-08-16T21:58:32Z</time></trkpt>
<trkpt lat="45.315743" lon="141.055143"><ele>6.2</ele><time>2026-08-16T21:58:48Z</time></trkpt>
<trkpt lat="45.315761" lon="141.055119"><ele>6.2</ele><time>2026-08-16T21:58:56Z</time></trkpt>
<trkpt lat="45.315716" lon="141.055072"><ele>6.2</ele><time>2026-08-16T21:59:08Z</time></trkpt>
<trkpt lat="45.315741" lon="141.055092"><ele>6.4</ele><time>2026-08-16T21:59:15Z</time></trkpt>
<trkpt lat="45.315765" lon="141.055098"><ele>6.6</ele><time>2026-08-16T21:59:16Z</time></trkpt>
<trkpt lat="45.315827" lon="141.055099"><ele>6.4</ele><time>2026-08-16T21:59:20Z</time></trkpt>
<trkpt lat="45.315816" lon="141.055148"><ele>6.2</ele><time>2026-08-16T21:59:22Z</time></trkpt>
<trkpt lat="45.315775" lon="141.055164"><ele>6.2</ele><time>2026-08-16T21:59:24Z</time></trkpt>
<trkpt lat="45.315711" lon="141.055172"><ele>6.0</ele><time>2026-08-16T21:59:28Z</time></trkpt>
<trkpt lat="45.315674" lon="141.055183"><ele>6.2</ele><time>2026-08-16T21:59:33Z</time></trkpt>
<trkpt lat="45.315673" lon="141.055167"><ele>5.4</ele><time>2026-08-16T21:59:38Z</time></trkpt>
<trkpt lat="45.315660" lon="141.055152"><ele>6.0</ele><time>2026-08-16T21:59:44Z</time></trkpt>
<trkpt lat="45.315680" lon="141.055226"><ele>5.8</ele><time>2026-08-16T21:59:58Z</time></trkpt>
<trkpt lat="45.315682" lon="141.055216"><ele>5.8</ele><time>2026-08-16T22:00:04Z</time></trkpt>
<trkpt lat="45.315703" lon="141.055218"><ele>5.8</ele><time>2026-08-16T22:00:09Z</time></trkpt>
<trkpt lat="45.315724" lon="141.055208"><ele>5.6</ele><time>2026-08-16T22:00:12Z</time></trkpt>
<trkpt lat="45.315728" lon="141.055197"><ele>5.8</ele><time>2026-08-16T22:00:21Z</time></trkpt>
<trkpt lat="45.315731" lon="141.055244"><ele>5.8</ele><time>2026-08-16T22:00:27Z</time></trkpt>
<trkpt lat="45.315739" lon="141.055267"><ele>5.8</ele><time>2026-08-16T22:00:29Z</time></trkpt>
<trkpt lat="45.315733" lon="141.055457"><ele>5.4</ele><time>2026-08-16T22:00:45Z</time></trkpt>
<trkpt lat="45.315717" lon="141.055481"><ele>4.8</ele><time>2026-08-16T22:00:49Z</time></trkpt>
<trkpt lat="45.315721" lon="141.055495"><ele>4.6</ele><time>2026-08-16T22:00:56Z</time></trkpt>
<trkpt lat="45.315740" lon="141.055493"><ele>4.6</ele><time>2026-08-16T22:01:03Z</time></trkpt>
<trkpt lat="45.315736" lon="141.055487"><ele>5.0</ele><time>2026-08-16T22:01:11Z</time></trkpt>
<trkpt lat="45.315720" lon="141.055502"><ele>5.0</ele><time>2026-08-16T22:01:18Z</time></trkpt>
<trkpt lat="45.315729" lon="141.055503"><ele>5.0</ele><time>2026-08-16T22:01:27Z</time></trkpt>
<trkpt lat="45.315714" lon="141.055503"><ele>5.0</ele><time>2026-08-16T22:01:35Z</time></trkpt>
<trkpt lat="45.315710" lon="141.055489"><ele>5.0</ele><time>2026-08-16T22:01:38Z</time></trkpt>
<trkpt lat="45.315691" lon="141.055488"><ele>5.2</ele><time>2026-08-16T22:01:52Z</time></trkpt>
<trkpt lat="45.315700" lon="141.055449"><ele>4.8</ele><time>2026-08-16T22:02:14Z</time></trkpt>
<trkpt lat="45.315702" lon="141.055477"><ele>4.8</ele><time>2026-08-16T22:02:20Z</time></trkpt>
<trkpt lat="45.315726" lon="141.055493"><ele>4.8</ele><time>2026-08-16T22:02:52Z</time></trkpt>
<trkpt lat="45.315712" lon="141.055486"><ele>4.8</ele><time>2026-08-16T22:02:56Z</time></trkpt>
<trkpt lat="45.315720" lon="141.055493"><ele>4.8</ele><time>2026-08-16T22:03:05Z</time></trkpt>
<trkpt lat="45.315717" lon="141.055484"><ele>4.8</ele><time>2026-08-16T22:03:09Z</time></trkpt>
<trkpt lat="45.315723" lon="141.055488"><ele>4.8</ele><time>2026-08-16T22:03:17Z</time></trkpt>
<trkpt lat="45.315726" lon="141.055475"><ele>4.8</ele><time>2026-08-16T22:03:19Z</time></trkpt>
<trkpt lat="45.315714" lon="141.055460"><ele>4.8</ele><time>2026-08-16T22:03:39Z</time></trkpt>
<trkpt lat="45.315695" lon="141.055469"><ele>4.8</ele><time>2026-08-16T22:03:46Z</time></trkpt>
<trkpt lat="45.315709" lon="141.055477"><ele>4.8</ele><time>2026-08-16T22:04:09Z</time></trkpt>
<trkpt lat="45.315707" lon="141.055498"><ele>4.8</ele><time>2026-08-16T22:04:23Z</time></trkpt>
<trkpt lat="45.315716" lon="141.055477"><ele>4.8</ele><time>2026-08-16T22:05:17Z</time></trkpt>
<trkpt lat="45.315720" lon="141.055484"><ele>4.8</ele><time>2026-08-16T22:05:37Z</time></trkpt>
<trkpt lat="45.315723" lon="141.055510"><ele>4.8</ele><time>2026-08-16T22:05:44Z</time></trkpt>
<trkpt lat="45.315713" lon="141.055497"><ele>4.8</ele><time>2026-08-16T22:07:45Z</time></trkpt>
<trkpt lat="45.315719" lon="141.055484"><ele>4.8</ele><time>2026-08-16T22:08:00Z</time></trkpt>
<trkpt lat="45.315702" lon="141.055463"><ele>4.8</ele><time>2026-08-16T22:08:08Z</time></trkpt>
<trkpt lat="45.315701" lon="141.055468"><ele>4.8</ele><time>2026-08-16T22:08:13Z</time></trkpt>
<trkpt lat="45.315714" lon="141.055470"><ele>4.8</ele><time>2026-08-16T22:08:31Z</time></trkpt>
<trkpt lat="45.315702" lon="141.055515"><ele>4.8</ele><time>2026-08-16T22:08:48Z</time></trkpt>
<trkpt lat="45.315707" lon="141.055430"><ele>4.8</ele><time>2026-08-16T22:09:22Z</time></trkpt>
<trkpt lat="45.315737" lon="141.055343"><ele>5.4</ele><time>2026-08-16T22:09:28Z</time></trkpt>
<trkpt lat="45.315802" lon="141.055260"><ele>5.4</ele><time>2026-08-16T22:09:38Z</time></trkpt>
<trkpt lat="45.315807" lon="141.055223"><ele>5.4</ele><time>2026-08-16T22:09:40Z</time></trkpt>
<trkpt lat="45.315803" lon="141.055212"><ele>5.8</ele><time>2026-08-16T22:09:44Z</time></trkpt>
<trkpt lat="45.315779" lon="141.055192"><ele>6.0</ele><time>2026-08-16T22:09:48Z</time></trkpt>
<trkpt lat="45.315767" lon="141.055173"><ele>6.0</ele><time>2026-08-16T22:09:55Z</time></trkpt>
<trkpt lat="45.315770" lon="141.055203"><ele>5.8</ele><time>2026-08-16T22:10:07Z</time></trkpt>
<trkpt lat="45.315777" lon="141.055197"><ele>5.6</ele><time>2026-08-16T22:10:10Z</time></trkpt>
<trkpt lat="45.315771" lon="141.055205"><ele>5.6</ele><time>2026-08-16T22:10:12Z</time></trkpt>
<trkpt lat="45.315762" lon="141.055199"><ele>5.8</ele><time>2026-08-16T22:10:15Z</time></trkpt>
<trkpt lat="45.315769" lon="141.055194"><ele>5.8</ele><time>2026-08-16T22:10:18Z</time></trkpt>
<trkpt lat="45.315761" lon="141.055201"><ele>5.6</ele><time>2026-08-16T22:10:20Z</time></trkpt>
<trkpt lat="45.315761" lon="141.055192"><ele>5.6</ele><time>2026-08-16T22:10:22Z</time></trkpt>
<trkpt lat="45.315751" lon="141.055187"><ele>6.0</ele><time>2026-08-16T22:10:29Z</time></trkpt>
<trkpt lat="45.315756" lon="141.055219"><ele>5.6</ele><time>2026-08-16T22:10:43Z</time></trkpt>
<trkpt lat="45.315748" lon="141.055263"><ele>5.6</ele><time>2026-08-16T22:10:46Z</time></trkpt>
<trkpt lat="45.315732" lon="141.055282"><ele>5.6</ele><time>2026-08-16T22:10:47Z</time></trkpt>
<trkpt lat="45.315635" lon="141.055283"><ele>4.8</ele><time>2026-08-16T22:10:51Z</time></trkpt>
<trkpt lat="45.315560" lon="141.055262"><ele>4.2</ele><time>2026-08-16T22:10:54Z</time></trkpt>
<trkpt lat="45.315407" lon="141.055252"><ele>3.4</ele><time>2026-08-16T22:10:58Z</time></trkpt>
<trkpt lat="45.315320" lon="141.055259"><ele>3.0</ele><time>2026-08-16T22:11:02Z</time></trkpt>
<trkpt lat="45.315226" lon="141.055250"><ele>3.2</ele><time>2026-08-16T22:11:05Z</time></trkpt>
<trkpt lat="45.315126" lon="141.055221"><ele>3.4</ele><time>2026-08-16T22:11:08Z</time></trkpt>
<trkpt lat="45.314954" lon="141.055139"><ele>3.8</ele><time>2026-08-16T22:11:12Z</time></trkpt>
<trkpt lat="45.314639" lon="141.054963"><ele>2.8</ele><time>2026-08-16T22:11:22Z</time></trkpt>
<trkpt lat="45.314250" lon="141.054699"><ele>1.8</ele><time>2026-08-16T22:11:34Z</time></trkpt>
<trkpt lat="45.313940" lon="141.054479"><ele>3.4</ele><time>2026-08-16T22:11:44Z</time></trkpt>
<trkpt lat="45.313880" lon="141.054418"><ele>4.8</ele><time>2026-08-16T22:11:46Z</time></trkpt>
<trkpt lat="45.313780" lon="141.054345"><ele>3.6</ele><time>2026-08-16T22:11:49Z</time></trkpt>
<trkpt lat="45.313632" lon="141.054249"><ele>2.8</ele><time>2026-08-16T22:11:53Z</time></trkpt>
<trkpt lat="45.313405" lon="141.054064"><ele>3.0</ele><time>2026-08-16T22:11:59Z</time></trkpt>
<trkpt lat="45.313107" lon="141.053805"><ele>3.8</ele><time>2026-08-16T22:12:08Z</time></trkpt>
<trkpt lat="45.312697" lon="141.053494"><ele>2.6</ele><time>2026-08-16T22:12:20Z</time></trkpt>
<trkpt lat="45.312569" lon="141.053402"><ele>3.8</ele><time>2026-08-16T22:12:25Z</time></trkpt>
<trkpt lat="45.312431" lon="141.053313"><ele>3.6</ele><time>2026-08-16T22:12:29Z</time></trkpt>
<trkpt lat="45.312160" lon="141.053110"><ele>4.2</ele><time>2026-08-16T22:12:37Z</time></trkpt>
<trkpt lat="45.311887" lon="141.052928"><ele>4.0</ele><time>2026-08-16T22:12:45Z</time></trkpt>
<trkpt lat="45.311800" lon="141.052858"><ele>4.8</ele><time>2026-08-16T22:12:48Z</time></trkpt>
<trkpt lat="45.311720" lon="141.052767"><ele>6.2</ele><time>2026-08-16T22:12:50Z</time></trkpt>
<trkpt lat="45.311653" lon="141.052704"><ele>7.2</ele><time>2026-08-16T22:12:53Z</time></trkpt>
<trkpt lat="45.311260" lon="141.052290"><ele>4.6</ele><time>2026-08-16T22:13:06Z</time></trkpt>
<trkpt lat="45.311017" lon="141.052129"><ele>5.6</ele><time>2026-08-16T22:13:12Z</time></trkpt>
<trkpt lat="45.310762" lon="141.052036"><ele>4.4</ele><time>2026-08-16T22:13:20Z</time></trkpt>
<trkpt lat="45.310429" lon="141.051940"><ele>2.4</ele><time>2026-08-16T22:13:28Z</time></trkpt>
<trkpt lat="45.309980" lon="141.051840"><ele>3.8</ele><time>2026-08-16T22:13:41Z</time></trkpt>
<trkpt lat="45.309794" lon="141.051773"><ele>4.4</ele><time>2026-08-16T22:13:46Z</time></trkpt>
<trkpt lat="45.309185" lon="141.051592"><ele>3.8</ele><time>2026-08-16T22:14:03Z</time></trkpt>
<trkpt lat="45.309077" lon="141.051551"><ele>4.8</ele><time>2026-08-16T22:14:05Z</time></trkpt>
<trkpt lat="45.308463" lon="141.051362"><ele>4.0</ele><time>2026-08-16T22:14:23Z</time></trkpt>
<trkpt lat="45.307870" lon="141.051223"><ele>6.0</ele><time>2026-08-16T22:14:37Z</time></trkpt>
<trkpt lat="45.307564" lon="141.051174"><ele>5.8</ele><time>2026-08-16T22:14:44Z</time></trkpt>
<trkpt lat="45.307522" lon="141.051176"><ele>5.8</ele><time>2026-08-16T22:14:45Z</time></trkpt>
<trkpt lat="45.307237" lon="141.051143"><ele>5.6</ele><time>2026-08-16T22:14:52Z</time></trkpt>
<trkpt lat="45.307121" lon="141.051151"><ele>5.6</ele><time>2026-08-16T22:14:55Z</time></trkpt>
<trkpt lat="45.307059" lon="141.051215"><ele>5.8</ele><time>2026-08-16T22:14:57Z</time></trkpt>
<trkpt lat="45.306903" lon="141.051413"><ele>5.8</ele><time>2026-08-16T22:15:02Z</time></trkpt>
<trkpt lat="45.306865" lon="141.051426"><ele>5.6</ele><time>2026-08-16T22:15:03Z</time></trkpt>
<trkpt lat="45.306676" lon="141.051400"><ele>5.4</ele><time>2026-08-16T22:15:08Z</time></trkpt>
<trkpt lat="45.306326" lon="141.051318"><ele>5.8</ele><time>2026-08-16T22:15:17Z</time></trkpt>
<trkpt lat="45.306081" lon="141.051203"><ele>6.2</ele><time>2026-08-16T22:15:25Z</time></trkpt>
<trkpt lat="45.305834" lon="141.051034"><ele>6.2</ele><time>2026-08-16T22:15:32Z</time></trkpt>
<trkpt lat="45.305741" lon="141.050951"><ele>5.6</ele><time>2026-08-16T22:15:35Z</time></trkpt>
<trkpt lat="45.305683" lon="141.050892"><ele>5.8</ele><time>2026-08-16T22:15:37Z</time></trkpt>
<trkpt lat="45.305401" lon="141.050564"><ele>5.2</ele><time>2026-08-16T22:15:48Z</time></trkpt>
<trkpt lat="45.305203" lon="141.050364"><ele>3.2</ele><time>2026-08-16T22:15:57Z</time></trkpt>
<trkpt lat="45.304876" lon="141.050003"><ele>1.8</ele><time>2026-08-16T22:16:09Z</time></trkpt>
<trkpt lat="45.304702" lon="141.049799"><ele>1.2</ele><time>2026-08-16T22:16:14Z</time></trkpt>
<trkpt lat="45.304552" lon="141.049645"><ele>1.8</ele><time>2026-08-16T22:16:20Z</time></trkpt>
<trkpt lat="45.304464" lon="141.049543"><ele>3.0</ele><time>2026-08-16T22:16:23Z</time></trkpt>
<trkpt lat="45.304300" lon="141.049315"><ele>4.2</ele><time>2026-08-16T22:16:29Z</time></trkpt>
<trkpt lat="45.304126" lon="141.049054"><ele>1.8</ele><time>2026-08-16T22:16:35Z</time></trkpt>
<trkpt lat="45.304052" lon="141.048934"><ele>1.0</ele><time>2026-08-16T22:16:38Z</time></trkpt>
<trkpt lat="45.303890" lon="141.048721"><ele>1.4</ele><time>2026-08-16T22:16:44Z</time></trkpt>
<trkpt lat="45.303524" lon="141.048335"><ele>1.8</ele><time>2026-08-16T22:16:57Z</time></trkpt>
<trkpt lat="45.303294" lon="141.048170"><ele>3.0</ele><time>2026-08-16T22:17:05Z</time></trkpt>
<trkpt lat="45.303156" lon="141.048092"><ele>3.6</ele><time>2026-08-16T22:17:09Z</time></trkpt>
<trkpt lat="45.303132" lon="141.048069"><ele>3.8</ele><time>2026-08-16T22:17:10Z</time></trkpt>
<trkpt lat="45.302941" lon="141.047990"><ele>3.0</ele><time>2026-08-16T22:17:14Z</time></trkpt>
<trkpt lat="45.302555" lon="141.047770"><ele>1.8</ele><time>2026-08-16T22:17:27Z</time></trkpt>
<trkpt lat="45.302223" lon="141.047619"><ele>1.6</ele><time>2026-08-16T22:17:36Z</time></trkpt>
<trkpt lat="45.301766" lon="141.047490"><ele>0.8</ele><time>2026-08-16T22:17:47Z</time></trkpt>
<trkpt lat="45.301513" lon="141.047442"><ele>1.6</ele><time>2026-08-16T22:17:55Z</time></trkpt>
<trkpt lat="45.301204" lon="141.047469"><ele>0.8</ele><time>2026-08-16T22:18:03Z</time></trkpt>
<trkpt lat="45.301101" lon="141.047460"><ele>-0.2</ele><time>2026-08-16T22:18:06Z</time></trkpt>
<trkpt lat="45.300805" lon="141.047367"><ele>1.0</ele><time>2026-08-16T22:18:15Z</time></trkpt>
<trkpt lat="45.300748" lon="141.047344"><ele>1.4</ele><time>2026-08-16T22:18:17Z</time></trkpt>
<trkpt lat="45.300552" lon="141.047291"><ele>2.0</ele><time>2026-08-16T22:18:23Z</time></trkpt>
<trkpt lat="45.300246" lon="141.047189"><ele>-0.4</ele><time>2026-08-16T22:18:33Z</time></trkpt>
<trkpt lat="45.299958" lon="141.047078"><ele>3.8</ele><time>2026-08-16T22:18:41Z</time></trkpt>
<trkpt lat="45.299787" lon="141.047024"><ele>1.0</ele><time>2026-08-16T22:18:46Z</time></trkpt>
<trkpt lat="45.299554" lon="141.046926"><ele>1.2</ele><time>2026-08-16T22:18:53Z</time></trkpt>
<trkpt lat="45.299383" lon="141.046843"><ele>0.2</ele><time>2026-08-16T22:18:58Z</time></trkpt>
<trkpt lat="45.299117" lon="141.046752"><ele>1.2</ele><time>2026-08-16T22:19:05Z</time></trkpt>
<trkpt lat="45.299020" lon="141.046702"><ele>-1.0</ele><time>2026-08-16T22:19:08Z</time></trkpt>
<trkpt lat="45.298926" lon="141.046673"><ele>0.6</ele><time>2026-08-16T22:19:12Z</time></trkpt>
<trkpt lat="45.298866" lon="141.046645"><ele>1.8</ele><time>2026-08-16T22:19:14Z</time></trkpt>
<trkpt lat="45.298824" lon="141.046596"><ele>2.2</ele><time>2026-08-16T22:19:15Z</time></trkpt>
<trkpt lat="45.298798" lon="141.046533"><ele>2.0</ele><time>2026-08-16T22:19:18Z</time></trkpt>
<trkpt lat="45.298758" lon="141.046403"><ele>2.2</ele><time>2026-08-16T22:19:22Z</time></trkpt>
<trkpt lat="45.298718" lon="141.046336"><ele>2.4</ele><time>2026-08-16T22:19:25Z</time></trkpt>
<trkpt lat="45.298709" lon="141.046308"><ele>2.8</ele><time>2026-08-16T22:19:26Z</time></trkpt>
<trkpt lat="45.298665" lon="141.046099"><ele>2.0</ele><time>2026-08-16T22:19:32Z</time></trkpt>
<trkpt lat="45.298598" lon="141.045726"><ele>1.6</ele><time>2026-08-16T22:19:40Z</time></trkpt>
<trkpt lat="45.298527" lon="141.045396"><ele>1.8</ele><time>2026-08-16T22:19:48Z</time></trkpt>
<trkpt lat="45.298548" lon="141.045371"><ele>1.8</ele><time>2026-08-16T22:19:49Z</time></trkpt>
<trkpt lat="45.298585" lon="141.045349"><ele>2.0</ele><time>2026-08-16T22:19:51Z</time></trkpt>
<trkpt lat="45.298588" lon="141.045362"><ele>2.0</ele><time>2026-08-16T22:19:54Z</time></trkpt></trkseg></trk></gpx>